Using pre-set license
Built from '2021.2/staging' branch; Version is '2021.2.8f1 (d0e5f0a7b06a) revision 13690352'; Using compiler version '192829333'; Build Type 'Release'
OS: 'Windows 10  (10.0.19044) 64bit Core' Language: 'de' Physical Memory: 32711 MB
BatchMode: 1, IsHumanControllingUs: 0, StartBugReporterOnCrash: 0, Is64bit: 1, IsPro: 0

COMMAND LINE ARGUMENTS:
D:\Informatik\Unity\Editor\2021.2.8f1\Editor\Unity.exe
-adb2
-batchMode
-noUpm
-name
AssetImportWorker1
-projectPath
D:/Informatik/Unity Projekte/SpielStop/SpielstoppBuild
-logFile
Logs/AssetImportWorker1.log
-srvPort
54073
Successfully changed project path to: D:/Informatik/Unity Projekte/SpielStop/SpielstoppBuild
D:/Informatik/Unity Projekte/SpielStop/SpielstoppBuild
[UnityMemory] Configuration Parameters - Can be set up in boot.config
    "memorysetup-bucket-allocator-granularity=16"
    "memorysetup-bucket-allocator-bucket-count=8"
    "memorysetup-bucket-allocator-block-size=33554432"
    "memorysetup-bucket-allocator-block-count=8"
    "memorysetup-main-allocator-block-size=16777216"
    "memorysetup-thread-allocator-block-size=16777216"
    "memorysetup-gfx-main-allocator-block-size=16777216"
    "memorysetup-gfx-thread-allocator-block-size=16777216"
    "memorysetup-cache-allocator-block-size=4194304"
    "memorysetup-typetree-allocator-block-size=2097152"
    "memorysetup-profiler-bucket-allocator-granularity=16"
    "memorysetup-profiler-bucket-allocator-bucket-count=8"
    "memorysetup-profiler-bucket-allocator-block-size=33554432"
    "memorysetup-profiler-bucket-allocator-block-count=8"
    "memorysetup-profiler-allocator-block-size=16777216"
    "memorysetup-profiler-editor-allocator-block-size=1048576"
    "memorysetup-temp-allocator-size-main=16777216"
    "memorysetup-job-temp-allocator-block-size=2097152"
    "memorysetup-job-temp-allocator-block-size-background=1048576"
    "memorysetup-job-temp-allocator-reduction-small-platforms=262144"
    "memorysetup-temp-allocator-size-background-worker=32768"
    "memorysetup-temp-allocator-size-job-worker=262144"
    "memorysetup-temp-allocator-size-preload-manager=33554432"
    "memorysetup-temp-allocator-size-nav-mesh-worker=65536"
    "memorysetup-temp-allocator-size-audio-worker=65536"
    "memorysetup-temp-allocator-size-cloud-worker=32768"
    "memorysetup-temp-allocator-size-gi-baking-worker=262144"
    "memorysetup-temp-allocator-size-gfx=262144"
Refreshing native plugins compatible for Editor in 80.67 ms, found 3 plugins.
Preloading 0 native plugins for Editor in 0.00 ms.
Initialize engine version: 2021.2.8f1 (d0e5f0a7b06a)
[Subsystems] Discovering subsystems at path D:/Informatik/Unity/Editor/2021.2.8f1/Editor/Data/Resources/UnitySubsystems
[Subsystems] Discovering subsystems at path D:/Informatik/Unity Projekte/SpielStop/SpielstoppBuild/Assets
GfxDevice: creating device client; threaded=0; jobified=0
Direct3D:
    Version:  Direct3D 11.0 [level 11.1]
    Renderer: NVIDIA GeForce GTX 1060 6GB (ID=0x1c03)
    Vendor:   NVIDIA
    VRAM:     6052 MB
    Driver:   31.0.15.1640
Initialize mono
Mono path[0] = 'D:/Informatik/Unity/Editor/2021.2.8f1/Editor/Data/Managed'
Mono path[1] = 'D:/Informatik/Unity/Editor/2021.2.8f1/Editor/Data/MonoBleedingEdge/lib/mono/unityjit-win32'
Mono config path = 'D:/Informatik/Unity/Editor/2021.2.8f1/Editor/Data/MonoBleedingEdge/etc'
Using monoOptions --debugger-agent=transport=dt_socket,embedding=1,server=y,suspend=n,address=127.0.0.1:56800
Begin MonoManager ReloadAssembly
Registering precompiled unity dll's ...
Register platform support module: D:/Informatik/Unity/Editor/2021.2.8f1/Editor/Data/PlaybackEngines/WindowsStandaloneSupport/UnityEditor.WindowsStandalone.Extensions.dll
Registered in 0.002566 seconds.
Native extension for WindowsStandalone target not found
Refreshing native plugins compatible for Editor in 77.62 ms, found 3 plugins.
Preloading 0 native plugins for Editor in 0.00 ms.
Mono: successfully reloaded assembly
- Completed reload, in  0.479 seconds
Domain Reload Profiling:
	ReloadAssembly (480ms)
		BeginReloadAssembly (52ms)
			ExecutionOrderSort (0ms)
			DisableScriptedObjects (0ms)
			BackupInstance (0ms)
			ReleaseScriptingObjects (0ms)
			CreateAndSetChildDomain (1ms)
		EndReloadAssembly (372ms)
			LoadAssemblies (51ms)
			RebuildTransferFunctionScriptingTraits (0ms)
			SetupTypeCache (71ms)
			ReleaseScriptCaches (0ms)
			RebuildScriptCaches (20ms)
			SetupLoadedEditorAssemblies (241ms)
				LogAssemblyErrors (0ms)
				InitializePlatformSupportModulesInManaged (14ms)
				SetLoadedEditorAssemblies (0ms)
				RefreshPlugins (78ms)
				BeforeProcessingInitializeOnLoad (1ms)
				ProcessInitializeOnLoadAttributes (113ms)
				ProcessInitializeOnLoadMethodAttributes (35ms)
				AfterProcessingInitializeOnLoad (0ms)
				EditorAssembliesLoaded (0ms)
			ExecutionOrderSort2 (0ms)
			AwakeInstancesAfterBackupRestoration (0ms)
Platform modules already initialized, skipping
Registering precompiled user dll's ...
Registered in 0.003157 seconds.
Begin MonoManager ReloadAssembly
Symbol file LoadedFromMemory doesn't match image D:\Informatik\Unity Projekte\SpielStop\SpielstoppBuild\Library\PackageCache\com.unity.visualscripting@1.7.8\Editor\VisualScripting.Core\Dependencies\YamlDotNet\Unity.VisualScripting.YamlDotNet.dll
Symbol file LoadedFromMemory doesn't match image D:\Informatik\Unity Projekte\SpielStop\SpielstoppBuild\Library\PackageCache\com.unity.visualscripting@1.7.8\Editor\VisualScripting.Core\Dependencies\DotNetZip\Unity.VisualScripting.IonicZip.dll
Native extension for WindowsStandalone target not found
Refreshing native plugins compatible for Editor in 0.75 ms, found 3 plugins.
Preloading 0 native plugins for Editor in 0.00 ms.
Package Manager log level set to [2]
Mono: successfully reloaded assembly
- Completed reload, in  0.741 seconds
Domain Reload Profiling:
	ReloadAssembly (742ms)
		BeginReloadAssembly (84ms)
			ExecutionOrderSort (0ms)
			DisableScriptedObjects (5ms)
			BackupInstance (0ms)
			ReleaseScriptingObjects (0ms)
			CreateAndSetChildDomain (17ms)
		EndReloadAssembly (588ms)
			LoadAssemblies (57ms)
			RebuildTransferFunctionScriptingTraits (0ms)
			SetupTypeCache (180ms)
			ReleaseScriptCaches (0ms)
			RebuildScriptCaches (42ms)
			SetupLoadedEditorAssemblies (281ms)
				LogAssemblyErrors (0ms)
				InitializePlatformSupportModulesInManaged (9ms)
				SetLoadedEditorAssemblies (0ms)
				RefreshPlugins (1ms)
				BeforeProcessingInitializeOnLoad (64ms)
				ProcessInitializeOnLoadAttributes (186ms)
				ProcessInitializeOnLoadMethodAttributes (19ms)
				AfterProcessingInitializeOnLoad (2ms)
				EditorAssembliesLoaded (0ms)
			ExecutionOrderSort2 (0ms)
			AwakeInstancesAfterBackupRestoration (4ms)
Platform modules already initialized, skipping
========================================================================
Worker process is ready to serve import requests
Launched and connected shader compiler UnityShaderCompiler.exe after 0.05 seconds
Refreshing native plugins compatible for Editor in 1.55 ms, found 3 plugins.
Preloading 0 native plugins for Editor in 0.00 ms.
Unloading 3470 Unused Serialized files (Serialized files now loaded: 0)
Unloading 39 unused Assets / (1.3 MB). Loaded Objects now: 4046.
Memory consumption went from 149.4 MB to 148.0 MB.
Total: 6.153600 ms (FindLiveObjects: 0.551200 ms CreateObjectMapping: 0.272700 ms MarkObjects: 4.108500 ms  DeleteObjects: 1.218800 ms)

AssetImportParameters requested are different than current active one (requested -> active):
  custom:video-decoder-ogg-theora: a1e56fd34408186e4bbccfd4996cb3dc -> 
  custom:container-muxer-webm: aa71ff27fc2769a1b78a27578f13a17b -> 
  custom:container-demuxer-webm: 4f35f7cbe854078d1ac9338744f61a02 -> 
  custom:video-encoder-webm-vp8: eb34c28f22e8b96e1ab97ce403110664 -> 
  custom:audio-encoder-webm-vorbis: bf7c407c2cedff20999df2af8eb42d56 -> 
  custom:framework-win-MediaFoundation: 216162199b28c13a410421893ffa2e32 -> 
  custom:container-demuxer-ogg: 62fdf1f143b41e24485cea50d1cbac27 -> 
  custom:video-decoder-webm-vp8: 9c59270c3fd7afecdb556c50c9e8de78 -> 
  custom:audio-decoder-ogg-vorbis: bf7c407c2cedff20999df2af8eb42d56 -> 
========================================================================
Received Import Request.
  Time since last request: 51785.797832 seconds.
  path: Assets/New Terrain.asset
  artifactKey: Guid(7b29f53640b511148882ff8b62ba8370) Importer(815301076,1909f56bfc062723c751e8b465ee728b)
Start importing Assets/New Terrain.asset using Guid(7b29f53640b511148882ff8b62ba8370) Importer(815301076,1909f56bfc062723c751e8b465ee728b)  -> (artifact id: 'b3b1b80bc9bae95038a8c5cceaf60d7a') in 0.139218 seconds 
========================================================================
Received Import Request.
  Time since last request: 133.785417 seconds.
  path: Assets/Blockout/Prefabs/Abstract/Abstact_Floating_2x2x3.prefab
  artifactKey: Guid(5fe7062088052474391f4044156703c7) Importer(815301076,1909f56bfc062723c751e8b465ee728b)
Start importing Assets/Blockout/Prefabs/Abstract/Abstact_Floating_2x2x3.prefab using Guid(5fe7062088052474391f4044156703c7) Importer(815301076,1909f56bfc062723c751e8b465ee728b)  -> (artifact id: '9cd442ecae0ba60268eb1196b928332a') in 0.061333 seconds 
========================================================================
Received Import Request.
  Time since last request: 0.000025 seconds.
  path: Assets/Brick Project Studio/Apartment Kit/Prefabs/Furniture/Wine Cabinet/BarCabinet_Apt_01.prefab
  artifactKey: Guid(71546b2097e63004893a3528d003a956) Importer(815301076,1909f56bfc062723c751e8b465ee728b)
Start importing Assets/Brick Project Studio/Apartment Kit/Prefabs/Furniture/Wine Cabinet/BarCabinet_Apt_01.prefab using Guid(71546b2097e63004893a3528d003a956) Importer(815301076,1909f56bfc062723c751e8b465ee728b)  -> (artifact id: '4aae6275dbdcb3e848764dd9ca629035') in 0.086511 seconds 
========================================================================
Received Import Request.
  Time since last request: 0.000017 seconds.
  path: Assets/Brick Project Studio/Apartment Kit/Prefabs/Furniture/Wine Cabinet/BarCabinet_Apt_03.prefab
  artifactKey: Guid(f193bec3a0b87ca45a9dc2e7af25e968) Importer(815301076,1909f56bfc062723c751e8b465ee728b)
Start importing Assets/Brick Project Studio/Apartment Kit/Prefabs/Furniture/Wine Cabinet/BarCabinet_Apt_03.prefab using Guid(f193bec3a0b87ca45a9dc2e7af25e968) Importer(815301076,1909f56bfc062723c751e8b465ee728b)  -> (artifact id: '134eef21af61e09514352f0328cdc732') in 0.169691 seconds 
========================================================================
Received Import Request.
  Time since last request: 0.000018 seconds.
  path: Assets/Blockout/Prefabs/Blocks Basic/Blocks Corners/Block_Corner_T1_1x1x1.prefab
  artifactKey: Guid(92653001ab582cb429029f93a35508aa) Importer(815301076,1909f56bfc062723c751e8b465ee728b)
Start importing Assets/Blockout/Prefabs/Blocks Basic/Blocks Corners/Block_Corner_T1_1x1x1.prefab using Guid(92653001ab582cb429029f93a35508aa) Importer(815301076,1909f56bfc062723c751e8b465ee728b)  -> (artifact id: 'fae0b9ee5feb4b7f32bbc9243e784d0c') in 0.154930 seconds 
========================================================================
Received Import Request.
  Time since last request: 0.000013 seconds.
  path: Assets/Blockout/Prefabs/Blocks Basic/Block_05x2x05.prefab
  artifactKey: Guid(c3f1d4c559f90f247a330ee5a74b56b1) Importer(815301076,1909f56bfc062723c751e8b465ee728b)
Start importing Assets/Blockout/Prefabs/Blocks Basic/Block_05x2x05.prefab using Guid(c3f1d4c559f90f247a330ee5a74b56b1) Importer(815301076,1909f56bfc062723c751e8b465ee728b)  -> (artifact id: 'eeb76bec8d8f8eae15c86d508fe29877') in 0.011694 seconds 
========================================================================
Received Import Request.
  Time since last request: 0.000014 seconds.
  path: Assets/Blockout/Prefabs/Blocks Basic/Blocks Caps/Block_Cap_Ramp_T2_1x05x1.prefab
  artifactKey: Guid(b218e2f3e8e5b0a4cb3d79e14a726f3b) Importer(815301076,1909f56bfc062723c751e8b465ee728b)
Start importing Assets/Blockout/Prefabs/Blocks Basic/Blocks Caps/Block_Cap_Ramp_T2_1x05x1.prefab using Guid(b218e2f3e8e5b0a4cb3d79e14a726f3b) Importer(815301076,1909f56bfc062723c751e8b465ee728b)  -> (artifact id: '1ecf8efae54429c8628ab8a6646d8711') in 0.011205 seconds 
========================================================================
Received Import Request.
  Time since last request: 0.000019 seconds.
  path: Assets/Blockout/Prefabs/Blocks Basic/Block_05x4x4.prefab
  artifactKey: Guid(4459fac03eb66bb4eb306681709ee5a5) Importer(815301076,1909f56bfc062723c751e8b465ee728b)
Start importing Assets/Blockout/Prefabs/Blocks Basic/Block_05x4x4.prefab using Guid(4459fac03eb66bb4eb306681709ee5a5) Importer(815301076,1909f56bfc062723c751e8b465ee728b)  -> (artifact id: '2678f0c98cd7c6c0d35d009122a99cb9') in 0.013968 seconds 
========================================================================
Received Import Request.
  Time since last request: 0.000017 seconds.
  path: Assets/Blockout/Prefabs/Blocks Basic/Block_05x1x05.prefab
  artifactKey: Guid(378ab5436c0ec0a42b0998983d17f7c3) Importer(815301076,1909f56bfc062723c751e8b465ee728b)
Start importing Assets/Blockout/Prefabs/Blocks Basic/Block_05x1x05.prefab using Guid(378ab5436c0ec0a42b0998983d17f7c3) Importer(815301076,1909f56bfc062723c751e8b465ee728b)  -> (artifact id: 'ab3f8e2516987d172f37b785ab3a7cfa') in 0.014537 seconds 
========================================================================
Received Import Request.
  Time since last request: 0.000016 seconds.
  path: Assets/Blockout/Prefabs/Dynamic/Barrel.prefab
  artifactKey: Guid(87cc547f5333cac4a906d61b39fbb0b1) Importer(815301076,1909f56bfc062723c751e8b465ee728b)
Start importing Assets/Blockout/Prefabs/Dynamic/Barrel.prefab using Guid(87cc547f5333cac4a906d61b39fbb0b1) Importer(815301076,1909f56bfc062723c751e8b465ee728b)  -> (artifact id: 'b5aa292f451943e2e43302c6f8d5377a') in 0.023365 seconds 
========================================================================
Received Import Request.
  Time since last request: 0.000014 seconds.
  path: Assets/Brick Project Studio/Apartment Kit/Prefabs/Furniture/Bedroom/Bed_Apt_01.prefab
  artifactKey: Guid(bd82980ec0e466d48a84803eba02265f) Importer(815301076,1909f56bfc062723c751e8b465ee728b)
Start importing Assets/Brick Project Studio/Apartment Kit/Prefabs/Furniture/Bedroom/Bed_Apt_01.prefab using Guid(bd82980ec0e466d48a84803eba02265f) Importer(815301076,1909f56bfc062723c751e8b465ee728b)  -> (artifact id: '1e1caf3bffca5796909919b738c7556c') in 0.214927 seconds 
========================================================================
Received Import Request.
  Time since last request: 0.000019 seconds.
  path: Assets/Blockout/Prefabs/Abstract/Abstarct_Gate_1.prefab
  artifactKey: Guid(d5647e1bab64f8c448bc6fd3e3600cf3) Importer(815301076,1909f56bfc062723c751e8b465ee728b)
Start importing Assets/Blockout/Prefabs/Abstract/Abstarct_Gate_1.prefab using Guid(d5647e1bab64f8c448bc6fd3e3600cf3) Importer(815301076,1909f56bfc062723c751e8b465ee728b)  -> (artifact id: 'ff51bf7fb11d1bdcfacc955638099096') in 0.010024 seconds 
========================================================================
Received Import Request.
  Time since last request: 0.000019 seconds.
  path: Assets/Brick Project Studio/Apartment Kit/Prefabs/Furniture/Wine Cabinet/BarCabinet_Apt_02_Base.prefab
  artifactKey: Guid(929be27b7388507448e23941feba1828) Importer(815301076,1909f56bfc062723c751e8b465ee728b)
Start importing Assets/Brick Project Studio/Apartment Kit/Prefabs/Furniture/Wine Cabinet/BarCabinet_Apt_02_Base.prefab using Guid(929be27b7388507448e23941feba1828) Importer(815301076,1909f56bfc062723c751e8b465ee728b)  -> (artifact id: '68eaae6322010d4596afc22b445f2dfe') in 0.013368 seconds 
========================================================================
Received Import Request.
  Time since last request: 0.000015 seconds.
  path: Assets/Brick Project Studio/Apartment Kit/Prefabs/Furniture/Wine Cabinet/BarCabinet_Apt_02_CenterTower.prefab
  artifactKey: Guid(f0f8347ddc1d5ed4bb8d2379f9008300) Importer(815301076,1909f56bfc062723c751e8b465ee728b)
Start importing Assets/Brick Project Studio/Apartment Kit/Prefabs/Furniture/Wine Cabinet/BarCabinet_Apt_02_CenterTower.prefab using Guid(f0f8347ddc1d5ed4bb8d2379f9008300) Importer(815301076,1909f56bfc062723c751e8b465ee728b)  -> (artifact id: 'd683d1c9f413522b28519d6ceb962db5') in 0.013502 seconds 
========================================================================
Received Import Request.
  Time since last request: 0.000016 seconds.
  path: Assets/Blockout/Prefabs/Blocks Basic/Blocks Walls bent/Block_Bend_05x1x3.prefab
  artifactKey: Guid(7c732d7cc225f8349898a851dd85e89c) Importer(815301076,1909f56bfc062723c751e8b465ee728b)
Start importing Assets/Blockout/Prefabs/Blocks Basic/Blocks Walls bent/Block_Bend_05x1x3.prefab using Guid(7c732d7cc225f8349898a851dd85e89c) Importer(815301076,1909f56bfc062723c751e8b465ee728b)  -> (artifact id: 'bc91ee13116756c9e36e2724d4e1d2d8') in 0.010336 seconds 
========================================================================
Received Import Request.
  Time since last request: 0.000018 seconds.
  path: Assets/Blockout/Prefabs/Blocks Basic/Block_5x5x5.prefab
  artifactKey: Guid(ee04cb5e72bac934f95d247853199b6a) Importer(815301076,1909f56bfc062723c751e8b465ee728b)
Start importing Assets/Blockout/Prefabs/Blocks Basic/Block_5x5x5.prefab using Guid(ee04cb5e72bac934f95d247853199b6a) Importer(815301076,1909f56bfc062723c751e8b465ee728b)  -> (artifact id: '40343d3cfbf77fb5e45907fbdfb4a1a6') in 0.010115 seconds 
========================================================================
Received Import Request.
  Time since last request: 0.000017 seconds.
  path: Assets/Blockout/Resources/Blockout/Area_Models/Area_Comment.prefab
  artifactKey: Guid(245540f0fe790134cbba184dbffb8285) Importer(815301076,1909f56bfc062723c751e8b465ee728b)
Start importing Assets/Blockout/Resources/Blockout/Area_Models/Area_Comment.prefab using Guid(245540f0fe790134cbba184dbffb8285) Importer(815301076,1909f56bfc062723c751e8b465ee728b)  -> (artifact id: 'd2077b847efecd51c88a205039280e14') in 0.250051 seconds 
========================================================================
Received Import Request.
  Time since last request: 0.000025 seconds.
  path: Assets/Blockout/Prefabs/Blocks Basic/Blocks_Bent/Block_Bend_05x3x05.prefab
  artifactKey: Guid(03f99cf64b511e447b665120224473a3) Importer(815301076,1909f56bfc062723c751e8b465ee728b)
Start importing Assets/Blockout/Prefabs/Blocks Basic/Blocks_Bent/Block_Bend_05x3x05.prefab using Guid(03f99cf64b511e447b665120224473a3) Importer(815301076,1909f56bfc062723c751e8b465ee728b)  -> (artifact id: '122ea54a0ea09bb152916455f1d19716') in 0.009968 seconds 
========================================================================
Received Import Request.
  Time since last request: 0.000023 seconds.
  path: Assets/Blockout/Prefabs/Blocks Basic/Blocks Walls bent/Block_Bend_05x3x3.prefab
  artifactKey: Guid(09136a76eb3d2a240a4c97ebb0110ea2) Importer(815301076,1909f56bfc062723c751e8b465ee728b)
Start importing Assets/Blockout/Prefabs/Blocks Basic/Blocks Walls bent/Block_Bend_05x3x3.prefab using Guid(09136a76eb3d2a240a4c97ebb0110ea2) Importer(815301076,1909f56bfc062723c751e8b465ee728b)  -> (artifact id: '0d3c3edd53edb437746875a7736f9ab3') in 0.012059 seconds 
========================================================================
Received Import Request.
  Time since last request: 0.000013 seconds.
  path: Assets/Blockout/Prefabs/Blocks Basic/Block_1x1x1.prefab
  artifactKey: Guid(3315ee48ccc2bce4fa73c4b39288def4) Importer(815301076,1909f56bfc062723c751e8b465ee728b)
Start importing Assets/Blockout/Prefabs/Blocks Basic/Block_1x1x1.prefab using Guid(3315ee48ccc2bce4fa73c4b39288def4) Importer(815301076,1909f56bfc062723c751e8b465ee728b)  -> (artifact id: '4c55b9f83e5a0ce6068ca8bc652a3956') in 0.012005 seconds 
========================================================================
Received Import Request.
  Time since last request: 0.000020 seconds.
  path: Assets/Blockout/Prefabs/Blocks Basic/Blocks Corners/Block_Corner_T1_1x3x1.prefab
  artifactKey: Guid(ac82b226a4b889b40b1496b1cd8d04d3) Importer(815301076,1909f56bfc062723c751e8b465ee728b)
Start importing Assets/Blockout/Prefabs/Blocks Basic/Blocks Corners/Block_Corner_T1_1x3x1.prefab using Guid(ac82b226a4b889b40b1496b1cd8d04d3) Importer(815301076,1909f56bfc062723c751e8b465ee728b)  -> (artifact id: '9c22a940ad555ded4ff54ba31bde8b16') in 0.014144 seconds 
========================================================================
Received Import Request.
  Time since last request: 0.000014 seconds.
  path: Assets/Blockout/Prefabs/Blocks Basic/Blocks_Bent/Block_Bend_Alt1_1x2x1.prefab
  artifactKey: Guid(fb9f6165c1ddb384dae026975b7d4681) Importer(815301076,1909f56bfc062723c751e8b465ee728b)
Start importing Assets/Blockout/Prefabs/Blocks Basic/Blocks_Bent/Block_Bend_Alt1_1x2x1.prefab using Guid(fb9f6165c1ddb384dae026975b7d4681) Importer(815301076,1909f56bfc062723c751e8b465ee728b)  -> (artifact id: '0befc3760233b5bf1b65db199644fddc') in 0.012318 seconds 
========================================================================
Received Import Request.
  Time since last request: 0.000015 seconds.
  path: Assets/Blockout/Prefabs/Blocks Basic/Blocks Caps/Block_Corner_Cap_T3_1x1x1.prefab
  artifactKey: Guid(0f46885d266e27c44808b4470afd1d89) Importer(815301076,1909f56bfc062723c751e8b465ee728b)
Start importing Assets/Blockout/Prefabs/Blocks Basic/Blocks Caps/Block_Corner_Cap_T3_1x1x1.prefab using Guid(0f46885d266e27c44808b4470afd1d89) Importer(815301076,1909f56bfc062723c751e8b465ee728b)  -> (artifact id: '893f2f64ff002f0ee86e1537474f1248') in 0.013821 seconds 
========================================================================
Received Import Request.
  Time since last request: 0.000014 seconds.
  path: Assets/Blockout/Prefabs/Blocks Basic/Block_05x2x2.prefab
  artifactKey: Guid(4196b31492f639c4e8d0e2ceda067240) Importer(815301076,1909f56bfc062723c751e8b465ee728b)
Start importing Assets/Blockout/Prefabs/Blocks Basic/Block_05x2x2.prefab using Guid(4196b31492f639c4e8d0e2ceda067240) Importer(815301076,1909f56bfc062723c751e8b465ee728b)  -> (artifact id: 'e79b9a9cb0173470d6afc0b9d32ca2b6') in 0.010000 seconds 
========================================================================
Received Import Request.
  Time since last request: 0.000022 seconds.
  path: Assets/Blockout/Prefabs/Dynamic/Barrel_Old.prefab
  artifactKey: Guid(2959c6b2cd9c94f418883ecdde9f44cc) Importer(815301076,1909f56bfc062723c751e8b465ee728b)
Start importing Assets/Blockout/Prefabs/Dynamic/Barrel_Old.prefab using Guid(2959c6b2cd9c94f418883ecdde9f44cc) Importer(815301076,1909f56bfc062723c751e8b465ee728b)  -> (artifact id: '213cf3736e32b3bae422f31b69dcae20') in 0.009948 seconds 
========================================================================
Received Import Request.
  Time since last request: 0.000017 seconds.
  path: Assets/Brick Project Studio/Apartment Kit/Prefabs/Furniture/Wine Cabinet/BarCabinet_Apt_04.prefab
  artifactKey: Guid(aa765da573f752d409b64961b914353f) Importer(815301076,1909f56bfc062723c751e8b465ee728b)
Start importing Assets/Brick Project Studio/Apartment Kit/Prefabs/Furniture/Wine Cabinet/BarCabinet_Apt_04.prefab using Guid(aa765da573f752d409b64961b914353f) Importer(815301076,1909f56bfc062723c751e8b465ee728b)  -> (artifact id: '0463be3d46fa424ed297e1b54e71cb6a') in 0.049686 seconds 
========================================================================
Received Import Request.
  Time since last request: 0.000017 seconds.
  path: Assets/Blockout/Prefabs/Blocks Basic/Block_1x5x3.prefab
  artifactKey: Guid(15ceadab9f2869a4889ac734782631b1) Importer(815301076,1909f56bfc062723c751e8b465ee728b)
Start importing Assets/Blockout/Prefabs/Blocks Basic/Block_1x5x3.prefab using Guid(15ceadab9f2869a4889ac734782631b1) Importer(815301076,1909f56bfc062723c751e8b465ee728b)  -> (artifact id: 'bdef75051378d93b7e0bf6176559594c') in 0.010839 seconds 
========================================================================
Received Import Request.
  Time since last request: 0.000013 seconds.
  path: Assets/Blockout/Prefabs/Blocks Basic/Blocks Corners/Block_Corner_T1_1x2x1.prefab
  artifactKey: Guid(2daa4f4f858f7cd4db2d35d70cddbbda) Importer(815301076,1909f56bfc062723c751e8b465ee728b)
Start importing Assets/Blockout/Prefabs/Blocks Basic/Blocks Corners/Block_Corner_T1_1x2x1.prefab using Guid(2daa4f4f858f7cd4db2d35d70cddbbda) Importer(815301076,1909f56bfc062723c751e8b465ee728b)  -> (artifact id: 'a6d3216c5deecd9d803ec0214be06c3f') in 0.011618 seconds 
========================================================================
Received Import Request.
  Time since last request: 0.000020 seconds.
  path: Assets/Brick Project Studio/Apartment Kit/Prefabs/Furniture/Bedroom/Bed_Apt_02.prefab
  artifactKey: Guid(79723f7a04c42fa4cb0fefb4f7686381) Importer(815301076,1909f56bfc062723c751e8b465ee728b)
Start importing Assets/Brick Project Studio/Apartment Kit/Prefabs/Furniture/Bedroom/Bed_Apt_02.prefab using Guid(79723f7a04c42fa4cb0fefb4f7686381) Importer(815301076,1909f56bfc062723c751e8b465ee728b)  -> (artifact id: 'ec1149534eda7e98f927be25851ccd29') in 0.057127 seconds 
========================================================================
Received Import Request.
  Time since last request: 0.000018 seconds.
  path: Assets/Blockout/Prefabs/Dynamic/Aircon_1.prefab
  artifactKey: Guid(74d3a8cd1112f234593744d577d2ca7a) Importer(815301076,1909f56bfc062723c751e8b465ee728b)
Start importing Assets/Blockout/Prefabs/Dynamic/Aircon_1.prefab using Guid(74d3a8cd1112f234593744d577d2ca7a) Importer(815301076,1909f56bfc062723c751e8b465ee728b)  -> (artifact id: '5fdecbd5086aca848b7755cd2bfb2d8b') in 0.010235 seconds 
========================================================================
Received Import Request.
  Time since last request: 0.000014 seconds.
  path: Assets/Blockout/Prefabs/Blocks Basic/Block_1x3x1.prefab
  artifactKey: Guid(8b81ec77b8e14da40b652e1c4f6fa5da) Importer(815301076,1909f56bfc062723c751e8b465ee728b)
Start importing Assets/Blockout/Prefabs/Blocks Basic/Block_1x3x1.prefab using Guid(8b81ec77b8e14da40b652e1c4f6fa5da) Importer(815301076,1909f56bfc062723c751e8b465ee728b)  -> (artifact id: '9d0efdce676b66aa193358e1fb58352b') in 0.010269 seconds 
========================================================================
Received Import Request.
  Time since last request: 0.000015 seconds.
  path: Assets/Blockout/Prefabs/Blocks Basic/Block_05x025x2.prefab
  artifactKey: Guid(6283bac7266270e4da8cd37e0a9f2132) Importer(815301076,1909f56bfc062723c751e8b465ee728b)
Start importing Assets/Blockout/Prefabs/Blocks Basic/Block_05x025x2.prefab using Guid(6283bac7266270e4da8cd37e0a9f2132) Importer(815301076,1909f56bfc062723c751e8b465ee728b)  -> (artifact id: '2973e2db3db33ee0d9ec9663b4775a7a') in 0.011343 seconds 
========================================================================
Received Import Request.
  Time since last request: 0.000015 seconds.
  path: Assets/Brick Project Studio/Apartment Kit/Prefabs/Furniture/Wine Cabinet/BarCabinet_Apt_02_Filled.prefab
  artifactKey: Guid(d17c15e72c29a9f49879ff3b971bd44c) Importer(815301076,1909f56bfc062723c751e8b465ee728b)
Start importing Assets/Brick Project Studio/Apartment Kit/Prefabs/Furniture/Wine Cabinet/BarCabinet_Apt_02_Filled.prefab using Guid(d17c15e72c29a9f49879ff3b971bd44c) Importer(815301076,1909f56bfc062723c751e8b465ee728b)  -> (artifact id: '68261871755ee4ea90c06acf880ed35a') in 0.340948 seconds 
========================================================================
Received Import Request.
  Time since last request: 0.000018 seconds.
  path: Assets/Blockout/Prefabs/Dynamic/Barricade_Broke_2.prefab
  artifactKey: Guid(309b16dc7a0c492429187704258ca5ab) Importer(815301076,1909f56bfc062723c751e8b465ee728b)
Start importing Assets/Blockout/Prefabs/Dynamic/Barricade_Broke_2.prefab using Guid(309b16dc7a0c492429187704258ca5ab) Importer(815301076,1909f56bfc062723c751e8b465ee728b)  -> (artifact id: '9bd32a8293cc47d4c408b9f37397d82c') in 0.012236 seconds 
========================================================================
Received Import Request.
  Time since last request: 0.000019 seconds.
  path: Assets/Brick Project Studio/Apartment Kit/Prefabs/Furniture/Wine Cabinet/BarCabinet_Apt_02_Center.prefab
  artifactKey: Guid(8915be8858dae144eb1415e1fada3eda) Importer(815301076,1909f56bfc062723c751e8b465ee728b)
Start importing Assets/Brick Project Studio/Apartment Kit/Prefabs/Furniture/Wine Cabinet/BarCabinet_Apt_02_Center.prefab using Guid(8915be8858dae144eb1415e1fada3eda) Importer(815301076,1909f56bfc062723c751e8b465ee728b)  -> (artifact id: 'c7a56124f0657d9101b90cc8285a40ee') in 0.014948 seconds 
========================================================================
Received Import Request.
  Time since last request: 0.000019 seconds.
  path: Assets/Blockout/Prefabs/Blocks Basic/Block_1x5x5.prefab
  artifactKey: Guid(679680ac1c1c31b498897318bbf13363) Importer(815301076,1909f56bfc062723c751e8b465ee728b)
Start importing Assets/Blockout/Prefabs/Blocks Basic/Block_1x5x5.prefab using Guid(679680ac1c1c31b498897318bbf13363) Importer(815301076,1909f56bfc062723c751e8b465ee728b)  -> (artifact id: 'e96fd6c14082197d45fedf443b40c940') in 0.010602 seconds 
========================================================================
Received Import Request.
  Time since last request: 0.000013 seconds.
  path: Assets/Blockout/Prefabs/Blocks Basic/Blocks_Bent/Block_Bend_1x3x1.prefab
  artifactKey: Guid(060bddec0141d7c479b485bf5462c7ee) Importer(815301076,1909f56bfc062723c751e8b465ee728b)
Start importing Assets/Blockout/Prefabs/Blocks Basic/Blocks_Bent/Block_Bend_1x3x1.prefab using Guid(060bddec0141d7c479b485bf5462c7ee) Importer(815301076,1909f56bfc062723c751e8b465ee728b)  -> (artifact id: 'd8deff7b3aed2546d856221403fdd03f') in 0.010423 seconds 
========================================================================
Received Import Request.
  Time since last request: 0.000015 seconds.
  path: Assets/Blockout/Prefabs/Blocks Basic/Block_05x5x05.prefab
  artifactKey: Guid(9e4016262da7a5e40bec73e96204e042) Importer(815301076,1909f56bfc062723c751e8b465ee728b)
Start importing Assets/Blockout/Prefabs/Blocks Basic/Block_05x5x05.prefab using Guid(9e4016262da7a5e40bec73e96204e042) Importer(815301076,1909f56bfc062723c751e8b465ee728b)  -> (artifact id: '2c592e5b9e43a0f0a749d65939449d21') in 0.011404 seconds 
========================================================================
Received Import Request.
  Time since last request: 0.000014 seconds.
  path: Assets/Blockout/Prefabs/Blocks Basic/Block_05x5x5.prefab
  artifactKey: Guid(a7456ad12cb37da4992466f43e76d657) Importer(815301076,1909f56bfc062723c751e8b465ee728b)
Start importing Assets/Blockout/Prefabs/Blocks Basic/Block_05x5x5.prefab using Guid(a7456ad12cb37da4992466f43e76d657) Importer(815301076,1909f56bfc062723c751e8b465ee728b)  -> (artifact id: '9f5d0034412c42f89a16048a4941f29e') in 0.012558 seconds 
========================================================================
Received Import Request.
  Time since last request: 0.000019 seconds.
  path: Assets/Blockout/Prefabs/Blocks Basic/Blocks Corners/Block_Corner_T1_05x2x05.prefab
  artifactKey: Guid(55b1a115b9f44514ab6c49ddf28d9d1c) Importer(815301076,1909f56bfc062723c751e8b465ee728b)
Start importing Assets/Blockout/Prefabs/Blocks Basic/Blocks Corners/Block_Corner_T1_05x2x05.prefab using Guid(55b1a115b9f44514ab6c49ddf28d9d1c) Importer(815301076,1909f56bfc062723c751e8b465ee728b)  -> (artifact id: '3cec286f8ed5ef6d51cd2162bea0cbc5') in 0.010799 seconds 
========================================================================
Received Import Request.
  Time since last request: 0.000018 seconds.
  path: Assets/Blockout/Prefabs/Blocks Basic/Block_2x2x2.prefab
  artifactKey: Guid(5b832f6a8d2b46243a12751c3340b948) Importer(815301076,1909f56bfc062723c751e8b465ee728b)
Start importing Assets/Blockout/Prefabs/Blocks Basic/Block_2x2x2.prefab using Guid(5b832f6a8d2b46243a12751c3340b948) Importer(815301076,1909f56bfc062723c751e8b465ee728b)  -> (artifact id: '2ad4d2da9cdc180d88d85a4c8fd9c9f6') in 0.011306 seconds 
========================================================================
Received Import Request.
  Time since last request: 0.000013 seconds.
  path: Assets/Blockout/Prefabs/Blocks Basic/Blocks Walls bent/Block_Bend_05x3x4.prefab
  artifactKey: Guid(dba7b5363c6f25e47b37969c66812478) Importer(815301076,1909f56bfc062723c751e8b465ee728b)
Start importing Assets/Blockout/Prefabs/Blocks Basic/Blocks Walls bent/Block_Bend_05x3x4.prefab using Guid(dba7b5363c6f25e47b37969c66812478) Importer(815301076,1909f56bfc062723c751e8b465ee728b)  -> (artifact id: 'e931ec9617468644ae733c3d2bcc5c5e') in 0.010531 seconds 
========================================================================
Received Import Request.
  Time since last request: 0.000016 seconds.
  path: Assets/Blockout/Prefabs/Blocks Basic/Blocks Caps/Block_Corner_Cap_T1_1x05x1.prefab
  artifactKey: Guid(a0d6e2b4a1ebe4145bf2185c9253c59c) Importer(815301076,1909f56bfc062723c751e8b465ee728b)
Start importing Assets/Blockout/Prefabs/Blocks Basic/Blocks Caps/Block_Corner_Cap_T1_1x05x1.prefab using Guid(a0d6e2b4a1ebe4145bf2185c9253c59c) Importer(815301076,1909f56bfc062723c751e8b465ee728b)  -> (artifact id: '7fa995e428023d2f95379d43f9087ee0') in 0.011255 seconds 
========================================================================
Received Import Request.
  Time since last request: 0.000015 seconds.
  path: Assets/Blockout/Prefabs/Blocks Basic/Blocks Caps/Block_Corner_T1_1x1x004.prefab
  artifactKey: Guid(f6e0742a86fbfff46a2a9804feb9b0a2) Importer(815301076,1909f56bfc062723c751e8b465ee728b)
Start importing Assets/Blockout/Prefabs/Blocks Basic/Blocks Caps/Block_Corner_T1_1x1x004.prefab using Guid(f6e0742a86fbfff46a2a9804feb9b0a2) Importer(815301076,1909f56bfc062723c751e8b465ee728b)  -> (artifact id: '96077453371e395cece2eee34231b93f') in 0.011711 seconds 
========================================================================
Received Import Request.
  Time since last request: 0.000019 seconds.
  path: Assets/Blockout/Prefabs/Blocks Basic/Blocks Corners/Block_Corner_T1_1x4x1.prefab
  artifactKey: Guid(a17c3140f4f540b40a2a675d638a7b7f) Importer(815301076,1909f56bfc062723c751e8b465ee728b)
Start importing Assets/Blockout/Prefabs/Blocks Basic/Blocks Corners/Block_Corner_T1_1x4x1.prefab using Guid(a17c3140f4f540b40a2a675d638a7b7f) Importer(815301076,1909f56bfc062723c751e8b465ee728b)  -> (artifact id: '843b5da28ab7f149bd9d0d362d727862') in 0.011032 seconds 
========================================================================
Received Import Request.
  Time since last request: 0.000015 seconds.
  path: Assets/Blockout/Prefabs/Blocks Basic/Block_05x4x1.prefab
  artifactKey: Guid(af4d4cd70a5e0bb4183434ed70eb83ba) Importer(815301076,1909f56bfc062723c751e8b465ee728b)
Start importing Assets/Blockout/Prefabs/Blocks Basic/Block_05x4x1.prefab using Guid(af4d4cd70a5e0bb4183434ed70eb83ba) Importer(815301076,1909f56bfc062723c751e8b465ee728b)  -> (artifact id: '6eb10af284f7230bd1ea4f7489f606d7') in 0.010570 seconds 
========================================================================
Received Import Request.
  Time since last request: 0.000020 seconds.
  path: Assets/Blockout/Prefabs/Blocks Basic/Blocks_Bent/Block_Bend_05x4x1.prefab
  artifactKey: Guid(70c8ce5cef69dde4f901317cd3840af6) Importer(815301076,1909f56bfc062723c751e8b465ee728b)
Start importing Assets/Blockout/Prefabs/Blocks Basic/Blocks_Bent/Block_Bend_05x4x1.prefab using Guid(70c8ce5cef69dde4f901317cd3840af6) Importer(815301076,1909f56bfc062723c751e8b465ee728b)  -> (artifact id: 'c1489632d9b8a67083908e1a5b174adf') in 0.009843 seconds 
========================================================================
Received Import Request.
  Time since last request: 0.000022 seconds.
  path: Assets/Blockout/Prefabs/Blocks Basic/Block_1x2x2.prefab
  artifactKey: Guid(13d93703ab042bf4a8aec9be1826979c) Importer(815301076,1909f56bfc062723c751e8b465ee728b)
Start importing Assets/Blockout/Prefabs/Blocks Basic/Block_1x2x2.prefab using Guid(13d93703ab042bf4a8aec9be1826979c) Importer(815301076,1909f56bfc062723c751e8b465ee728b)  -> (artifact id: '941adcb3a258530ce17822c30bf38a33') in 0.011080 seconds 
========================================================================
Received Import Request.
  Time since last request: 0.000017 seconds.
  path: Assets/Blockout/Prefabs/Blocks Basic/Blocks_Bent/Block_Bend_Alt1_05x2x1.prefab
  artifactKey: Guid(e61477632f13f274a9509c7888347f70) Importer(815301076,1909f56bfc062723c751e8b465ee728b)
Start importing Assets/Blockout/Prefabs/Blocks Basic/Blocks_Bent/Block_Bend_Alt1_05x2x1.prefab using Guid(e61477632f13f274a9509c7888347f70) Importer(815301076,1909f56bfc062723c751e8b465ee728b)  -> (artifact id: '843bd8c42c67d706742538be595c46a1') in 0.011325 seconds 
========================================================================
Received Import Request.
  Time since last request: 0.000014 seconds.
  path: Assets/Blockout/Prefabs/Blocks Basic/Block_05x025x1.prefab
  artifactKey: Guid(e3499173c50dfb740bacb6b8b66374b7) Importer(815301076,1909f56bfc062723c751e8b465ee728b)
Start importing Assets/Blockout/Prefabs/Blocks Basic/Block_05x025x1.prefab using Guid(e3499173c50dfb740bacb6b8b66374b7) Importer(815301076,1909f56bfc062723c751e8b465ee728b)  -> (artifact id: 'd8966e405b255f698d0269acfc7cf35c') in 0.011774 seconds 
========================================================================
Received Import Request.
  Time since last request: 0.000018 seconds.
  path: Assets/Blockout/Prefabs/Blocks Basic/Block_05x5x1.prefab
  artifactKey: Guid(822eec97dc661cf4581d16bbecdb56a2) Importer(815301076,1909f56bfc062723c751e8b465ee728b)
Start importing Assets/Blockout/Prefabs/Blocks Basic/Block_05x5x1.prefab using Guid(822eec97dc661cf4581d16bbecdb56a2) Importer(815301076,1909f56bfc062723c751e8b465ee728b)  -> (artifact id: 'f94aaf4fcf418602fb2780477bc4aa10') in 0.010143 seconds 
========================================================================
Received Import Request.
  Time since last request: 0.000020 seconds.
  path: Assets/Blockout/Prefabs/Blocks Basic/Blocks Caps/Block_Corner_Cap_T1_1x1x1.prefab
  artifactKey: Guid(af1746359d9126d4894fb74671e62eff) Importer(815301076,1909f56bfc062723c751e8b465ee728b)
Start importing Assets/Blockout/Prefabs/Blocks Basic/Blocks Caps/Block_Corner_Cap_T1_1x1x1.prefab using Guid(af1746359d9126d4894fb74671e62eff) Importer(815301076,1909f56bfc062723c751e8b465ee728b)  -> (artifact id: 'd43c897c4fa064a258ce5508b5bc5c5e') in 0.010366 seconds 
========================================================================
Received Import Request.
  Time since last request: 0.000015 seconds.
  path: Assets/Blockout/Prefabs/Blocks Basic/Blocks_Bent/Block_Bend_Alt2_1x2x2.prefab
  artifactKey: Guid(75229fdf4b5e5a345a3c70df0f8e23c3) Importer(815301076,1909f56bfc062723c751e8b465ee728b)
Start importing Assets/Blockout/Prefabs/Blocks Basic/Blocks_Bent/Block_Bend_Alt2_1x2x2.prefab using Guid(75229fdf4b5e5a345a3c70df0f8e23c3) Importer(815301076,1909f56bfc062723c751e8b465ee728b)  -> (artifact id: '9b8cef5c5c3c1caada7f5d8761fa6d44') in 0.011397 seconds 
========================================================================
Received Import Request.
  Time since last request: 0.000017 seconds.
  path: Assets/Blockout/Prefabs/Blocks Basic/Block_05x4x05.prefab
  artifactKey: Guid(b3eef3c2686021449a8793f47871ced1) Importer(815301076,1909f56bfc062723c751e8b465ee728b)
Start importing Assets/Blockout/Prefabs/Blocks Basic/Block_05x4x05.prefab using Guid(b3eef3c2686021449a8793f47871ced1) Importer(815301076,1909f56bfc062723c751e8b465ee728b)  -> (artifact id: 'd36a8d7c0de6e0e82ad69b0da067ff4b') in 0.011014 seconds 
========================================================================
Received Import Request.
  Time since last request: 97.424593 seconds.
  path: Assets/Blockout/Prefabs/Blocks Basic/Blocks Corners/Block_Corner_T1_05x5x05.prefab
  artifactKey: Guid(aac63db3079100b47a3f44d13b662853) Importer(815301076,1909f56bfc062723c751e8b465ee728b)
Start importing Assets/Blockout/Prefabs/Blocks Basic/Blocks Corners/Block_Corner_T1_05x5x05.prefab using Guid(aac63db3079100b47a3f44d13b662853) Importer(815301076,1909f56bfc062723c751e8b465ee728b)  -> (artifact id: '54d1a0710f063df4c0b8170632842cc7') in 0.010039 seconds 
========================================================================
Received Import Request.
  Time since last request: 0.000017 seconds.
  path: Assets/Blockout/Prefabs/Blocks Basic/Blocks Corners/Block_Corner_T3_1x4x1.prefab
  artifactKey: Guid(419eaf85ec285454fab8b7db4bd3aa09) Importer(815301076,1909f56bfc062723c751e8b465ee728b)
Start importing Assets/Blockout/Prefabs/Blocks Basic/Blocks Corners/Block_Corner_T3_1x4x1.prefab using Guid(419eaf85ec285454fab8b7db4bd3aa09) Importer(815301076,1909f56bfc062723c751e8b465ee728b)  -> (artifact id: '3187c833ca0fa07d764795ff41555238') in 0.011342 seconds 
========================================================================
Received Import Request.
  Time since last request: 0.000019 seconds.
  path: Assets/Blockout/Prefabs/Blocks Basic/Blocks Corners/Block_Corner_T2_1x2x1.prefab
  artifactKey: Guid(8950f705a255682499f37ec786624744) Importer(815301076,1909f56bfc062723c751e8b465ee728b)
Start importing Assets/Blockout/Prefabs/Blocks Basic/Blocks Corners/Block_Corner_T2_1x2x1.prefab using Guid(8950f705a255682499f37ec786624744) Importer(815301076,1909f56bfc062723c751e8b465ee728b)  -> (artifact id: 'c31db98b059d5cf87e879f24f5957601') in 0.010085 seconds 
========================================================================
Received Import Request.
  Time since last request: 0.000016 seconds.
  path: Assets/Blockout/Prefabs/Blocks Basic/Blocks Corners/Block_Corner_T2_05x4x05.prefab
  artifactKey: Guid(35f847eaa692084408da8ccc52b85392) Importer(815301076,1909f56bfc062723c751e8b465ee728b)
Start importing Assets/Blockout/Prefabs/Blocks Basic/Blocks Corners/Block_Corner_T2_05x4x05.prefab using Guid(35f847eaa692084408da8ccc52b85392) Importer(815301076,1909f56bfc062723c751e8b465ee728b)  -> (artifact id: '6a87df67ff0bebe33b8ebbd775d9239f') in 0.012910 seconds 
========================================================================
Received Import Request.
  Time since last request: 0.000018 seconds.
  path: Assets/Blockout/Prefabs/Blocks Basic/Blocks Corners/Block_Corner_T3_1x1x1.prefab
  artifactKey: Guid(f3235b5d151a70a4d8ff33ac63fa4624) Importer(815301076,1909f56bfc062723c751e8b465ee728b)
Start importing Assets/Blockout/Prefabs/Blocks Basic/Blocks Corners/Block_Corner_T3_1x1x1.prefab using Guid(f3235b5d151a70a4d8ff33ac63fa4624) Importer(815301076,1909f56bfc062723c751e8b465ee728b)  -> (artifact id: '6a4921174ce6799e8689c2fea2304ab3') in 0.010692 seconds 
========================================================================
Received Import Request.
  Time since last request: 0.000018 seconds.
  path: Assets/Blockout/Prefabs/Blocks Basic/Block_Corner_T2_1x025x1.prefab
  artifactKey: Guid(970a679ae7b30d549be085fad5e06158) Importer(815301076,1909f56bfc062723c751e8b465ee728b)
Start importing Assets/Blockout/Prefabs/Blocks Basic/Block_Corner_T2_1x025x1.prefab using Guid(970a679ae7b30d549be085fad5e06158) Importer(815301076,1909f56bfc062723c751e8b465ee728b)  -> (artifact id: 'ae46de210c0b0eca99d9d2a66efd0379') in 0.010226 seconds 
========================================================================
Received Import Request.
  Time since last request: 0.000013 seconds.
  path: Assets/Blockout/Prefabs/Blocks Basic/Blocks Corners/Block_Corner_T2_1x1x1.prefab
  artifactKey: Guid(8015c71c2aeb9b045a20d130c781a517) Importer(815301076,1909f56bfc062723c751e8b465ee728b)
Start importing Assets/Blockout/Prefabs/Blocks Basic/Blocks Corners/Block_Corner_T2_1x1x1.prefab using Guid(8015c71c2aeb9b045a20d130c781a517) Importer(815301076,1909f56bfc062723c751e8b465ee728b)  -> (artifact id: '959baa84795ac9446429dce3975a1e49') in 0.010581 seconds 
========================================================================
Received Import Request.
  Time since last request: 0.000015 seconds.
  path: Assets/Blockout/Prefabs/Blocks Basic/Blocks Corners/Block_Corner_T2_05x5x05.prefab
  artifactKey: Guid(80e359f16322f10438d4f9247751aa19) Importer(815301076,1909f56bfc062723c751e8b465ee728b)
Start importing Assets/Blockout/Prefabs/Blocks Basic/Blocks Corners/Block_Corner_T2_05x5x05.prefab using Guid(80e359f16322f10438d4f9247751aa19) Importer(815301076,1909f56bfc062723c751e8b465ee728b)  -> (artifact id: '643bd578158247276c8903db71faafec') in 0.012724 seconds 
========================================================================
Received Import Request.
  Time since last request: 0.000013 seconds.
  path: Assets/Blockout/Prefabs/Blocks Basic/Blocks Corners/Block_Corner_T2_1x4x1.prefab
  artifactKey: Guid(1d8f6732f928de843afe87af02fc6b8f) Importer(815301076,1909f56bfc062723c751e8b465ee728b)
Start importing Assets/Blockout/Prefabs/Blocks Basic/Blocks Corners/Block_Corner_T2_1x4x1.prefab using Guid(1d8f6732f928de843afe87af02fc6b8f) Importer(815301076,1909f56bfc062723c751e8b465ee728b)  -> (artifact id: '0f47baa587d6b17a79df26fc320ea0ad') in 0.009496 seconds 
========================================================================
Received Import Request.
  Time since last request: 0.000013 seconds.
  path: Assets/Blockout/Prefabs/Blocks Basic/Blocks Corners/Block_Corner_T3_1x2x1.prefab
  artifactKey: Guid(d3ac1e39831532741b89a016f41d0461) Importer(815301076,1909f56bfc062723c751e8b465ee728b)
Start importing Assets/Blockout/Prefabs/Blocks Basic/Blocks Corners/Block_Corner_T3_1x2x1.prefab using Guid(d3ac1e39831532741b89a016f41d0461) Importer(815301076,1909f56bfc062723c751e8b465ee728b)  -> (artifact id: '7862fdf5533019f5142b62146e5ffdcb') in 0.010203 seconds 
========================================================================
Received Import Request.
  Time since last request: 0.000013 seconds.
  path: Assets/Blockout/Prefabs/Blocks Basic/Blocks Corners/Block_Corner_T2_1x5x1.prefab
  artifactKey: Guid(d2752e7582391b8409643fa4368ab35a) Importer(815301076,1909f56bfc062723c751e8b465ee728b)
Start importing Assets/Blockout/Prefabs/Blocks Basic/Blocks Corners/Block_Corner_T2_1x5x1.prefab using Guid(d2752e7582391b8409643fa4368ab35a) Importer(815301076,1909f56bfc062723c751e8b465ee728b)  -> (artifact id: 'ac54c67ffa5228406f944e552a605164') in 0.010426 seconds 
========================================================================
Received Import Request.
  Time since last request: 2.933764 seconds.
  path: Assets/Blockout/Prefabs/Blocks Basic/Blocks Corners/Block_Corner_T3_05x1x05.prefab
  artifactKey: Guid(29f1ba6e927989c48a05093bed82bcc8) Importer(815301076,1909f56bfc062723c751e8b465ee728b)
Start importing Assets/Blockout/Prefabs/Blocks Basic/Blocks Corners/Block_Corner_T3_05x1x05.prefab using Guid(29f1ba6e927989c48a05093bed82bcc8) Importer(815301076,1909f56bfc062723c751e8b465ee728b)  -> (artifact id: 'b139abe36d1c954c738bfcf2d3eb09d1') in 0.024561 seconds 
========================================================================
Received Import Request.
  Time since last request: 0.000015 seconds.
  path: Assets/Blockout/Prefabs/Blocks Basic/Blocks Corners/Block_Corner_T5_1x5x1.prefab
  artifactKey: Guid(d6232cb396eb7f0448729c70815cb088) Importer(815301076,1909f56bfc062723c751e8b465ee728b)
Start importing Assets/Blockout/Prefabs/Blocks Basic/Blocks Corners/Block_Corner_T5_1x5x1.prefab using Guid(d6232cb396eb7f0448729c70815cb088) Importer(815301076,1909f56bfc062723c751e8b465ee728b)  -> (artifact id: '58379ad828ecedf3875ddfc1d52c5803') in 0.010349 seconds 
========================================================================
Received Import Request.
  Time since last request: 0.000014 seconds.
  path: Assets/Blockout/Prefabs/Blocks Basic/Blocks Corners/Block_Corner_T5_1x1x1.prefab
  artifactKey: Guid(5c78d154702642742870286cf8d47435) Importer(815301076,1909f56bfc062723c751e8b465ee728b)
Start importing Assets/Blockout/Prefabs/Blocks Basic/Blocks Corners/Block_Corner_T5_1x1x1.prefab using Guid(5c78d154702642742870286cf8d47435) Importer(815301076,1909f56bfc062723c751e8b465ee728b)  -> (artifact id: '761e68028449c3662d2d06d63261ce62') in 0.010663 seconds 
========================================================================
Received Import Request.
  Time since last request: 0.000015 seconds.
  path: Assets/Blockout/Prefabs/Blocks Basic/Blocks Corner Inner/Block_Inner_Corner_T2_1x5x1.prefab
  artifactKey: Guid(f11afaeea897c8c458f2070594563144) Importer(815301076,1909f56bfc062723c751e8b465ee728b)
Start importing Assets/Blockout/Prefabs/Blocks Basic/Blocks Corner Inner/Block_Inner_Corner_T2_1x5x1.prefab using Guid(f11afaeea897c8c458f2070594563144) Importer(815301076,1909f56bfc062723c751e8b465ee728b)  -> (artifact id: '92c0f470183ebe805d19e9db0e12e92b') in 0.011153 seconds 
========================================================================
Received Import Request.
  Time since last request: 0.000016 seconds.
  path: Assets/Blockout/Prefabs/Blocks Basic/Blocks Corner Inner/Block_Inner_Corner_T2_1x4x1.prefab
  artifactKey: Guid(c41209a3ccd44ad45bf8aa5bdbafcc18) Importer(815301076,1909f56bfc062723c751e8b465ee728b)
Start importing Assets/Blockout/Prefabs/Blocks Basic/Blocks Corner Inner/Block_Inner_Corner_T2_1x4x1.prefab using Guid(c41209a3ccd44ad45bf8aa5bdbafcc18) Importer(815301076,1909f56bfc062723c751e8b465ee728b)  -> (artifact id: 'd1bf1c24b63fd6a6c43ac4dbdee8cb0c') in 0.010542 seconds 
========================================================================
Received Import Request.
  Time since last request: 0.000014 seconds.
  path: Assets/Blockout/Prefabs/Blocks Basic/Blocks Corner Inner/Block_Inner_Corner_T3_1x2x1.prefab
  artifactKey: Guid(07c548d382cabb84cbfa4337bf618b96) Importer(815301076,1909f56bfc062723c751e8b465ee728b)
Start importing Assets/Blockout/Prefabs/Blocks Basic/Blocks Corner Inner/Block_Inner_Corner_T3_1x2x1.prefab using Guid(07c548d382cabb84cbfa4337bf618b96) Importer(815301076,1909f56bfc062723c751e8b465ee728b)  -> (artifact id: 'ca26616c2a706459da1a9726a53f16a4') in 0.014039 seconds 
========================================================================
Received Import Request.
  Time since last request: 0.000023 seconds.
  path: Assets/Blockout/Prefabs/Blocks Basic/Blocks Corner Inner/Block_Inner_Corner_T2_1x1x1.prefab
  artifactKey: Guid(0a5bc706d5ef6f948b140cf3db9bcfcf) Importer(815301076,1909f56bfc062723c751e8b465ee728b)
Start importing Assets/Blockout/Prefabs/Blocks Basic/Blocks Corner Inner/Block_Inner_Corner_T2_1x1x1.prefab using Guid(0a5bc706d5ef6f948b140cf3db9bcfcf) Importer(815301076,1909f56bfc062723c751e8b465ee728b)  -> (artifact id: '0f739796fdb1d6a53897a9ec16a03352') in 0.009986 seconds 
========================================================================
Received Import Request.
  Time since last request: 0.000016 seconds.
  path: Assets/Blockout/Prefabs/Blocks Basic/Blocks Corner Inner/Block_Inner_Corner_T3_1x3x1.prefab
  artifactKey: Guid(f1bf2fe6194278941a8bbcd155735a02) Importer(815301076,1909f56bfc062723c751e8b465ee728b)
Start importing Assets/Blockout/Prefabs/Blocks Basic/Blocks Corner Inner/Block_Inner_Corner_T3_1x3x1.prefab using Guid(f1bf2fe6194278941a8bbcd155735a02) Importer(815301076,1909f56bfc062723c751e8b465ee728b)  -> (artifact id: 'bb983df6352ab52d51378ed4c2ba8a1c') in 0.010540 seconds 
========================================================================
Received Import Request.
  Time since last request: 0.000014 seconds.
  path: Assets/Blockout/Prefabs/Blocks Basic/Blocks Corner Inner/Block_Inner_Corner_T1_1x5x2.prefab
  artifactKey: Guid(cf3a70d2f8a084d4f8e15a31fca0d7ca) Importer(815301076,1909f56bfc062723c751e8b465ee728b)
Start importing Assets/Blockout/Prefabs/Blocks Basic/Blocks Corner Inner/Block_Inner_Corner_T1_1x5x2.prefab using Guid(cf3a70d2f8a084d4f8e15a31fca0d7ca) Importer(815301076,1909f56bfc062723c751e8b465ee728b)  -> (artifact id: '1bdaad273e0bcf7688eb8149d8963275') in 0.010917 seconds 
========================================================================
Received Import Request.
  Time since last request: 0.000013 seconds.
  path: Assets/Blockout/Prefabs/Blocks Basic/Blocks Corners/Block_Corner_T4_1x1x1.prefab
  artifactKey: Guid(4ff5506bb4054384b8e65a23154716b1) Importer(815301076,1909f56bfc062723c751e8b465ee728b)
Start importing Assets/Blockout/Prefabs/Blocks Basic/Blocks Corners/Block_Corner_T4_1x1x1.prefab using Guid(4ff5506bb4054384b8e65a23154716b1) Importer(815301076,1909f56bfc062723c751e8b465ee728b)  -> (artifact id: '069e6f456599fc651df350af48505616') in 0.009405 seconds 
========================================================================
Received Import Request.
  Time since last request: 0.000015 seconds.
  path: Assets/Blockout/Prefabs/Blocks Basic/Blocks Corner Inner/Block_Inner_Corner_T3_1x5x1.prefab
  artifactKey: Guid(6a0a9a14765d80645a2897f52b51c095) Importer(815301076,1909f56bfc062723c751e8b465ee728b)
Start importing Assets/Blockout/Prefabs/Blocks Basic/Blocks Corner Inner/Block_Inner_Corner_T3_1x5x1.prefab using Guid(6a0a9a14765d80645a2897f52b51c095) Importer(815301076,1909f56bfc062723c751e8b465ee728b)  -> (artifact id: 'a8cfdffc0b20a3ea6c25976c1b335836') in 0.010475 seconds 
========================================================================
Received Import Request.
  Time since last request: 0.000022 seconds.
  path: Assets/Blockout/Prefabs/Blocks Basic/Blocks Caps/Block_Corner_T4_1x1x005.prefab
  artifactKey: Guid(614b5faa55ebf4449806568933272fb9) Importer(815301076,1909f56bfc062723c751e8b465ee728b)
Start importing Assets/Blockout/Prefabs/Blocks Basic/Blocks Caps/Block_Corner_T4_1x1x005.prefab using Guid(614b5faa55ebf4449806568933272fb9) Importer(815301076,1909f56bfc062723c751e8b465ee728b)  -> (artifact id: 'c78beec45034c8b8bc13e95ef6f5d7f1') in 0.010317 seconds 
========================================================================
Received Import Request.
  Time since last request: 0.000014 seconds.
  path: Assets/Blockout/Prefabs/Blocks Basic/Blocks Corners/Block_Corner_T5_1x3x1.prefab
  artifactKey: Guid(dc05350e369e1324eadce34e7e057e39) Importer(815301076,1909f56bfc062723c751e8b465ee728b)
Start importing Assets/Blockout/Prefabs/Blocks Basic/Blocks Corners/Block_Corner_T5_1x3x1.prefab using Guid(dc05350e369e1324eadce34e7e057e39) Importer(815301076,1909f56bfc062723c751e8b465ee728b)  -> (artifact id: '323b0a012876667a016f9d42ca2614ec') in 0.011113 seconds 
========================================================================
Received Import Request.
  Time since last request: 0.000014 seconds.
  path: Assets/Blockout/Prefabs/Blocks Basic/Blocks Corners/Block_Corner_T3_05x5x05.prefab
  artifactKey: Guid(d19ce33b76afebe4a97dddb54bfda0ab) Importer(815301076,1909f56bfc062723c751e8b465ee728b)
Start importing Assets/Blockout/Prefabs/Blocks Basic/Blocks Corners/Block_Corner_T3_05x5x05.prefab using Guid(d19ce33b76afebe4a97dddb54bfda0ab) Importer(815301076,1909f56bfc062723c751e8b465ee728b)  -> (artifact id: '70929c16290aedb77f820ead7889bb0d') in 0.011681 seconds 
========================================================================
Received Import Request.
  Time since last request: 0.000014 seconds.
  path: Assets/Blockout/Prefabs/Blocks Basic/Blocks Corner Inner/Block_Inner_Corner_T1_1x4x2.prefab
  artifactKey: Guid(587e40a1a9310dd40865e36288e17dad) Importer(815301076,1909f56bfc062723c751e8b465ee728b)
Start importing Assets/Blockout/Prefabs/Blocks Basic/Blocks Corner Inner/Block_Inner_Corner_T1_1x4x2.prefab using Guid(587e40a1a9310dd40865e36288e17dad) Importer(815301076,1909f56bfc062723c751e8b465ee728b)  -> (artifact id: '1cf6e9b75a3b3ab0a0bf46d1bf2d1358') in 0.011231 seconds 
========================================================================
Received Import Request.
  Time since last request: 0.000014 seconds.
  path: Assets/Blockout/Prefabs/Blocks Basic/Blocks Corners/Block_Corner_T3_05x3x05.prefab
  artifactKey: Guid(0372d29090aee00428a699521d33b12d) Importer(815301076,1909f56bfc062723c751e8b465ee728b)
Start importing Assets/Blockout/Prefabs/Blocks Basic/Blocks Corners/Block_Corner_T3_05x3x05.prefab using Guid(0372d29090aee00428a699521d33b12d) Importer(815301076,1909f56bfc062723c751e8b465ee728b)  -> (artifact id: '60b0574b92ceae9704522efbfa4868d0') in 0.009924 seconds 
========================================================================
Received Import Request.
  Time since last request: 0.000013 seconds.
  path: Assets/Blockout/Prefabs/Blocks Basic/Blocks Corner Inner/Block_Inner_Corner_T2_1x2x1.prefab
  artifactKey: Guid(f3703ed88216ec949bc5fa282eab3264) Importer(815301076,1909f56bfc062723c751e8b465ee728b)
Start importing Assets/Blockout/Prefabs/Blocks Basic/Blocks Corner Inner/Block_Inner_Corner_T2_1x2x1.prefab using Guid(f3703ed88216ec949bc5fa282eab3264) Importer(815301076,1909f56bfc062723c751e8b465ee728b)  -> (artifact id: 'f17c664b74ba777f19d2a7a98a3bb60e') in 0.009991 seconds 
========================================================================
Received Import Request.
  Time since last request: 0.000016 seconds.
  path: Assets/Blockout/Prefabs/Blocks Basic/Blocks Corner Inner/Block_Inner_Corner_T1_1x1x2.prefab
  artifactKey: Guid(5ee148ae734555449a697c3fa1bbc4ea) Importer(815301076,1909f56bfc062723c751e8b465ee728b)
Start importing Assets/Blockout/Prefabs/Blocks Basic/Blocks Corner Inner/Block_Inner_Corner_T1_1x1x2.prefab using Guid(5ee148ae734555449a697c3fa1bbc4ea) Importer(815301076,1909f56bfc062723c751e8b465ee728b)  -> (artifact id: 'b003f8d9b77657dcaed2b3913101a13f') in 0.010353 seconds 
========================================================================
Received Import Request.
  Time since last request: 0.000013 seconds.
  path: Assets/Blockout/Prefabs/Blocks Basic/Blocks Corners/Block_Corner_T5_1x4x1.prefab
  artifactKey: Guid(d93f5b21a02eaef44b4e87b3618d0054) Importer(815301076,1909f56bfc062723c751e8b465ee728b)
Start importing Assets/Blockout/Prefabs/Blocks Basic/Blocks Corners/Block_Corner_T5_1x4x1.prefab using Guid(d93f5b21a02eaef44b4e87b3618d0054) Importer(815301076,1909f56bfc062723c751e8b465ee728b)  -> (artifact id: 'ddeec9b25760fce3b49447a02c894a37') in 0.010518 seconds 
========================================================================
Received Import Request.
  Time since last request: 0.000013 seconds.
  path: Assets/Blockout/Prefabs/Blocks Basic/Blocks Corner Inner/Block_Inner_Corner_T1_1x2x2.prefab
  artifactKey: Guid(371f72fdb273718478b5fc0a31b1ec5b) Importer(815301076,1909f56bfc062723c751e8b465ee728b)
Start importing Assets/Blockout/Prefabs/Blocks Basic/Blocks Corner Inner/Block_Inner_Corner_T1_1x2x2.prefab using Guid(371f72fdb273718478b5fc0a31b1ec5b) Importer(815301076,1909f56bfc062723c751e8b465ee728b)  -> (artifact id: 'a0cbc19849d779703a5d4119ffd624ff') in 0.009754 seconds 
========================================================================
Received Import Request.
  Time since last request: 0.000015 seconds.
  path: Assets/Blockout/Prefabs/Blocks Basic/Blocks Corner Inner/Block_Inner_Corner_T1_1x1x1.prefab
  artifactKey: Guid(9dfcfb7f20ed0054c904e3df1f25f9bb) Importer(815301076,1909f56bfc062723c751e8b465ee728b)
Start importing Assets/Blockout/Prefabs/Blocks Basic/Blocks Corner Inner/Block_Inner_Corner_T1_1x1x1.prefab using Guid(9dfcfb7f20ed0054c904e3df1f25f9bb) Importer(815301076,1909f56bfc062723c751e8b465ee728b)  -> (artifact id: 'ee84b215591323ac5d0f485fc1d54f77') in 0.009839 seconds 
========================================================================
Received Import Request.
  Time since last request: 0.000014 seconds.
  path: Assets/Blockout/Prefabs/Blocks Basic/Blocks Corners/Block_Corner_T3_05x4x05.prefab
  artifactKey: Guid(4c2904ddfb283da48b6ade5d23409512) Importer(815301076,1909f56bfc062723c751e8b465ee728b)
Start importing Assets/Blockout/Prefabs/Blocks Basic/Blocks Corners/Block_Corner_T3_05x4x05.prefab using Guid(4c2904ddfb283da48b6ade5d23409512) Importer(815301076,1909f56bfc062723c751e8b465ee728b)  -> (artifact id: '6f04f63a96e5ae641a04de8641151615') in 0.009996 seconds 
========================================================================
Received Import Request.
  Time since last request: 0.870123 seconds.
  path: Assets/Blockout/Prefabs/Blocks Basic/Blocks Pillars/Block_Pillar_T1_1x3x1.prefab
  artifactKey: Guid(633d5a771e91ca244b28a23e9fb5330a) Importer(815301076,1909f56bfc062723c751e8b465ee728b)
Start importing Assets/Blockout/Prefabs/Blocks Basic/Blocks Pillars/Block_Pillar_T1_1x3x1.prefab using Guid(633d5a771e91ca244b28a23e9fb5330a) Importer(815301076,1909f56bfc062723c751e8b465ee728b)  -> (artifact id: '0bf2b6168d75cc1ee3ce32f2c6569300') in 0.010804 seconds 
========================================================================
Received Import Request.
  Time since last request: 0.000013 seconds.
  path: Assets/Blockout/Prefabs/Blocks Basic/Block_Pillar_T3_1x025x1.prefab
  artifactKey: Guid(0dd47183bd3d9af46a7dbfa8d09b96c5) Importer(815301076,1909f56bfc062723c751e8b465ee728b)
Start importing Assets/Blockout/Prefabs/Blocks Basic/Block_Pillar_T3_1x025x1.prefab using Guid(0dd47183bd3d9af46a7dbfa8d09b96c5) Importer(815301076,1909f56bfc062723c751e8b465ee728b)  -> (artifact id: '95be8c66bda9cbaf137b2b164e87417d') in 0.011282 seconds 
========================================================================
Received Import Request.
  Time since last request: 0.000015 seconds.
  path: Assets/Blockout/Prefabs/Blocks Basic/Block_Slope_1x1x1.prefab
  artifactKey: Guid(540391c6168df5b408eadb1aaa3fabef) Importer(815301076,1909f56bfc062723c751e8b465ee728b)
Start importing Assets/Blockout/Prefabs/Blocks Basic/Block_Slope_1x1x1.prefab using Guid(540391c6168df5b408eadb1aaa3fabef) Importer(815301076,1909f56bfc062723c751e8b465ee728b)  -> (artifact id: '3acf0cfcf8e7c7761c43a593b07a97d5') in 0.011093 seconds 
========================================================================
Received Import Request.
  Time since last request: 0.000017 seconds.
  path: Assets/Blockout/Prefabs/Blocks Basic/Block_Slope_Corner_4x4x4.prefab
  artifactKey: Guid(d8d8f94716278f1499919321884de4d6) Importer(815301076,1909f56bfc062723c751e8b465ee728b)
Start importing Assets/Blockout/Prefabs/Blocks Basic/Block_Slope_Corner_4x4x4.prefab using Guid(d8d8f94716278f1499919321884de4d6) Importer(815301076,1909f56bfc062723c751e8b465ee728b)  -> (artifact id: 'b5c895b0474cfb12e2e00d3f28c533c9') in 0.011604 seconds 
========================================================================
Received Import Request.
  Time since last request: 0.000016 seconds.
  path: Assets/Blockout/Prefabs/Blocks Basic/Block_Slope_1x1x5.prefab
  artifactKey: Guid(8fae1b28f5c09724c9bf8103da3654ee) Importer(815301076,1909f56bfc062723c751e8b465ee728b)
Start importing Assets/Blockout/Prefabs/Blocks Basic/Block_Slope_1x1x5.prefab using Guid(8fae1b28f5c09724c9bf8103da3654ee) Importer(815301076,1909f56bfc062723c751e8b465ee728b)  -> (artifact id: '7b0be22ef2cfbc03e262be0411e826de') in 0.010982 seconds 
========================================================================
Received Import Request.
  Time since last request: 0.000018 seconds.
  path: Assets/Blockout/Prefabs/Blocks Basic/Blocks Pillars/Block_Pillar_T2_1x3x1.prefab
  artifactKey: Guid(875b7289c09fbd248abedc5baf0f8362) Importer(815301076,1909f56bfc062723c751e8b465ee728b)
Start importing Assets/Blockout/Prefabs/Blocks Basic/Blocks Pillars/Block_Pillar_T2_1x3x1.prefab using Guid(875b7289c09fbd248abedc5baf0f8362) Importer(815301076,1909f56bfc062723c751e8b465ee728b)  -> (artifact id: '9490a7c22e66e485d188a22a2e2ca48b') in 0.009860 seconds 
========================================================================
Received Import Request.
  Time since last request: 0.000014 seconds.
  path: Assets/Blockout/Prefabs/Blocks Basic/Blocks Pillars/Block_Pillar_T3_1x2x1.prefab
  artifactKey: Guid(e7307ba6c7ecb3f488e67f6d009c623f) Importer(815301076,1909f56bfc062723c751e8b465ee728b)
Start importing Assets/Blockout/Prefabs/Blocks Basic/Blocks Pillars/Block_Pillar_T3_1x2x1.prefab using Guid(e7307ba6c7ecb3f488e67f6d009c623f) Importer(815301076,1909f56bfc062723c751e8b465ee728b)  -> (artifact id: 'e8761170612b471e1ea4548bda3f5485') in 0.011546 seconds 
========================================================================
Received Import Request.
  Time since last request: 0.000013 seconds.
  path: Assets/Blockout/Prefabs/Blocks Basic/Blocks Pillars/Block_Pillar_T3_1x3x1.prefab
  artifactKey: Guid(6404453aeb0666b48a76c0a0058c23f7) Importer(815301076,1909f56bfc062723c751e8b465ee728b)
Start importing Assets/Blockout/Prefabs/Blocks Basic/Blocks Pillars/Block_Pillar_T3_1x3x1.prefab using Guid(6404453aeb0666b48a76c0a0058c23f7) Importer(815301076,1909f56bfc062723c751e8b465ee728b)  -> (artifact id: 'e1ba507f2b0f43d385ca5610feb01e90') in 0.011400 seconds 
========================================================================
Received Import Request.
  Time since last request: 0.000015 seconds.
  path: Assets/Blockout/Prefabs/Blocks Basic/Blocks Pillars/Block_Pillar_T2_1x2x1.prefab
  artifactKey: Guid(ed22e89d1c1a64c4f9a05af352fdb7cc) Importer(815301076,1909f56bfc062723c751e8b465ee728b)
Start importing Assets/Blockout/Prefabs/Blocks Basic/Blocks Pillars/Block_Pillar_T2_1x2x1.prefab using Guid(ed22e89d1c1a64c4f9a05af352fdb7cc) Importer(815301076,1909f56bfc062723c751e8b465ee728b)  -> (artifact id: '2be7857811300c2aaa4aa15d3404e2f4') in 0.010254 seconds 
========================================================================
Received Import Request.
  Time since last request: 0.000016 seconds.
  path: Assets/Blockout/Prefabs/Blocks Basic/Block_Slope_1x4x1.prefab
  artifactKey: Guid(913edc100ec3cc34eb373e31ade0d72c) Importer(815301076,1909f56bfc062723c751e8b465ee728b)
Start importing Assets/Blockout/Prefabs/Blocks Basic/Block_Slope_1x4x1.prefab using Guid(913edc100ec3cc34eb373e31ade0d72c) Importer(815301076,1909f56bfc062723c751e8b465ee728b)  -> (artifact id: 'a00e619646930339e0bbe42765164881') in 0.010799 seconds 
========================================================================
Received Import Request.
  Time since last request: 0.000015 seconds.
  path: Assets/Blockout/Prefabs/Blocks Basic/Block_Slope_Corner_1x1x1.prefab
  artifactKey: Guid(b70d24814b4460b42894d9dc417f3c62) Importer(815301076,1909f56bfc062723c751e8b465ee728b)
Start importing Assets/Blockout/Prefabs/Blocks Basic/Block_Slope_Corner_1x1x1.prefab using Guid(b70d24814b4460b42894d9dc417f3c62) Importer(815301076,1909f56bfc062723c751e8b465ee728b)  -> (artifact id: '76a6283b4d2c31e21fe358716ebb223f') in 0.012894 seconds 
========================================================================
Received Import Request.
  Time since last request: 0.000020 seconds.
  path: Assets/Blockout/Prefabs/Blocks Basic/Block_Pillar_T1_1x025x1.prefab
  artifactKey: Guid(89321eacfe7ed9a46aea87044a76df37) Importer(815301076,1909f56bfc062723c751e8b465ee728b)
Start importing Assets/Blockout/Prefabs/Blocks Basic/Block_Pillar_T1_1x025x1.prefab using Guid(89321eacfe7ed9a46aea87044a76df37) Importer(815301076,1909f56bfc062723c751e8b465ee728b)  -> (artifact id: 'ce96e556aa07f4780529e8c512086b65') in 0.010761 seconds 
========================================================================
Received Import Request.
  Time since last request: 0.000022 seconds.
  path: Assets/Blockout/Prefabs/Blocks Basic/Block_Pillar_T2_1x025x1.prefab
  artifactKey: Guid(fb47542706592254bb7bddb3ac2bec6f) Importer(815301076,1909f56bfc062723c751e8b465ee728b)
Start importing Assets/Blockout/Prefabs/Blocks Basic/Block_Pillar_T2_1x025x1.prefab using Guid(fb47542706592254bb7bddb3ac2bec6f) Importer(815301076,1909f56bfc062723c751e8b465ee728b)  -> (artifact id: 'f182a71e59cc289e18b2b9664f272992') in 0.010541 seconds 
========================================================================
Received Import Request.
  Time since last request: 0.000015 seconds.
  path: Assets/Blockout/Prefabs/Blocks Basic/Block_Slope_Corner_1x1x4.prefab
  artifactKey: Guid(8d85ce4d45e0aa243bb6f8620c24ff45) Importer(815301076,1909f56bfc062723c751e8b465ee728b)
Start importing Assets/Blockout/Prefabs/Blocks Basic/Block_Slope_Corner_1x1x4.prefab using Guid(8d85ce4d45e0aa243bb6f8620c24ff45) Importer(815301076,1909f56bfc062723c751e8b465ee728b)  -> (artifact id: '64cc1436def1b4c58afd3961dec8f891') in 0.011661 seconds 
========================================================================
Received Import Request.
  Time since last request: 0.000015 seconds.
  path: Assets/Blockout/Prefabs/Blocks Basic/Blocks Pillars/Block_Pillar_T2_1x1x1.prefab
  artifactKey: Guid(a7078009ceedc34499b1d7bfb0ee5e29) Importer(815301076,1909f56bfc062723c751e8b465ee728b)
Start importing Assets/Blockout/Prefabs/Blocks Basic/Blocks Pillars/Block_Pillar_T2_1x1x1.prefab using Guid(a7078009ceedc34499b1d7bfb0ee5e29) Importer(815301076,1909f56bfc062723c751e8b465ee728b)  -> (artifact id: '093fc4812869822f62b8c4243cf32262') in 0.010356 seconds 
========================================================================
Received Import Request.
  Time since last request: 0.000031 seconds.
  path: Assets/Blockout/Prefabs/Blocks Basic/Block_Slope_4x4x4.prefab
  artifactKey: Guid(bb0bc8f18d85ed047873665d68c7da0d) Importer(815301076,1909f56bfc062723c751e8b465ee728b)
Start importing Assets/Blockout/Prefabs/Blocks Basic/Block_Slope_4x4x4.prefab using Guid(bb0bc8f18d85ed047873665d68c7da0d) Importer(815301076,1909f56bfc062723c751e8b465ee728b)  -> (artifact id: '0a098f2bde7c2ad4b8d91aeaf1fd04dd') in 0.009793 seconds 
========================================================================
Received Import Request.
  Time since last request: 0.000016 seconds.
  path: Assets/Blockout/Prefabs/Blocks Basic/Block_Slope_Corner_2x2x2.prefab
  artifactKey: Guid(c6c654863892eaa4a8297d406acdadb1) Importer(815301076,1909f56bfc062723c751e8b465ee728b)
Start importing Assets/Blockout/Prefabs/Blocks Basic/Block_Slope_Corner_2x2x2.prefab using Guid(c6c654863892eaa4a8297d406acdadb1) Importer(815301076,1909f56bfc062723c751e8b465ee728b)  -> (artifact id: '83155539f2cee38fa7638e5c8c2b7ff3') in 0.011163 seconds 
========================================================================
Received Import Request.
  Time since last request: 0.352950 seconds.
  path: Assets/Blockout/Prefabs/Blocks Basic/Blocks Alt/Block_Wall_Angle_05x1x2.prefab
  artifactKey: Guid(86350af239552e54d8c34c997a8a5bc7) Importer(815301076,1909f56bfc062723c751e8b465ee728b)
Start importing Assets/Blockout/Prefabs/Blocks Basic/Blocks Alt/Block_Wall_Angle_05x1x2.prefab using Guid(86350af239552e54d8c34c997a8a5bc7) Importer(815301076,1909f56bfc062723c751e8b465ee728b)  -> (artifact id: '0f9eaae92226a9597daad1e4302c8ac4') in 0.011022 seconds 
========================================================================
Received Import Request.
  Time since last request: 0.027457 seconds.
  path: Assets/Blockout/Prefabs/Blocks Basic/Blocks Alt/Block_Wall_Angle_05x2x1.prefab
  artifactKey: Guid(884a692723eb17448bb485b44e20c45c) Importer(815301076,1909f56bfc062723c751e8b465ee728b)
Start importing Assets/Blockout/Prefabs/Blocks Basic/Blocks Alt/Block_Wall_Angle_05x2x1.prefab using Guid(884a692723eb17448bb485b44e20c45c) Importer(815301076,1909f56bfc062723c751e8b465ee728b)  -> (artifact id: '8091a804203c488cbec6c2d4b9fe41aa') in 0.010239 seconds 
========================================================================
Received Import Request.
  Time since last request: 0.000018 seconds.
  path: Assets/Blockout/Prefabs/Blocks Basic/Blocks Caps/Block_Wall_Pillar_Cap_T3_1x05x1.prefab
  artifactKey: Guid(a63205f73843dff499dfda8c21312f76) Importer(815301076,1909f56bfc062723c751e8b465ee728b)
Start importing Assets/Blockout/Prefabs/Blocks Basic/Blocks Caps/Block_Wall_Pillar_Cap_T3_1x05x1.prefab using Guid(a63205f73843dff499dfda8c21312f76) Importer(815301076,1909f56bfc062723c751e8b465ee728b)  -> (artifact id: '2c0abfdaad5f7c74c72800109248f955') in 0.010590 seconds 
========================================================================
Received Import Request.
  Time since last request: 0.000017 seconds.
  path: Assets/Blockout/Prefabs/Blocks Basic/Blocks Alt/Block_Wall_Angle_05x2x2.prefab
  artifactKey: Guid(d67d748d90dc8ae48a0b37a0dcb25536) Importer(815301076,1909f56bfc062723c751e8b465ee728b)
Start importing Assets/Blockout/Prefabs/Blocks Basic/Blocks Alt/Block_Wall_Angle_05x2x2.prefab using Guid(d67d748d90dc8ae48a0b37a0dcb25536) Importer(815301076,1909f56bfc062723c751e8b465ee728b)  -> (artifact id: 'e8d47dac7915a8b91b41b0c134a15319') in 0.010317 seconds 
========================================================================
Received Import Request.
  Time since last request: 0.000014 seconds.
  path: Assets/Blockout/Prefabs/Blocks Basic/Blocks Alt/Block_Wall_Inner_Circle_05x1x1.prefab
  artifactKey: Guid(c0716f95da616b04f9e83467492bf247) Importer(815301076,1909f56bfc062723c751e8b465ee728b)
Start importing Assets/Blockout/Prefabs/Blocks Basic/Blocks Alt/Block_Wall_Inner_Circle_05x1x1.prefab using Guid(c0716f95da616b04f9e83467492bf247) Importer(815301076,1909f56bfc062723c751e8b465ee728b)  -> (artifact id: '51cbc7ab3b3d01d09029d0e744ea2c25') in 0.010823 seconds 
========================================================================
Received Import Request.
  Time since last request: 0.000013 seconds.
  path: Assets/Blockout/Prefabs/Blocks Basic/Blocks Alt/Block_Wall_Inner_Circle_05x3x3.prefab
  artifactKey: Guid(ec1d3f3ab648fd84f83fd3fc84fea063) Importer(815301076,1909f56bfc062723c751e8b465ee728b)
Start importing Assets/Blockout/Prefabs/Blocks Basic/Blocks Alt/Block_Wall_Inner_Circle_05x3x3.prefab using Guid(ec1d3f3ab648fd84f83fd3fc84fea063) Importer(815301076,1909f56bfc062723c751e8b465ee728b)  -> (artifact id: 'bc0c3de785af915d495fcba48b0474b9') in 0.011147 seconds 
========================================================================
Received Import Request.
  Time since last request: 0.000015 seconds.
  path: Assets/Blockout/Prefabs/Blocks Basic/Blocks Pillars/Block_Wall_Pillar_T1_1x3x1.prefab
  artifactKey: Guid(70ccd430aa7dcf64b9eee1a2faa89f6f) Importer(815301076,1909f56bfc062723c751e8b465ee728b)
Start importing Assets/Blockout/Prefabs/Blocks Basic/Blocks Pillars/Block_Wall_Pillar_T1_1x3x1.prefab using Guid(70ccd430aa7dcf64b9eee1a2faa89f6f) Importer(815301076,1909f56bfc062723c751e8b465ee728b)  -> (artifact id: '273ebb54ab0894167385a4772e04878a') in 0.010194 seconds 
========================================================================
Received Import Request.
  Time since last request: 0.000016 seconds.
  path: Assets/Blockout/Prefabs/Blocks Basic/Block_Wall_Pillar_T3_1x025x1.prefab
  artifactKey: Guid(44fa264e9b9886847baa3fd36ff9966e) Importer(815301076,1909f56bfc062723c751e8b465ee728b)
Start importing Assets/Blockout/Prefabs/Blocks Basic/Block_Wall_Pillar_T3_1x025x1.prefab using Guid(44fa264e9b9886847baa3fd36ff9966e) Importer(815301076,1909f56bfc062723c751e8b465ee728b)  -> (artifact id: 'b100732db67099439e4440975123afe5') in 0.010500 seconds 
========================================================================
Received Import Request.
  Time since last request: 0.000011 seconds.
  path: Assets/Blockout/Prefabs/Blocks Basic/Blocks Pillars/Block_Wall_Pillar_T2_1x3x1.prefab
  artifactKey: Guid(1f74723213e405f4aba2bc71bf34f463) Importer(815301076,1909f56bfc062723c751e8b465ee728b)
Start importing Assets/Blockout/Prefabs/Blocks Basic/Blocks Pillars/Block_Wall_Pillar_T2_1x3x1.prefab using Guid(1f74723213e405f4aba2bc71bf34f463) Importer(815301076,1909f56bfc062723c751e8b465ee728b)  -> (artifact id: '8d21820571216cd7c78d7383b44b2e13') in 0.010005 seconds 
========================================================================
Received Import Request.
  Time since last request: 0.000015 seconds.
  path: Assets/Blockout/Prefabs/Blocks Basic/Blocks Pillars/Block_Wall_Pillar_T3_1x2x1.prefab
  artifactKey: Guid(3f2e51a8f0c8d70409237874f5f1c7cd) Importer(815301076,1909f56bfc062723c751e8b465ee728b)
Start importing Assets/Blockout/Prefabs/Blocks Basic/Blocks Pillars/Block_Wall_Pillar_T3_1x2x1.prefab using Guid(3f2e51a8f0c8d70409237874f5f1c7cd) Importer(815301076,1909f56bfc062723c751e8b465ee728b)  -> (artifact id: '14d9b67a2414dc60f04103dfb4380938') in 0.009941 seconds 
========================================================================
Received Import Request.
  Time since last request: 0.000015 seconds.
  path: Assets/Blockout/Prefabs/Blocks Basic/Blocks Pillars/Block_Wall_Pillar_T2_1x2x1.prefab
  artifactKey: Guid(07889010e300bec418a77a74074609c9) Importer(815301076,1909f56bfc062723c751e8b465ee728b)
Start importing Assets/Blockout/Prefabs/Blocks Basic/Blocks Pillars/Block_Wall_Pillar_T2_1x2x1.prefab using Guid(07889010e300bec418a77a74074609c9) Importer(815301076,1909f56bfc062723c751e8b465ee728b)  -> (artifact id: '06967e04ae4fd5bc46069f5e7e9208b9') in 0.009836 seconds 
========================================================================
Received Import Request.
  Time since last request: 0.000019 seconds.
  path: Assets/Blockout/Prefabs/Blocks Basic/Block_Wall_Pillar_T1_1x025x1.prefab
  artifactKey: Guid(6f4f17a963192674a9ed783873579a25) Importer(815301076,1909f56bfc062723c751e8b465ee728b)
Start importing Assets/Blockout/Prefabs/Blocks Basic/Block_Wall_Pillar_T1_1x025x1.prefab using Guid(6f4f17a963192674a9ed783873579a25) Importer(815301076,1909f56bfc062723c751e8b465ee728b)  -> (artifact id: '10920e4efb45c996db7986dd02bb7b42') in 0.010960 seconds 
========================================================================
Received Import Request.
  Time since last request: 0.000028 seconds.
  path: Assets/Blockout/Prefabs/Blocks Basic/Blocks Caps/Block_Wall_Pillar_End_T3_1x1x1.prefab
  artifactKey: Guid(6735c383bd546da41bbd51e2846de9ea) Importer(815301076,1909f56bfc062723c751e8b465ee728b)
Start importing Assets/Blockout/Prefabs/Blocks Basic/Blocks Caps/Block_Wall_Pillar_End_T3_1x1x1.prefab using Guid(6735c383bd546da41bbd51e2846de9ea) Importer(815301076,1909f56bfc062723c751e8b465ee728b)  -> (artifact id: '5c6ade7ba9cdfbea89ef6b12c34a7ced') in 0.010174 seconds 
========================================================================
Received Import Request.
  Time since last request: 0.000014 seconds.
  path: Assets/Blockout/Prefabs/Blocks Basic/Blocks Pillars/Block_Wall_Pillar_T2_1x4x1.prefab
  artifactKey: Guid(f96b1f41452104d4e95acf9aa7cd614e) Importer(815301076,1909f56bfc062723c751e8b465ee728b)
Start importing Assets/Blockout/Prefabs/Blocks Basic/Blocks Pillars/Block_Wall_Pillar_T2_1x4x1.prefab using Guid(f96b1f41452104d4e95acf9aa7cd614e) Importer(815301076,1909f56bfc062723c751e8b465ee728b)  -> (artifact id: '8836f14b117beff43e89d6f80fd73d3c') in 0.011313 seconds 
========================================================================
Received Import Request.
  Time since last request: 0.000014 seconds.
  path: Assets/Blockout/Prefabs/Blocks Basic/Blocks Pillars/Block_Wall_Pillar_T2_1x5x1.prefab
  artifactKey: Guid(c25ee51588fe446439ddf1d132fbbcc8) Importer(815301076,1909f56bfc062723c751e8b465ee728b)
Start importing Assets/Blockout/Prefabs/Blocks Basic/Blocks Pillars/Block_Wall_Pillar_T2_1x5x1.prefab using Guid(c25ee51588fe446439ddf1d132fbbcc8) Importer(815301076,1909f56bfc062723c751e8b465ee728b)  -> (artifact id: '81622e0099443f0da133b845dcc82d18') in 0.010172 seconds 
========================================================================
Received Import Request.
  Time since last request: 0.000020 seconds.
  path: Assets/Blockout/Prefabs/Blocks Basic/Blocks Pillars/Block_Wall_Pillar_T1_1x5x1.prefab
  artifactKey: Guid(4419a425aeb28034e9511b02c80ddd81) Importer(815301076,1909f56bfc062723c751e8b465ee728b)
Start importing Assets/Blockout/Prefabs/Blocks Basic/Blocks Pillars/Block_Wall_Pillar_T1_1x5x1.prefab using Guid(4419a425aeb28034e9511b02c80ddd81) Importer(815301076,1909f56bfc062723c751e8b465ee728b)  -> (artifact id: 'e4c7b3968700ed8849a7e4f4778e3911') in 0.010692 seconds 
========================================================================
Received Import Request.
  Time since last request: 0.000014 seconds.
  path: Assets/Blockout/Prefabs/Blocks Basic/Blocks Caps/Block_Wall_Pillar_Cap3_T1_1x1x1.prefab
  artifactKey: Guid(ad511df75acbe3543b23f8df801b30f2) Importer(815301076,1909f56bfc062723c751e8b465ee728b)
Start importing Assets/Blockout/Prefabs/Blocks Basic/Blocks Caps/Block_Wall_Pillar_Cap3_T1_1x1x1.prefab using Guid(ad511df75acbe3543b23f8df801b30f2) Importer(815301076,1909f56bfc062723c751e8b465ee728b)  -> (artifact id: '099ba32c543623aa5494fed2a20a19a4') in 0.011996 seconds 
========================================================================
Received Import Request.
  Time since last request: 0.000014 seconds.
  path: Assets/Blockout/Prefabs/Blocks Basic/Blocks Pillars/Block_Wall_Pillar_T3_1x4x1.prefab
  artifactKey: Guid(d4e4f0b140d7d464d97215b94542e209) Importer(815301076,1909f56bfc062723c751e8b465ee728b)
Start importing Assets/Blockout/Prefabs/Blocks Basic/Blocks Pillars/Block_Wall_Pillar_T3_1x4x1.prefab using Guid(d4e4f0b140d7d464d97215b94542e209) Importer(815301076,1909f56bfc062723c751e8b465ee728b)  -> (artifact id: 'ab277f2efd25a915f12c652b49f94d80') in 0.011753 seconds 
========================================================================
Received Import Request.
  Time since last request: 0.000013 seconds.
  path: Assets/Blockout/Prefabs/Blocks Basic/Blocks Caps/Block_Wall_Pillar_Cap2_T1_1x1x1.prefab
  artifactKey: Guid(4ecf23b6a16d3cb42b6e053b9e6b3e68) Importer(815301076,1909f56bfc062723c751e8b465ee728b)
Start importing Assets/Blockout/Prefabs/Blocks Basic/Blocks Caps/Block_Wall_Pillar_Cap2_T1_1x1x1.prefab using Guid(4ecf23b6a16d3cb42b6e053b9e6b3e68) Importer(815301076,1909f56bfc062723c751e8b465ee728b)  -> (artifact id: 'a48ebb52665c263613cf88e1e2e8e5d0') in 0.012902 seconds 
========================================================================
Received Import Request.
  Time since last request: 0.000016 seconds.
  path: Assets/Blockout/Prefabs/Blocks Basic/Blocks Caps/Block_Wall_Pillar_Cap_T4_1x05x1.prefab
  artifactKey: Guid(b638914a664040a46a17eb4892394735) Importer(815301076,1909f56bfc062723c751e8b465ee728b)
Start importing Assets/Blockout/Prefabs/Blocks Basic/Blocks Caps/Block_Wall_Pillar_Cap_T4_1x05x1.prefab using Guid(b638914a664040a46a17eb4892394735) Importer(815301076,1909f56bfc062723c751e8b465ee728b)  -> (artifact id: 'a0e3979d61bdf2d9a97f1e3fe4f4ad9c') in 0.010027 seconds 
========================================================================
Received Import Request.
  Time since last request: 0.000020 seconds.
  path: Assets/Blockout/Prefabs/Blocks Basic/Blocks Caps/Block_Wall_Pillar_End_T2_1x1x1.prefab
  artifactKey: Guid(278ba83da076d314ea75b02e8250b68e) Importer(815301076,1909f56bfc062723c751e8b465ee728b)
Start importing Assets/Blockout/Prefabs/Blocks Basic/Blocks Caps/Block_Wall_Pillar_End_T2_1x1x1.prefab using Guid(278ba83da076d314ea75b02e8250b68e) Importer(815301076,1909f56bfc062723c751e8b465ee728b)  -> (artifact id: 'b9dc97d6fff4fe7041a8eb1a93820782') in 0.011631 seconds 
========================================================================
Received Import Request.
  Time since last request: 0.000014 seconds.
  path: Assets/Blockout/Prefabs/Blocks Basic/Blocks Alt/Block_Wall_Angle_05x2x4.prefab
  artifactKey: Guid(78f9608c04a3d0b4b9b8ba0b976198f9) Importer(815301076,1909f56bfc062723c751e8b465ee728b)
Start importing Assets/Blockout/Prefabs/Blocks Basic/Blocks Alt/Block_Wall_Angle_05x2x4.prefab using Guid(78f9608c04a3d0b4b9b8ba0b976198f9) Importer(815301076,1909f56bfc062723c751e8b465ee728b)  -> (artifact id: '2138b87dc4b9d065ce8076421b827156') in 0.011013 seconds 
========================================================================
Received Import Request.
  Time since last request: 0.000016 seconds.
  path: Assets/Blockout/Prefabs/Blocks Basic/Blocks Pillars/Block_Wall_Pillar_T4_1x1x1.prefab
  artifactKey: Guid(ea097cc186a46d64e8a8a271b4ea882f) Importer(815301076,1909f56bfc062723c751e8b465ee728b)
Start importing Assets/Blockout/Prefabs/Blocks Basic/Blocks Pillars/Block_Wall_Pillar_T4_1x1x1.prefab using Guid(ea097cc186a46d64e8a8a271b4ea882f) Importer(815301076,1909f56bfc062723c751e8b465ee728b)  -> (artifact id: 'f2893e9d27b77ddd15a00acef20016bd') in 0.011440 seconds 
========================================================================
Received Prepare
Registering precompiled user dll's ...
Registered in 0.004843 seconds.
Begin MonoManager ReloadAssembly
Symbol file LoadedFromMemory doesn't match image D:\Informatik\Unity Projekte\SpielStop\SpielstoppBuild\Library\PackageCache\com.unity.visualscripting@1.7.8\Editor\VisualScripting.Core\Dependencies\YamlDotNet\Unity.VisualScripting.YamlDotNet.dll
Symbol file LoadedFromMemory doesn't match image D:\Informatik\Unity Projekte\SpielStop\SpielstoppBuild\Library\PackageCache\com.unity.visualscripting@1.7.8\Editor\VisualScripting.Core\Dependencies\DotNetZip\Unity.VisualScripting.IonicZip.dll
Native extension for WindowsStandalone target not found
Refreshing native plugins compatible for Editor in 1.17 ms, found 3 plugins.
Preloading 0 native plugins for Editor in 0.00 ms.
Mono: successfully reloaded assembly
- Completed reload, in  0.726 seconds
Domain Reload Profiling:
	ReloadAssembly (726ms)
		BeginReloadAssembly (110ms)
			ExecutionOrderSort (0ms)
			DisableScriptedObjects (4ms)
			BackupInstance (0ms)
			ReleaseScriptingObjects (0ms)
			CreateAndSetChildDomain (36ms)
		EndReloadAssembly (550ms)
			LoadAssemblies (61ms)
			RebuildTransferFunctionScriptingTraits (0ms)
			SetupTypeCache (185ms)
			ReleaseScriptCaches (1ms)
			RebuildScriptCaches (29ms)
			SetupLoadedEditorAssemblies (245ms)
				LogAssemblyErrors (0ms)
				InitializePlatformSupportModulesInManaged (10ms)
				SetLoadedEditorAssemblies (0ms)
				RefreshPlugins (1ms)
				BeforeProcessingInitializeOnLoad (51ms)
				ProcessInitializeOnLoadAttributes (162ms)
				ProcessInitializeOnLoadMethodAttributes (18ms)
				AfterProcessingInitializeOnLoad (2ms)
				EditorAssembliesLoaded (0ms)
			ExecutionOrderSort2 (0ms)
			AwakeInstancesAfterBackupRestoration (7ms)
Platform modules already initialized, skipping
Refreshing native plugins compatible for Editor in 1.05 ms, found 3 plugins.
Preloading 0 native plugins for Editor in 0.00 ms.
Unloading 3797 Unused Serialized files (Serialized files now loaded: 0)
Unloading 54 unused Assets / (3.2 MB). Loaded Objects now: 4427.
Memory consumption went from 166.3 MB to 163.1 MB.
Total: 3.240700 ms (FindLiveObjects: 0.263000 ms CreateObjectMapping: 0.085000 ms MarkObjects: 1.997700 ms  DeleteObjects: 0.893900 ms)

AssetImportParameters requested are different than current active one (requested -> active):
  custom:video-decoder-ogg-theora: a1e56fd34408186e4bbccfd4996cb3dc -> 
  custom:container-muxer-webm: aa71ff27fc2769a1b78a27578f13a17b -> 
  custom:container-demuxer-webm: 4f35f7cbe854078d1ac9338744f61a02 -> 
  custom:video-encoder-webm-vp8: eb34c28f22e8b96e1ab97ce403110664 -> 
  custom:audio-encoder-webm-vorbis: bf7c407c2cedff20999df2af8eb42d56 -> 
  custom:framework-win-MediaFoundation: 216162199b28c13a410421893ffa2e32 -> 
  custom:container-demuxer-ogg: 62fdf1f143b41e24485cea50d1cbac27 -> 
  custom:video-decoder-webm-vp8: 9c59270c3fd7afecdb556c50c9e8de78 -> 
  custom:audio-decoder-ogg-vorbis: bf7c407c2cedff20999df2af8eb42d56 -> 
========================================================================
Received Import Request.
  Time since last request: 433.323470 seconds.
  path: Assets/Blockout/Prefabs/Blocks Basic/Block_Corner_T5_1x025x1.prefab
  artifactKey: Guid(85ad871799e1a4841a58816b5eb48a41) Importer(815301076,1909f56bfc062723c751e8b465ee728b)
Start importing Assets/Blockout/Prefabs/Blocks Basic/Block_Corner_T5_1x025x1.prefab using Guid(85ad871799e1a4841a58816b5eb48a41) Importer(815301076,1909f56bfc062723c751e8b465ee728b)  -> (artifact id: 'd2ceb437be453f5a2830e1a29d31c518') in 0.048110 seconds 
========================================================================
Received Import Request.
  Time since last request: 0.000016 seconds.
  path: Assets/Blockout/Prefabs/Floor/Blocks Floor Slope/Block_Slope_T2_1x05x005.prefab
  artifactKey: Guid(3ad666bf0fd30bb469c93ffc2d6e94a1) Importer(815301076,1909f56bfc062723c751e8b465ee728b)
Start importing Assets/Blockout/Prefabs/Floor/Blocks Floor Slope/Block_Slope_T2_1x05x005.prefab using Guid(3ad666bf0fd30bb469c93ffc2d6e94a1) Importer(815301076,1909f56bfc062723c751e8b465ee728b)  -> (artifact id: 'c6434bf5e4be380ef743b147b9abdbe0') in 0.013164 seconds 
========================================================================
Received Import Request.
  Time since last request: 0.000013 seconds.
  path: Assets/Blockout/Prefabs/Blocks Basic/Blocks Corner Inner/Block_Inner_Corner_T2_1x5x1.prefab
  artifactKey: Guid(f11afaeea897c8c458f2070594563144) Importer(815301076,1909f56bfc062723c751e8b465ee728b)
Start importing Assets/Blockout/Prefabs/Blocks Basic/Blocks Corner Inner/Block_Inner_Corner_T2_1x5x1.prefab using Guid(f11afaeea897c8c458f2070594563144) Importer(815301076,1909f56bfc062723c751e8b465ee728b)  -> (artifact id: 'ebe99b8a1d398e72a27afacfc0002422') in 0.009526 seconds 
========================================================================
Received Import Request.
  Time since last request: 0.000014 seconds.
  path: Assets/Blockout/Prefabs/Floor/Blocks Floor Slope/Block_Slope_T1_1x05x3.prefab
  artifactKey: Guid(0b88d7a30f073f54a8364b4fc049b883) Importer(815301076,1909f56bfc062723c751e8b465ee728b)
Start importing Assets/Blockout/Prefabs/Floor/Blocks Floor Slope/Block_Slope_T1_1x05x3.prefab using Guid(0b88d7a30f073f54a8364b4fc049b883) Importer(815301076,1909f56bfc062723c751e8b465ee728b)  -> (artifact id: '799172c596f312a2f1937882eeb75797') in 0.010046 seconds 
========================================================================
Received Import Request.
  Time since last request: 0.000017 seconds.
  path: Assets/Blockout/Prefabs/Blocks Basic/Blocks Pillars/Block_Wall_Pillar_T2_1x1x1.prefab
  artifactKey: Guid(c0035b1b9158ea149804a7d9d7ecd689) Importer(815301076,1909f56bfc062723c751e8b465ee728b)
Start importing Assets/Blockout/Prefabs/Blocks Basic/Blocks Pillars/Block_Wall_Pillar_T2_1x1x1.prefab using Guid(c0035b1b9158ea149804a7d9d7ecd689) Importer(815301076,1909f56bfc062723c751e8b465ee728b)  -> (artifact id: '6e1567e08451b3123084ca565b8f3c4e') in 0.010202 seconds 
========================================================================
Received Import Request.
  Time since last request: 0.000023 seconds.
  path: Assets/Blockout/Prefabs/Blocks Basic/Block_Slope_1x3x1.prefab
  artifactKey: Guid(4d8bfafbab843a5458381695290a40bc) Importer(815301076,1909f56bfc062723c751e8b465ee728b)
Start importing Assets/Blockout/Prefabs/Blocks Basic/Block_Slope_1x3x1.prefab using Guid(4d8bfafbab843a5458381695290a40bc) Importer(815301076,1909f56bfc062723c751e8b465ee728b)  -> (artifact id: '7b453934bde4c20298c366fb7e5284c0') in 0.010451 seconds 
========================================================================
Received Import Request.
  Time since last request: 0.000015 seconds.
  path: Assets/Blockout/Prefabs/Blocks Basic/Blocks Pillars/Block_Wall_Pillar_T1_1x3x1.prefab
  artifactKey: Guid(70ccd430aa7dcf64b9eee1a2faa89f6f) Importer(815301076,1909f56bfc062723c751e8b465ee728b)
Start importing Assets/Blockout/Prefabs/Blocks Basic/Blocks Pillars/Block_Wall_Pillar_T1_1x3x1.prefab using Guid(70ccd430aa7dcf64b9eee1a2faa89f6f) Importer(815301076,1909f56bfc062723c751e8b465ee728b)  -> (artifact id: 'a7e51ea983b81654e2c4c850eaed9563') in 0.009468 seconds 
========================================================================
Received Import Request.
  Time since last request: 0.000015 seconds.
  path: Assets/Blockout/Prefabs/Blocks Basic/Block_Wall_Pillar_T3_1x025x1.prefab
  artifactKey: Guid(44fa264e9b9886847baa3fd36ff9966e) Importer(815301076,1909f56bfc062723c751e8b465ee728b)
Start importing Assets/Blockout/Prefabs/Blocks Basic/Block_Wall_Pillar_T3_1x025x1.prefab using Guid(44fa264e9b9886847baa3fd36ff9966e) Importer(815301076,1909f56bfc062723c751e8b465ee728b)  -> (artifact id: 'db546b066150af511a9235f09308805a') in 0.010555 seconds 
========================================================================
Received Import Request.
  Time since last request: 0.000015 seconds.
  path: Assets/Blockout/Prefabs/Blocks Basic/Blocks Alt/Block_Wall_Angle_05x2x2.prefab
  artifactKey: Guid(d67d748d90dc8ae48a0b37a0dcb25536) Importer(815301076,1909f56bfc062723c751e8b465ee728b)
Start importing Assets/Blockout/Prefabs/Blocks Basic/Blocks Alt/Block_Wall_Angle_05x2x2.prefab using Guid(d67d748d90dc8ae48a0b37a0dcb25536) Importer(815301076,1909f56bfc062723c751e8b465ee728b)  -> (artifact id: '575ff7e3865a5872bb12a40ce9582b53') in 0.009272 seconds 
========================================================================
Received Import Request.
  Time since last request: 0.000016 seconds.
  path: Assets/Blockout/Prefabs/Blocks Basic/Block_Slope_Corner_4x4x4.prefab
  artifactKey: Guid(d8d8f94716278f1499919321884de4d6) Importer(815301076,1909f56bfc062723c751e8b465ee728b)
Start importing Assets/Blockout/Prefabs/Blocks Basic/Block_Slope_Corner_4x4x4.prefab using Guid(d8d8f94716278f1499919321884de4d6) Importer(815301076,1909f56bfc062723c751e8b465ee728b)  -> (artifact id: '52212dd884833014e36efe7fa4accfb0') in 0.009388 seconds 
========================================================================
Received Import Request.
  Time since last request: 0.000019 seconds.
  path: Assets/Blockout/Prefabs/Blocks Basic/Blocks Alt/Block_Wall_Inner_Circle_05x1x1.prefab
  artifactKey: Guid(c0716f95da616b04f9e83467492bf247) Importer(815301076,1909f56bfc062723c751e8b465ee728b)
Start importing Assets/Blockout/Prefabs/Blocks Basic/Blocks Alt/Block_Wall_Inner_Circle_05x1x1.prefab using Guid(c0716f95da616b04f9e83467492bf247) Importer(815301076,1909f56bfc062723c751e8b465ee728b)  -> (artifact id: '9f5572ef0932ac4c24adcc5b64ebbb77') in 0.009197 seconds 
========================================================================
Received Import Request.
  Time since last request: 0.000025 seconds.
  path: Assets/Blockout/Prefabs/Floor/Blocks Floor Slope/Block_Slope_T1_Corner_05x05x05.prefab
  artifactKey: Guid(7af51f28ab794a04fb81baa8588aa1cc) Importer(815301076,1909f56bfc062723c751e8b465ee728b)
Start importing Assets/Blockout/Prefabs/Floor/Blocks Floor Slope/Block_Slope_T1_Corner_05x05x05.prefab using Guid(7af51f28ab794a04fb81baa8588aa1cc) Importer(815301076,1909f56bfc062723c751e8b465ee728b)  -> (artifact id: '152c314345f2ee779fc06f0bf1608627') in 0.010875 seconds 
========================================================================
Received Import Request.
  Time since last request: 0.000015 seconds.
  path: Assets/Blockout/Prefabs/Blocks Basic/Blocks Pillars/Block_Wall_Pillar_T3_1x5x1.prefab
  artifactKey: Guid(e0e03866837b007458271a9373e8b41c) Importer(815301076,1909f56bfc062723c751e8b465ee728b)
Start importing Assets/Blockout/Prefabs/Blocks Basic/Blocks Pillars/Block_Wall_Pillar_T3_1x5x1.prefab using Guid(e0e03866837b007458271a9373e8b41c) Importer(815301076,1909f56bfc062723c751e8b465ee728b)  -> (artifact id: '07fba62b0a6acc4a6d93c9b22bf3db4e') in 0.009682 seconds 
========================================================================
Received Import Request.
  Time since last request: 0.000013 seconds.
  path: Assets/Blockout/Prefabs/Blocks Basic/Blocks Pillars/Block_Pillar_T1_1x4x1.prefab
  artifactKey: Guid(323cfbaf31e67e9468fb8f92101c4911) Importer(815301076,1909f56bfc062723c751e8b465ee728b)
Start importing Assets/Blockout/Prefabs/Blocks Basic/Blocks Pillars/Block_Pillar_T1_1x4x1.prefab using Guid(323cfbaf31e67e9468fb8f92101c4911) Importer(815301076,1909f56bfc062723c751e8b465ee728b)  -> (artifact id: '5623c592ba22508492715b3034ff2d89') in 0.012191 seconds 
========================================================================
Received Import Request.
  Time since last request: 0.000019 seconds.
  path: Assets/Blockout/Prefabs/Blocks Basic/Blocks Corner Inner/Block_Inner_Corner_T3_1x2x1.prefab
  artifactKey: Guid(07c548d382cabb84cbfa4337bf618b96) Importer(815301076,1909f56bfc062723c751e8b465ee728b)
Start importing Assets/Blockout/Prefabs/Blocks Basic/Blocks Corner Inner/Block_Inner_Corner_T3_1x2x1.prefab using Guid(07c548d382cabb84cbfa4337bf618b96) Importer(815301076,1909f56bfc062723c751e8b465ee728b)  -> (artifact id: '69f8d7d0c5a295650d1861455cd268b2') in 0.009276 seconds 
========================================================================
Received Import Request.
  Time since last request: 0.000021 seconds.
  path: Assets/Blockout/Prefabs/Blocks Basic/Block_Slope_5x5x5.prefab
  artifactKey: Guid(18ef83fe26a8e5a4fbb3de4c55cbb16e) Importer(815301076,1909f56bfc062723c751e8b465ee728b)
Start importing Assets/Blockout/Prefabs/Blocks Basic/Block_Slope_5x5x5.prefab using Guid(18ef83fe26a8e5a4fbb3de4c55cbb16e) Importer(815301076,1909f56bfc062723c751e8b465ee728b)  -> (artifact id: 'c976cde4f8b06936eedc49c57cf0192a') in 0.009869 seconds 
========================================================================
Received Import Request.
  Time since last request: 0.000018 seconds.
  path: Assets/Blockout/Prefabs/Blocks Basic/Blocks Caps/Block_Wall_Pillar_Cap_T2_1x05x1.prefab
  artifactKey: Guid(8d1ffe2fd4a777142bf7e4f21565703d) Importer(815301076,1909f56bfc062723c751e8b465ee728b)
Start importing Assets/Blockout/Prefabs/Blocks Basic/Blocks Caps/Block_Wall_Pillar_Cap_T2_1x05x1.prefab using Guid(8d1ffe2fd4a777142bf7e4f21565703d) Importer(815301076,1909f56bfc062723c751e8b465ee728b)  -> (artifact id: 'bb1b37e16dfc7150bc71d6936322ac0b') in 0.010258 seconds 
========================================================================
Received Import Request.
  Time since last request: 0.000016 seconds.
  path: Assets/Blockout/Prefabs/Blocks Basic/Blocks Pillars/Block_Wall_Pillar_T3_1x3x1.prefab
  artifactKey: Guid(7d6c3a63dd67ccd428f94cabc77da3cb) Importer(815301076,1909f56bfc062723c751e8b465ee728b)
Start importing Assets/Blockout/Prefabs/Blocks Basic/Blocks Pillars/Block_Wall_Pillar_T3_1x3x1.prefab using Guid(7d6c3a63dd67ccd428f94cabc77da3cb) Importer(815301076,1909f56bfc062723c751e8b465ee728b)  -> (artifact id: '463a3ca867f9c8a5bec2f995b647db24') in 0.009794 seconds 
========================================================================
Received Import Request.
  Time since last request: 0.000020 seconds.
  path: Assets/Blockout/Prefabs/Blocks Basic/Blocks Corner Inner/Block_Inner_Corner_T3_1x1x1.prefab
  artifactKey: Guid(db41ccfb0398ae84bb3ac2eccc2f9e53) Importer(815301076,1909f56bfc062723c751e8b465ee728b)
Start importing Assets/Blockout/Prefabs/Blocks Basic/Blocks Corner Inner/Block_Inner_Corner_T3_1x1x1.prefab using Guid(db41ccfb0398ae84bb3ac2eccc2f9e53) Importer(815301076,1909f56bfc062723c751e8b465ee728b)  -> (artifact id: '8d73a7fc7a4903e29a67f81a335534cb') in 0.011073 seconds 
========================================================================
Received Import Request.
  Time since last request: 0.000014 seconds.
  path: Assets/Blockout/Prefabs/Blocks Basic/Blocks Pillars/Block_Wall_Pillar_T2_1x2x1.prefab
  artifactKey: Guid(07889010e300bec418a77a74074609c9) Importer(815301076,1909f56bfc062723c751e8b465ee728b)
Start importing Assets/Blockout/Prefabs/Blocks Basic/Blocks Pillars/Block_Wall_Pillar_T2_1x2x1.prefab using Guid(07889010e300bec418a77a74074609c9) Importer(815301076,1909f56bfc062723c751e8b465ee728b)  -> (artifact id: 'e6201c07d89ea7138c375b31d3278ef9') in 0.019252 seconds 
========================================================================
Received Import Request.
  Time since last request: 0.000017 seconds.
  path: Assets/Blockout/Prefabs/Blocks Basic/Blocks Pillars/Block_Pillar_T3_1x5x1.prefab
  artifactKey: Guid(d7e938173698d924aa7ffccddcd87fa0) Importer(815301076,1909f56bfc062723c751e8b465ee728b)
Start importing Assets/Blockout/Prefabs/Blocks Basic/Blocks Pillars/Block_Pillar_T3_1x5x1.prefab using Guid(d7e938173698d924aa7ffccddcd87fa0) Importer(815301076,1909f56bfc062723c751e8b465ee728b)  -> (artifact id: 'cf22536e3575774c0e2c509ba34605fb') in 0.009741 seconds 
========================================================================
Received Import Request.
  Time since last request: 0.000015 seconds.
  path: Assets/Blockout/Prefabs/Blocks Basic/Blocks Pillars/Block_Pillar_T2_1x3x1.prefab
  artifactKey: Guid(875b7289c09fbd248abedc5baf0f8362) Importer(815301076,1909f56bfc062723c751e8b465ee728b)
Start importing Assets/Blockout/Prefabs/Blocks Basic/Blocks Pillars/Block_Pillar_T2_1x3x1.prefab using Guid(875b7289c09fbd248abedc5baf0f8362) Importer(815301076,1909f56bfc062723c751e8b465ee728b)  -> (artifact id: '157ab488731ac51e5785ee7822b74c4e') in 0.010235 seconds 
========================================================================
Received Import Request.
  Time since last request: 0.000016 seconds.
  path: Assets/Blockout/Prefabs/Floor/Blocks Floor Slope/Block_Slope_T2_Inverse_1x05x05.prefab
  artifactKey: Guid(c8e98dd549bc84e44b8941de0c673d78) Importer(815301076,1909f56bfc062723c751e8b465ee728b)
Start importing Assets/Blockout/Prefabs/Floor/Blocks Floor Slope/Block_Slope_T2_Inverse_1x05x05.prefab using Guid(c8e98dd549bc84e44b8941de0c673d78) Importer(815301076,1909f56bfc062723c751e8b465ee728b)  -> (artifact id: '1bb7eb7c68682a54b528eba5e3015564') in 0.010805 seconds 
========================================================================
Received Import Request.
  Time since last request: 0.000016 seconds.
  path: Assets/Blockout/Prefabs/Blocks Basic/Blocks Corner Inner/Block_Inner_Corner_T3_1x4x1.prefab
  artifactKey: Guid(88fd4e8fd033cd3478ec82c6953c3a48) Importer(815301076,1909f56bfc062723c751e8b465ee728b)
Start importing Assets/Blockout/Prefabs/Blocks Basic/Blocks Corner Inner/Block_Inner_Corner_T3_1x4x1.prefab using Guid(88fd4e8fd033cd3478ec82c6953c3a48) Importer(815301076,1909f56bfc062723c751e8b465ee728b)  -> (artifact id: 'e72a7443b237ce4933a88fff6e939ca5') in 0.009837 seconds 
========================================================================
Received Import Request.
  Time since last request: 0.000024 seconds.
  path: Assets/Blockout/Prefabs/Blocks Basic/Blocks Caps/Block_Wall_Pillar_Cap_T2_1x1x1.prefab
  artifactKey: Guid(2dc24f2735460724c82b54d4c91f609f) Importer(815301076,1909f56bfc062723c751e8b465ee728b)
Start importing Assets/Blockout/Prefabs/Blocks Basic/Blocks Caps/Block_Wall_Pillar_Cap_T2_1x1x1.prefab using Guid(2dc24f2735460724c82b54d4c91f609f) Importer(815301076,1909f56bfc062723c751e8b465ee728b)  -> (artifact id: 'a7467723fc4ca927bc1f7cf03b26fa61') in 0.010211 seconds 
========================================================================
Received Import Request.
  Time since last request: 0.000016 seconds.
  path: Assets/Blockout/Prefabs/Blocks Basic/Blocks Caps/Block_Wall_Pillar_T1_1x1x1.prefab
  artifactKey: Guid(6b09ca8392d3784448a45df6c604047e) Importer(815301076,1909f56bfc062723c751e8b465ee728b)
Start importing Assets/Blockout/Prefabs/Blocks Basic/Blocks Caps/Block_Wall_Pillar_T1_1x1x1.prefab using Guid(6b09ca8392d3784448a45df6c604047e) Importer(815301076,1909f56bfc062723c751e8b465ee728b)  -> (artifact id: '091fdb8abefe83f206186b5e855a7eb3') in 0.009787 seconds 
========================================================================
Received Import Request.
  Time since last request: 0.000016 seconds.
  path: Assets/Blockout/Prefabs/Floor/Blocks Floor Slope/Block_Slope_Corner_1x05x4.prefab
  artifactKey: Guid(f20d8d76fdcd04b46a3b5158c75c4bcf) Importer(815301076,1909f56bfc062723c751e8b465ee728b)
Start importing Assets/Blockout/Prefabs/Floor/Blocks Floor Slope/Block_Slope_Corner_1x05x4.prefab using Guid(f20d8d76fdcd04b46a3b5158c75c4bcf) Importer(815301076,1909f56bfc062723c751e8b465ee728b)  -> (artifact id: '0e72f562210df5977a21bebd4e0d2343') in 0.010231 seconds 
========================================================================
Received Import Request.
  Time since last request: 0.000014 seconds.
  path: Assets/Blockout/Prefabs/Floor/Blocks Floor Slope/Block_Slope_T2_1x05x05.prefab
  artifactKey: Guid(169351c5cf705d74f9c5c601c266dbfe) Importer(815301076,1909f56bfc062723c751e8b465ee728b)
Start importing Assets/Blockout/Prefabs/Floor/Blocks Floor Slope/Block_Slope_T2_1x05x05.prefab using Guid(169351c5cf705d74f9c5c601c266dbfe) Importer(815301076,1909f56bfc062723c751e8b465ee728b)  -> (artifact id: '53c54231df9e120dcfd643791187fb8d') in 0.010111 seconds 
========================================================================
Received Import Request.
  Time since last request: 0.000021 seconds.
  path: Assets/Blockout/Prefabs/Blocks Basic/Blocks Pillars/Block_Wall_Pillar_T2_1x4x1.prefab
  artifactKey: Guid(f96b1f41452104d4e95acf9aa7cd614e) Importer(815301076,1909f56bfc062723c751e8b465ee728b)
Start importing Assets/Blockout/Prefabs/Blocks Basic/Blocks Pillars/Block_Wall_Pillar_T2_1x4x1.prefab using Guid(f96b1f41452104d4e95acf9aa7cd614e) Importer(815301076,1909f56bfc062723c751e8b465ee728b)  -> (artifact id: 'e27da05a201a12c4d0084c4875048f34') in 0.011788 seconds 
========================================================================
Received Import Request.
  Time since last request: 0.000016 seconds.
  path: Assets/Blockout/Prefabs/Blocks Basic/Blocks Pillars/Block_Wall_Pillar_T2_1x5x1.prefab
  artifactKey: Guid(c25ee51588fe446439ddf1d132fbbcc8) Importer(815301076,1909f56bfc062723c751e8b465ee728b)
Start importing Assets/Blockout/Prefabs/Blocks Basic/Blocks Pillars/Block_Wall_Pillar_T2_1x5x1.prefab using Guid(c25ee51588fe446439ddf1d132fbbcc8) Importer(815301076,1909f56bfc062723c751e8b465ee728b)  -> (artifact id: 'f85fd7a6cc0c09a077ec3e3281a8d2c5') in 0.011467 seconds 
========================================================================
Received Import Request.
  Time since last request: 0.000017 seconds.
  path: Assets/Blockout/Prefabs/Blocks Basic/Blocks Pillars/Block_Wall_Pillar_T1_1x5x1.prefab
  artifactKey: Guid(4419a425aeb28034e9511b02c80ddd81) Importer(815301076,1909f56bfc062723c751e8b465ee728b)
Start importing Assets/Blockout/Prefabs/Blocks Basic/Blocks Pillars/Block_Wall_Pillar_T1_1x5x1.prefab using Guid(4419a425aeb28034e9511b02c80ddd81) Importer(815301076,1909f56bfc062723c751e8b465ee728b)  -> (artifact id: '005f203f3b5221b14c01bde5fa72557e') in 0.009192 seconds 
========================================================================
Received Import Request.
  Time since last request: 0.000013 seconds.
  path: Assets/Blockout/Prefabs/Blocks Basic/Blocks Corner Inner/Block_Inner_Corner_T1_1x5x2.prefab
  artifactKey: Guid(cf3a70d2f8a084d4f8e15a31fca0d7ca) Importer(815301076,1909f56bfc062723c751e8b465ee728b)
Start importing Assets/Blockout/Prefabs/Blocks Basic/Blocks Corner Inner/Block_Inner_Corner_T1_1x5x2.prefab using Guid(cf3a70d2f8a084d4f8e15a31fca0d7ca) Importer(815301076,1909f56bfc062723c751e8b465ee728b)  -> (artifact id: '1f8b7a6c42712588d20675c67a9246d0') in 0.010022 seconds 
========================================================================
Received Import Request.
  Time since last request: 0.000017 seconds.
  path: Assets/Blockout/Prefabs/Blocks Basic/Blocks Corner Inner/Block_Inner_Corner_T2_1x1x2.prefab
  artifactKey: Guid(da6d48788517eb544a37d56460b8c9ee) Importer(815301076,1909f56bfc062723c751e8b465ee728b)
Start importing Assets/Blockout/Prefabs/Blocks Basic/Blocks Corner Inner/Block_Inner_Corner_T2_1x1x2.prefab using Guid(da6d48788517eb544a37d56460b8c9ee) Importer(815301076,1909f56bfc062723c751e8b465ee728b)  -> (artifact id: '0b5c197ab2d74b8629ed7bf2780f9114') in 0.010695 seconds 
========================================================================
Received Import Request.
  Time since last request: 0.000015 seconds.
  path: Assets/Blockout/Prefabs/Blocks Basic/Blocks Pillars/Block_Pillar_T1_1x3x1.prefab
  artifactKey: Guid(633d5a771e91ca244b28a23e9fb5330a) Importer(815301076,1909f56bfc062723c751e8b465ee728b)
Start importing Assets/Blockout/Prefabs/Blocks Basic/Blocks Pillars/Block_Pillar_T1_1x3x1.prefab using Guid(633d5a771e91ca244b28a23e9fb5330a) Importer(815301076,1909f56bfc062723c751e8b465ee728b)  -> (artifact id: '8b8a6b67deb78a5c8b3a599973be0c12') in 0.010415 seconds 
========================================================================
Received Import Request.
  Time since last request: 0.000016 seconds.
  path: Assets/Blockout/Prefabs/Floor/Blocks Floor Slope/Block_Slope_T2_4x05x05.prefab
  artifactKey: Guid(20d41009ce0cb9648a7b2f4b28159bce) Importer(815301076,1909f56bfc062723c751e8b465ee728b)
Start importing Assets/Blockout/Prefabs/Floor/Blocks Floor Slope/Block_Slope_T2_4x05x05.prefab using Guid(20d41009ce0cb9648a7b2f4b28159bce) Importer(815301076,1909f56bfc062723c751e8b465ee728b)  -> (artifact id: '027cbb7439c9952cd0cf0556f96ce5fb') in 0.010094 seconds 
========================================================================
Received Import Request.
  Time since last request: 0.000018 seconds.
  path: Assets/Blockout/Prefabs/Blocks Basic/Blocks Pillars/Block_Pillar_T2_1x2x1.prefab
  artifactKey: Guid(ed22e89d1c1a64c4f9a05af352fdb7cc) Importer(815301076,1909f56bfc062723c751e8b465ee728b)
Start importing Assets/Blockout/Prefabs/Blocks Basic/Blocks Pillars/Block_Pillar_T2_1x2x1.prefab using Guid(ed22e89d1c1a64c4f9a05af352fdb7cc) Importer(815301076,1909f56bfc062723c751e8b465ee728b)  -> (artifact id: '31437525b82b475f38ba92f9225fc76a') in 0.011667 seconds 
========================================================================
Received Import Request.
  Time since last request: 0.000015 seconds.
  path: Assets/Blockout/Prefabs/Floor/Blocks Floor Slope/Block_Slope_Corner_Inverse_1x05x1.prefab
  artifactKey: Guid(46c6357a72b0dc449b6a04fc4730eb01) Importer(815301076,1909f56bfc062723c751e8b465ee728b)
Start importing Assets/Blockout/Prefabs/Floor/Blocks Floor Slope/Block_Slope_Corner_Inverse_1x05x1.prefab using Guid(46c6357a72b0dc449b6a04fc4730eb01) Importer(815301076,1909f56bfc062723c751e8b465ee728b)  -> (artifact id: 'be8a009a0d076215d7a3abcfe71b0173') in 0.010748 seconds 
========================================================================
Received Import Request.
  Time since last request: 0.000015 seconds.
  path: Assets/Blockout/Prefabs/Blocks Basic/Blocks Alt/Block_Wall_Angle_05x1x4.prefab
  artifactKey: Guid(8726ade19ce125342a1bb9c939f3badc) Importer(815301076,1909f56bfc062723c751e8b465ee728b)
Start importing Assets/Blockout/Prefabs/Blocks Basic/Blocks Alt/Block_Wall_Angle_05x1x4.prefab using Guid(8726ade19ce125342a1bb9c939f3badc) Importer(815301076,1909f56bfc062723c751e8b465ee728b)  -> (artifact id: '1892d827fb31de701e896c5cf97e239d') in 0.011065 seconds 
========================================================================
Received Import Request.
  Time since last request: 0.000018 seconds.
  path: Assets/Blockout/Prefabs/Blocks Basic/Block_Slope_1x4x1.prefab
  artifactKey: Guid(913edc100ec3cc34eb373e31ade0d72c) Importer(815301076,1909f56bfc062723c751e8b465ee728b)
Start importing Assets/Blockout/Prefabs/Blocks Basic/Block_Slope_1x4x1.prefab using Guid(913edc100ec3cc34eb373e31ade0d72c) Importer(815301076,1909f56bfc062723c751e8b465ee728b)  -> (artifact id: '2dd809c94dc22631311f9fc464d68936') in 0.010393 seconds 
========================================================================
Received Import Request.
  Time since last request: 0.000017 seconds.
  path: Assets/Blockout/Prefabs/Floor/Blocks Floor Slope/Block_Slope_Corner_1x05x1.prefab
  artifactKey: Guid(f0316523e027880428443d5d11e94ee1) Importer(815301076,1909f56bfc062723c751e8b465ee728b)
Start importing Assets/Blockout/Prefabs/Floor/Blocks Floor Slope/Block_Slope_Corner_1x05x1.prefab using Guid(f0316523e027880428443d5d11e94ee1) Importer(815301076,1909f56bfc062723c751e8b465ee728b)  -> (artifact id: 'db32f8e7df3d9460345970fc4f36d663') in 0.011642 seconds 
========================================================================
Received Import Request.
  Time since last request: 0.000015 seconds.
  path: Assets/Blockout/Prefabs/Floor/Blocks Floor Slope/Block_Slope_T1_Inverse_Corner_05x05x05.prefab
  artifactKey: Guid(817be8a529742e844a6f1fd5ad76cfa9) Importer(815301076,1909f56bfc062723c751e8b465ee728b)
Start importing Assets/Blockout/Prefabs/Floor/Blocks Floor Slope/Block_Slope_T1_Inverse_Corner_05x05x05.prefab using Guid(817be8a529742e844a6f1fd5ad76cfa9) Importer(815301076,1909f56bfc062723c751e8b465ee728b)  -> (artifact id: '9b1fee45f7dfb29c0fd2cacd742018ad') in 0.010855 seconds 
========================================================================
Received Import Request.
  Time since last request: 0.000040 seconds.
  path: Assets/Blockout/Prefabs/Blocks Basic/Block_Slope_Corner_1x1x1.prefab
  artifactKey: Guid(b70d24814b4460b42894d9dc417f3c62) Importer(815301076,1909f56bfc062723c751e8b465ee728b)
Start importing Assets/Blockout/Prefabs/Blocks Basic/Block_Slope_Corner_1x1x1.prefab using Guid(b70d24814b4460b42894d9dc417f3c62) Importer(815301076,1909f56bfc062723c751e8b465ee728b)  -> (artifact id: '1b21b61e57cc5d4805c445918bf2ef5a') in 0.010671 seconds 
========================================================================
Received Import Request.
  Time since last request: 0.000014 seconds.
  path: Assets/Blockout/Prefabs/Floor/Blocks Floor Slope/Block_Slope_T2_3x05x05.prefab
  artifactKey: Guid(2f00e9c2767c91f4d8775a09ce6e8bba) Importer(815301076,1909f56bfc062723c751e8b465ee728b)
Start importing Assets/Blockout/Prefabs/Floor/Blocks Floor Slope/Block_Slope_T2_3x05x05.prefab using Guid(2f00e9c2767c91f4d8775a09ce6e8bba) Importer(815301076,1909f56bfc062723c751e8b465ee728b)  -> (artifact id: '32d23c8973c0ad7b2a4f01def67c5ef3') in 0.013086 seconds 
========================================================================
Received Import Request.
  Time since last request: 0.000016 seconds.
  path: Assets/Blockout/Prefabs/Blocks Basic/Blocks Pillars/Block_Wall_Pillar_T3_1x4x1.prefab
  artifactKey: Guid(d4e4f0b140d7d464d97215b94542e209) Importer(815301076,1909f56bfc062723c751e8b465ee728b)
Start importing Assets/Blockout/Prefabs/Blocks Basic/Blocks Pillars/Block_Wall_Pillar_T3_1x4x1.prefab using Guid(d4e4f0b140d7d464d97215b94542e209) Importer(815301076,1909f56bfc062723c751e8b465ee728b)  -> (artifact id: 'a509cce193560f20dfe8f80820bbcfb2') in 0.010555 seconds 
========================================================================
Received Import Request.
  Time since last request: 0.000016 seconds.
  path: Assets/Blockout/Prefabs/Floor/Blocks Floor Slope/Block_Slope_Corner_1x05x2.prefab
  artifactKey: Guid(316ea7f5261e09b4c89d7f2f4c283f7e) Importer(815301076,1909f56bfc062723c751e8b465ee728b)
Start importing Assets/Blockout/Prefabs/Floor/Blocks Floor Slope/Block_Slope_Corner_1x05x2.prefab using Guid(316ea7f5261e09b4c89d7f2f4c283f7e) Importer(815301076,1909f56bfc062723c751e8b465ee728b)  -> (artifact id: '7eeca79e0d4b430e9ae81412307a7645') in 0.009982 seconds 
========================================================================
Received Import Request.
  Time since last request: 0.000015 seconds.
  path: Assets/Blockout/Prefabs/Blocks Basic/Block_Pillar_T1_1x025x1.prefab
  artifactKey: Guid(89321eacfe7ed9a46aea87044a76df37) Importer(815301076,1909f56bfc062723c751e8b465ee728b)
Start importing Assets/Blockout/Prefabs/Blocks Basic/Block_Pillar_T1_1x025x1.prefab using Guid(89321eacfe7ed9a46aea87044a76df37) Importer(815301076,1909f56bfc062723c751e8b465ee728b)  -> (artifact id: '36f40c094210a41c2c609b45eb37f1d2') in 0.009420 seconds 
========================================================================
Received Import Request.
  Time since last request: 0.000015 seconds.
  path: Assets/Blockout/Prefabs/Blocks Basic/Block_Slope_2x2x2.prefab
  artifactKey: Guid(1afa57ab193a4874cb6b959e99937301) Importer(815301076,1909f56bfc062723c751e8b465ee728b)
Start importing Assets/Blockout/Prefabs/Blocks Basic/Block_Slope_2x2x2.prefab using Guid(1afa57ab193a4874cb6b959e99937301) Importer(815301076,1909f56bfc062723c751e8b465ee728b)  -> (artifact id: 'c2356dd96a2eebf739310bc93e87c212') in 0.011062 seconds 
========================================================================
Received Import Request.
  Time since last request: 0.000016 seconds.
  path: Assets/Blockout/Prefabs/Floor/Blocks Floor Slope/Block_Slope_T1_4x05x05.prefab
  artifactKey: Guid(2bb9dcd2638cb7047a84505dc5478e14) Importer(815301076,1909f56bfc062723c751e8b465ee728b)
Start importing Assets/Blockout/Prefabs/Floor/Blocks Floor Slope/Block_Slope_T1_4x05x05.prefab using Guid(2bb9dcd2638cb7047a84505dc5478e14) Importer(815301076,1909f56bfc062723c751e8b465ee728b)  -> (artifact id: 'f4ab812c72c12aa832c2a4ee75f62552') in 0.010071 seconds 
========================================================================
Received Import Request.
  Time since last request: 0.000023 seconds.
  path: Assets/Blockout/Prefabs/Blocks Basic/Blocks Caps/Block_Wall_Pillar_Cap2_T1_1x1x1.prefab
  artifactKey: Guid(4ecf23b6a16d3cb42b6e053b9e6b3e68) Importer(815301076,1909f56bfc062723c751e8b465ee728b)
Start importing Assets/Blockout/Prefabs/Blocks Basic/Blocks Caps/Block_Wall_Pillar_Cap2_T1_1x1x1.prefab using Guid(4ecf23b6a16d3cb42b6e053b9e6b3e68) Importer(815301076,1909f56bfc062723c751e8b465ee728b)  -> (artifact id: '6faecd9a46bafb8b75a4f1555563ae13') in 0.011185 seconds 
========================================================================
Received Import Request.
  Time since last request: 0.000015 seconds.
  path: Assets/Blockout/Prefabs/Floor/Blocks Floor Slope/Block_Slope_T2_1x05x4.prefab
  artifactKey: Guid(fc48579b449903046b4cbdb306fad5ba) Importer(815301076,1909f56bfc062723c751e8b465ee728b)
Start importing Assets/Blockout/Prefabs/Floor/Blocks Floor Slope/Block_Slope_T2_1x05x4.prefab using Guid(fc48579b449903046b4cbdb306fad5ba) Importer(815301076,1909f56bfc062723c751e8b465ee728b)  -> (artifact id: '9d9aec8b9a680ce32fba4cde8ed74459') in 0.010622 seconds 
========================================================================
Received Import Request.
  Time since last request: 0.000018 seconds.
  path: Assets/Blockout/Prefabs/Blocks Basic/Blocks Alt/Block_Wall_Angle_05x1x1.prefab
  artifactKey: Guid(3937eddd93c8f5e419cc156f2c42ea20) Importer(815301076,1909f56bfc062723c751e8b465ee728b)
Start importing Assets/Blockout/Prefabs/Blocks Basic/Blocks Alt/Block_Wall_Angle_05x1x1.prefab using Guid(3937eddd93c8f5e419cc156f2c42ea20) Importer(815301076,1909f56bfc062723c751e8b465ee728b)  -> (artifact id: '03c25d8773bfdcb51954b51b985076d9') in 0.009877 seconds 
========================================================================
Received Import Request.
  Time since last request: 0.000017 seconds.
  path: Assets/Blockout/Prefabs/Blocks Basic/Block_Wall_Pillar_T2_1x025x1.prefab
  artifactKey: Guid(dc040fba569fb2a46af2e97a0499cabb) Importer(815301076,1909f56bfc062723c751e8b465ee728b)
Start importing Assets/Blockout/Prefabs/Blocks Basic/Block_Wall_Pillar_T2_1x025x1.prefab using Guid(dc040fba569fb2a46af2e97a0499cabb) Importer(815301076,1909f56bfc062723c751e8b465ee728b)  -> (artifact id: '079975189697ffd38faa3aff98446068') in 0.011345 seconds 
========================================================================
Received Import Request.
  Time since last request: 0.000018 seconds.
  path: Assets/Blockout/Prefabs/Blocks Basic/Blocks Corner Inner/Block_Inner_Corner_T2_1x2x1.prefab
  artifactKey: Guid(f3703ed88216ec949bc5fa282eab3264) Importer(815301076,1909f56bfc062723c751e8b465ee728b)
Start importing Assets/Blockout/Prefabs/Blocks Basic/Blocks Corner Inner/Block_Inner_Corner_T2_1x2x1.prefab using Guid(f3703ed88216ec949bc5fa282eab3264) Importer(815301076,1909f56bfc062723c751e8b465ee728b)  -> (artifact id: '9e2d032950b50ac3ee3de788b7f27fe0') in 0.011010 seconds 
========================================================================
Received Import Request.
  Time since last request: 0.000021 seconds.
  path: Assets/Blockout/Prefabs/Blocks Basic/Blocks Pillars/Block_Pillar_T2_1x5x1.prefab
  artifactKey: Guid(b9318f0a8b8018f41b6207f013f04508) Importer(815301076,1909f56bfc062723c751e8b465ee728b)
Start importing Assets/Blockout/Prefabs/Blocks Basic/Blocks Pillars/Block_Pillar_T2_1x5x1.prefab using Guid(b9318f0a8b8018f41b6207f013f04508) Importer(815301076,1909f56bfc062723c751e8b465ee728b)  -> (artifact id: 'c912826fdc6004c7b4a3d43c634dee0d') in 0.009542 seconds 
========================================================================
Received Import Request.
  Time since last request: 0.000020 seconds.
  path: Assets/Blockout/Prefabs/Blocks Basic/Blocks Alt/Block_Wall_Angle_05x1x3.prefab
  artifactKey: Guid(5ba9686bafa913c4d9aeb985a0ef6535) Importer(815301076,1909f56bfc062723c751e8b465ee728b)
Start importing Assets/Blockout/Prefabs/Blocks Basic/Blocks Alt/Block_Wall_Angle_05x1x3.prefab using Guid(5ba9686bafa913c4d9aeb985a0ef6535) Importer(815301076,1909f56bfc062723c751e8b465ee728b)  -> (artifact id: 'c576a6899fee90baf716b4a523275eb1') in 0.013690 seconds 
========================================================================
Received Import Request.
  Time since last request: 0.000013 seconds.
  path: Assets/Blockout/Prefabs/Blocks Basic/Blocks Caps/Block_Wall_Pillar_Cap_T4_1x05x1.prefab
  artifactKey: Guid(b638914a664040a46a17eb4892394735) Importer(815301076,1909f56bfc062723c751e8b465ee728b)
Start importing Assets/Blockout/Prefabs/Blocks Basic/Blocks Caps/Block_Wall_Pillar_Cap_T4_1x05x1.prefab using Guid(b638914a664040a46a17eb4892394735) Importer(815301076,1909f56bfc062723c751e8b465ee728b)  -> (artifact id: 'e13dc22aa2dc00fba6774d4d63d33662') in 0.010257 seconds 
========================================================================
Received Import Request.
  Time since last request: 0.000023 seconds.
  path: Assets/Blockout/Prefabs/Blocks Basic/Blocks Corner Inner/Block_Inner_Corner_T2_1x3x1.prefab
  artifactKey: Guid(a4a188a1b5db8a34bb9e10cd3d7008ef) Importer(815301076,1909f56bfc062723c751e8b465ee728b)
Start importing Assets/Blockout/Prefabs/Blocks Basic/Blocks Corner Inner/Block_Inner_Corner_T2_1x3x1.prefab using Guid(a4a188a1b5db8a34bb9e10cd3d7008ef) Importer(815301076,1909f56bfc062723c751e8b465ee728b)  -> (artifact id: '137026a4714ed1aeb63d0e040693081e') in 0.012702 seconds 
========================================================================
Received Import Request.
  Time since last request: 0.000016 seconds.
  path: Assets/Blockout/Prefabs/Blocks Basic/Blocks Caps/Block_Wall_Pillar_End_T2_1x1x1.prefab
  artifactKey: Guid(278ba83da076d314ea75b02e8250b68e) Importer(815301076,1909f56bfc062723c751e8b465ee728b)
Start importing Assets/Blockout/Prefabs/Blocks Basic/Blocks Caps/Block_Wall_Pillar_End_T2_1x1x1.prefab using Guid(278ba83da076d314ea75b02e8250b68e) Importer(815301076,1909f56bfc062723c751e8b465ee728b)  -> (artifact id: '9138f7561ed0f57d6af226f276f480bb') in 0.009741 seconds 
========================================================================
Received Import Request.
  Time since last request: 0.000018 seconds.
  path: Assets/Blockout/Prefabs/Floor/Blocks Floor Slope/Block_Slope_T1_3x05x05.prefab
  artifactKey: Guid(5334476c2eeba2448a4b24298c046b93) Importer(815301076,1909f56bfc062723c751e8b465ee728b)
Start importing Assets/Blockout/Prefabs/Floor/Blocks Floor Slope/Block_Slope_T1_3x05x05.prefab using Guid(5334476c2eeba2448a4b24298c046b93) Importer(815301076,1909f56bfc062723c751e8b465ee728b)  -> (artifact id: '899089f74360668dee9bdabb3c9c2e07') in 0.012013 seconds 
========================================================================
Received Import Request.
  Time since last request: 0.000017 seconds.
  path: Assets/Blockout/Prefabs/Floor/Blocks Floor Slope/Block_Slope_Corner_1x05x3.prefab
  artifactKey: Guid(f0f9f5c6d3ae8e74694ccbb1c5997915) Importer(815301076,1909f56bfc062723c751e8b465ee728b)
Start importing Assets/Blockout/Prefabs/Floor/Blocks Floor Slope/Block_Slope_Corner_1x05x3.prefab using Guid(f0f9f5c6d3ae8e74694ccbb1c5997915) Importer(815301076,1909f56bfc062723c751e8b465ee728b)  -> (artifact id: 'fd9d3a395d91a4ba31b9272a604f742d') in 0.010230 seconds 
========================================================================
Received Import Request.
  Time since last request: 0.000019 seconds.
  path: Assets/Blockout/Prefabs/Blocks Basic/Block_Slope_4x4x4.prefab
  artifactKey: Guid(bb0bc8f18d85ed047873665d68c7da0d) Importer(815301076,1909f56bfc062723c751e8b465ee728b)
Start importing Assets/Blockout/Prefabs/Blocks Basic/Block_Slope_4x4x4.prefab using Guid(bb0bc8f18d85ed047873665d68c7da0d) Importer(815301076,1909f56bfc062723c751e8b465ee728b)  -> (artifact id: '13474b16f8aabb57f50be036e58ff070') in 0.011018 seconds 
========================================================================
Received Import Request.
  Time since last request: 0.000018 seconds.
  path: Assets/Blockout/Prefabs/Blocks Basic/Blocks Alt/Block_Wall_Angle_05x2x4.prefab
  artifactKey: Guid(78f9608c04a3d0b4b9b8ba0b976198f9) Importer(815301076,1909f56bfc062723c751e8b465ee728b)
Start importing Assets/Blockout/Prefabs/Blocks Basic/Blocks Alt/Block_Wall_Angle_05x2x4.prefab using Guid(78f9608c04a3d0b4b9b8ba0b976198f9) Importer(815301076,1909f56bfc062723c751e8b465ee728b)  -> (artifact id: '5f70b67851a18bd89eb9bada87ba7c79') in 0.013513 seconds 
========================================================================
Received Import Request.
  Time since last request: 0.000014 seconds.
  path: Assets/Blockout/Prefabs/Blocks Basic/Blocks Corner Inner/Block_Inner_Corner_T1_1x2x2.prefab
  artifactKey: Guid(371f72fdb273718478b5fc0a31b1ec5b) Importer(815301076,1909f56bfc062723c751e8b465ee728b)
Start importing Assets/Blockout/Prefabs/Blocks Basic/Blocks Corner Inner/Block_Inner_Corner_T1_1x2x2.prefab using Guid(371f72fdb273718478b5fc0a31b1ec5b) Importer(815301076,1909f56bfc062723c751e8b465ee728b)  -> (artifact id: 'b785f194d253a1706431e486f48aae25') in 0.010751 seconds 
========================================================================
Received Import Request.
  Time since last request: 0.000017 seconds.
  path: Assets/Blockout/Prefabs/Blocks Basic/Blocks Corner Inner/Block_Inner_Corner_T1_1x2x1.prefab
  artifactKey: Guid(871b85ac1c778c14d8ca9370d3e37ac8) Importer(815301076,1909f56bfc062723c751e8b465ee728b)
Start importing Assets/Blockout/Prefabs/Blocks Basic/Blocks Corner Inner/Block_Inner_Corner_T1_1x2x1.prefab using Guid(871b85ac1c778c14d8ca9370d3e37ac8) Importer(815301076,1909f56bfc062723c751e8b465ee728b)  -> (artifact id: 'cff5913d164f2de7a54b39ce18d38737') in 0.010300 seconds 
========================================================================
Received Import Request.
  Time since last request: 0.000020 seconds.
  path: Assets/Blockout/Prefabs/Floor/Blocks Floor Slope/Block_Slope_T1_2x05x05.prefab
  artifactKey: Guid(d485fe7b43048714c8892d1d7365eb32) Importer(815301076,1909f56bfc062723c751e8b465ee728b)
Start importing Assets/Blockout/Prefabs/Floor/Blocks Floor Slope/Block_Slope_T1_2x05x05.prefab using Guid(d485fe7b43048714c8892d1d7365eb32) Importer(815301076,1909f56bfc062723c751e8b465ee728b)  -> (artifact id: 'fe8f267875c296575fe10875190bad6e') in 0.011462 seconds 
========================================================================
Received Import Request.
  Time since last request: 0.000015 seconds.
  path: Assets/Blockout/Prefabs/Blocks Basic/Block_Slope_Corner_1x1x2.prefab
  artifactKey: Guid(a95010f1ef42bfe4c90bd1ab98f8ed51) Importer(815301076,1909f56bfc062723c751e8b465ee728b)
Start importing Assets/Blockout/Prefabs/Blocks Basic/Block_Slope_Corner_1x1x2.prefab using Guid(a95010f1ef42bfe4c90bd1ab98f8ed51) Importer(815301076,1909f56bfc062723c751e8b465ee728b)  -> (artifact id: '4ce70212de02053a5b5dac448861304c') in 0.012024 seconds 
========================================================================
Received Import Request.
  Time since last request: 67.961191 seconds.
  path: Packages/com.unity.probuilder/Content/Material/Textures/GridBox_Collider.png
  artifactKey: Guid(7e4b97337334f42d2a700647fd938234) Importer(815301076,1909f56bfc062723c751e8b465ee728b)
Start importing Packages/com.unity.probuilder/Content/Material/Textures/GridBox_Collider.png using Guid(7e4b97337334f42d2a700647fd938234) Importer(815301076,1909f56bfc062723c751e8b465ee728b)  -> (artifact id: '60ac394da0c928a88e4cea82247c194c') in 0.036318 seconds 
========================================================================
Received Import Request.
  Time since last request: 0.000015 seconds.
  path: Packages/com.unity.probuilder/Content/Material/Textures/GridBox_Trigger.png
  artifactKey: Guid(b3fd87e2e956e41b0b43f76bb50a4934) Importer(815301076,1909f56bfc062723c751e8b465ee728b)
Start importing Packages/com.unity.probuilder/Content/Material/Textures/GridBox_Trigger.png using Guid(b3fd87e2e956e41b0b43f76bb50a4934) Importer(815301076,1909f56bfc062723c751e8b465ee728b)  -> (artifact id: '20ebaf31cabc289a2755634b9faab879') in 0.009142 seconds 
========================================================================
Received Import Request.
  Time since last request: 105.413878 seconds.
  path: Packages/com.unity.probuilder/Content/Icons/Modes/Mode_Edge@2x.png
  artifactKey: Guid(d7aeba32eb7db614d82102cc538eda7a) Importer(815301076,1909f56bfc062723c751e8b465ee728b)
Start importing Packages/com.unity.probuilder/Content/Icons/Modes/Mode_Edge@2x.png using Guid(d7aeba32eb7db614d82102cc538eda7a) Importer(815301076,1909f56bfc062723c751e8b465ee728b)  -> (artifact id: 'a9cdeff1395ca31d07af0eb33eca6991') in 0.008385 seconds 
========================================================================
Received Import Request.
  Time since last request: 0.000015 seconds.
  path: Packages/com.unity.probuilder/Content/Icons/Modes/Mode_Object@2x.png
  artifactKey: Guid(30701f27267a5d547b4dacad1e223fe3) Importer(815301076,1909f56bfc062723c751e8b465ee728b)
Start importing Packages/com.unity.probuilder/Content/Icons/Modes/Mode_Object@2x.png using Guid(30701f27267a5d547b4dacad1e223fe3) Importer(815301076,1909f56bfc062723c751e8b465ee728b)  -> (artifact id: 'b8eafb87fc3a567aa7cdb5b942ee12d8') in 0.008320 seconds 
========================================================================
Received Import Request.
  Time since last request: 0.000013 seconds.
  path: Packages/com.unity.probuilder/Content/Icons/Modes/Mode_Vertex.png
  artifactKey: Guid(3e5ae4e6aa24547218f481474fee55d4) Importer(815301076,1909f56bfc062723c751e8b465ee728b)
Start importing Packages/com.unity.probuilder/Content/Icons/Modes/Mode_Vertex.png using Guid(3e5ae4e6aa24547218f481474fee55d4) Importer(815301076,1909f56bfc062723c751e8b465ee728b)  -> (artifact id: '98d20013fec86267a11f3338a997127d') in 0.008329 seconds 
========================================================================
Received Import Request.
  Time since last request: 0.000013 seconds.
  path: Packages/com.unity.probuilder/Content/Icons/Modes/Mode_Vertex_Light.png
  artifactKey: Guid(4461d11690c974f94b55e0295c5274eb) Importer(815301076,1909f56bfc062723c751e8b465ee728b)
Start importing Packages/com.unity.probuilder/Content/Icons/Modes/Mode_Vertex_Light.png using Guid(4461d11690c974f94b55e0295c5274eb) Importer(815301076,1909f56bfc062723c751e8b465ee728b)  -> (artifact id: '8b6be4f8453c2c1595337ff7ba46842d') in 0.006832 seconds 
========================================================================
Received Import Request.
  Time since last request: 0.000015 seconds.
  path: Packages/com.unity.probuilder/Content/Icons/Modes/Mode_Object_Light@2x.png
  artifactKey: Guid(7ec50ad479ddc954e86348e5b760deda) Importer(815301076,1909f56bfc062723c751e8b465ee728b)
Start importing Packages/com.unity.probuilder/Content/Icons/Modes/Mode_Object_Light@2x.png using Guid(7ec50ad479ddc954e86348e5b760deda) Importer(815301076,1909f56bfc062723c751e8b465ee728b)  -> (artifact id: '937436633a53139c6b244437d1ad71bd') in 0.021333 seconds 
========================================================================
Received Import Request.
  Time since last request: 0.000018 seconds.
  path: Packages/com.unity.probuilder/Content/Icons/Modes/Mode_Face.png
  artifactKey: Guid(00ac05966499340f98f0133550793d13) Importer(815301076,1909f56bfc062723c751e8b465ee728b)
Start importing Packages/com.unity.probuilder/Content/Icons/Modes/Mode_Face.png using Guid(00ac05966499340f98f0133550793d13) Importer(815301076,1909f56bfc062723c751e8b465ee728b)  -> (artifact id: '2975b04c34efda3c8b0d904afca590e2') in 0.007032 seconds 
========================================================================
Received Import Request.
  Time since last request: 0.000014 seconds.
  path: Packages/com.unity.probuilder/Content/Icons/Modes/Mode_Vertex_Light@2x.png
  artifactKey: Guid(e3ca76e04e5a4dc44ae1118d1bab31ca) Importer(815301076,1909f56bfc062723c751e8b465ee728b)
Start importing Packages/com.unity.probuilder/Content/Icons/Modes/Mode_Vertex_Light@2x.png using Guid(e3ca76e04e5a4dc44ae1118d1bab31ca) Importer(815301076,1909f56bfc062723c751e8b465ee728b)  -> (artifact id: '9a43bbe2a0aba74a2d64e4d925bc9325') in 0.007092 seconds 
========================================================================
Received Import Request.
  Time since last request: 0.000016 seconds.
  path: Packages/com.unity.probuilder/Content/Icons/Modes/Mode_Object.png
  artifactKey: Guid(44c2e74132ee947c88b465f152dc430b) Importer(815301076,1909f56bfc062723c751e8b465ee728b)
Start importing Packages/com.unity.probuilder/Content/Icons/Modes/Mode_Object.png using Guid(44c2e74132ee947c88b465f152dc430b) Importer(815301076,1909f56bfc062723c751e8b465ee728b)  -> (artifact id: '519c14f75d1b53f0f7208f20e2a8945a') in 0.007457 seconds 
========================================================================
Received Import Request.
  Time since last request: 2.821273 seconds.
  path: Packages/com.unity.probuilder/Content/Icons/Scene/SelectionRect@2x.png
  artifactKey: Guid(8a71d1d5ecfb449c1a4a70d7fb021d04) Importer(815301076,1909f56bfc062723c751e8b465ee728b)
Start importing Packages/com.unity.probuilder/Content/Icons/Scene/SelectionRect@2x.png using Guid(8a71d1d5ecfb449c1a4a70d7fb021d04) Importer(815301076,1909f56bfc062723c751e8b465ee728b)  -> (artifact id: '459eae6857559941b108409ca58a25b6') in 0.007997 seconds 
========================================================================
Received Import Request.
  Time since last request: 3.348714 seconds.
  path: Packages/com.unity.probuilder/Content/Icons/Toolbar/AltButton_Normal.png
  artifactKey: Guid(c175d9b0ccfa2428ea936c9c6b654bd1) Importer(815301076,1909f56bfc062723c751e8b465ee728b)
Start importing Packages/com.unity.probuilder/Content/Icons/Toolbar/AltButton_Normal.png using Guid(c175d9b0ccfa2428ea936c9c6b654bd1) Importer(815301076,1909f56bfc062723c751e8b465ee728b)  -> (artifact id: '07c5c8128cd06eacf7297495e306afe4') in 0.007673 seconds 
========================================================================
Received Import Request.
  Time since last request: 0.000014 seconds.
  path: Packages/com.unity.probuilder/Content/Icons/Toolbar/Panel_VertColors.png
  artifactKey: Guid(cfa793a5b357642bf83fa6888ee18e76) Importer(815301076,1909f56bfc062723c751e8b465ee728b)
Start importing Packages/com.unity.probuilder/Content/Icons/Toolbar/Panel_VertColors.png using Guid(cfa793a5b357642bf83fa6888ee18e76) Importer(815301076,1909f56bfc062723c751e8b465ee728b)  -> (artifact id: '6df5affac13c34b5ce300c79036c9916') in 0.008843 seconds 
========================================================================
Received Import Request.
  Time since last request: 0.000015 seconds.
  path: Packages/com.unity.probuilder/Content/Icons/Toolbar/Selection_SelectBySmoothingGroup.png
  artifactKey: Guid(eb21164897b574d6b8a0c05c9d672652) Importer(815301076,1909f56bfc062723c751e8b465ee728b)
Start importing Packages/com.unity.probuilder/Content/Icons/Toolbar/Selection_SelectBySmoothingGroup.png using Guid(eb21164897b574d6b8a0c05c9d672652) Importer(815301076,1909f56bfc062723c751e8b465ee728b)  -> (artifact id: 'b2d9572b569d764ce8b7bb6a043c4175') in 0.007751 seconds 
========================================================================
Received Import Request.
  Time since last request: 0.000022 seconds.
  path: Packages/com.unity.probuilder/Content/Icons/Toolbar/Panel_Shapes.png
  artifactKey: Guid(b1200b4e3bc72449e9735c9742fc6103) Importer(815301076,1909f56bfc062723c751e8b465ee728b)
Start importing Packages/com.unity.probuilder/Content/Icons/Toolbar/Panel_Shapes.png using Guid(b1200b4e3bc72449e9735c9742fc6103) Importer(815301076,1909f56bfc062723c751e8b465ee728b)  -> (artifact id: '8ef67c2ebe0621b64497bb48c5d2167d') in 0.007564 seconds 
========================================================================
Received Import Request.
  Time since last request: 0.000030 seconds.
  path: Packages/com.unity.probuilder/Content/Icons/Toolbar/Edge_Connect_disabled.png
  artifactKey: Guid(730c69e680a894479906e6b80fe5c3c9) Importer(815301076,1909f56bfc062723c751e8b465ee728b)
Start importing Packages/com.unity.probuilder/Content/Icons/Toolbar/Edge_Connect_disabled.png using Guid(730c69e680a894479906e6b80fe5c3c9) Importer(815301076,1909f56bfc062723c751e8b465ee728b)  -> (artifact id: 'eae92cd8fdba522f4252a55db42a145f') in 0.008242 seconds 
========================================================================
Received Import Request.
  Time since last request: 0.000015 seconds.
  path: Packages/com.unity.probuilder/Content/Icons/Toolbar/Object_ProBuilderize.png
  artifactKey: Guid(aa758a88ed4a5404fa8b0827990c1469) Importer(815301076,1909f56bfc062723c751e8b465ee728b)
Start importing Packages/com.unity.probuilder/Content/Icons/Toolbar/Object_ProBuilderize.png using Guid(aa758a88ed4a5404fa8b0827990c1469) Importer(815301076,1909f56bfc062723c751e8b465ee728b)  -> (artifact id: 'a768a6defa181c1d45bec32edef188e2') in 0.007318 seconds 
========================================================================
Received Import Request.
  Time since last request: 0.000014 seconds.
  path: Packages/com.unity.probuilder/Content/Icons/Toolbar/ExtrudeFace_Individual.png
  artifactKey: Guid(ea438799abcec451b801b70c7299438b) Importer(815301076,1909f56bfc062723c751e8b465ee728b)
Start importing Packages/com.unity.probuilder/Content/Icons/Toolbar/ExtrudeFace_Individual.png using Guid(ea438799abcec451b801b70c7299438b) Importer(815301076,1909f56bfc062723c751e8b465ee728b)  -> (artifact id: '2699f3970a79263436c2f34d69a08975') in 0.008208 seconds 
========================================================================
Received Import Request.
  Time since last request: 0.000020 seconds.
  path: Packages/com.unity.probuilder/Content/Icons/Toolbar/Edge_Bridge.png
  artifactKey: Guid(249ff8f97942f46bf9c03f603e87df35) Importer(815301076,1909f56bfc062723c751e8b465ee728b)
Start importing Packages/com.unity.probuilder/Content/Icons/Toolbar/Edge_Bridge.png using Guid(249ff8f97942f46bf9c03f603e87df35) Importer(815301076,1909f56bfc062723c751e8b465ee728b)  -> (artifact id: '6e35d38f37038cd82b9d1fd3a1f650e9') in 0.007743 seconds 
========================================================================
Received Import Request.
  Time since last request: 0.000019 seconds.
  path: Packages/com.unity.probuilder/Content/Icons/Toolbar/Edge_Subdivide.png
  artifactKey: Guid(03784ef963c4741f1a1766dff98f093c) Importer(815301076,1909f56bfc062723c751e8b465ee728b)
Start importing Packages/com.unity.probuilder/Content/Icons/Toolbar/Edge_Subdivide.png using Guid(03784ef963c4741f1a1766dff98f093c) Importer(815301076,1909f56bfc062723c751e8b465ee728b)  -> (artifact id: 'c3cf8d100960ad4692e413f4894388e5') in 0.007881 seconds 
========================================================================
Received Import Request.
  Time since last request: 0.000014 seconds.
  path: Packages/com.unity.probuilder/Content/Icons/Toolbar/HandleAlign_Plane.png
  artifactKey: Guid(6d8a0cbf20c07418bbb33ec170d3a000) Importer(815301076,1909f56bfc062723c751e8b465ee728b)
Start importing Packages/com.unity.probuilder/Content/Icons/Toolbar/HandleAlign_Plane.png using Guid(6d8a0cbf20c07418bbb33ec170d3a000) Importer(815301076,1909f56bfc062723c751e8b465ee728b)  -> (artifact id: '0ee745755c98c2ec128343cd9d7b9fad') in 0.008133 seconds 
========================================================================
Received Import Request.
  Time since last request: 0.000015 seconds.
  path: Packages/com.unity.probuilder/Content/Icons/Toolbar/RoundedBorder.png
  artifactKey: Guid(ac9e13c8802f74529be37e5cf1150360) Importer(815301076,1909f56bfc062723c751e8b465ee728b)
Start importing Packages/com.unity.probuilder/Content/Icons/Toolbar/RoundedBorder.png using Guid(ac9e13c8802f74529be37e5cf1150360) Importer(815301076,1909f56bfc062723c751e8b465ee728b)  -> (artifact id: '6520496608644ce63b4bcffcdb2eeac8') in 0.008428 seconds 
========================================================================
Received Import Request.
  Time since last request: 0.000013 seconds.
  path: Packages/com.unity.probuilder/Content/Icons/Toolbar/Object_GenerateUV2_disabled.png
  artifactKey: Guid(0e31e246654f24922a061e6bd9675d9c) Importer(815301076,1909f56bfc062723c751e8b465ee728b)
Start importing Packages/com.unity.probuilder/Content/Icons/Toolbar/Object_GenerateUV2_disabled.png using Guid(0e31e246654f24922a061e6bd9675d9c) Importer(815301076,1909f56bfc062723c751e8b465ee728b)  -> (artifact id: 'fbde5f43d7ccfa9b5ad835fc9ac2ee2f') in 0.008963 seconds 
========================================================================
Received Import Request.
  Time since last request: 0.000015 seconds.
  path: Packages/com.unity.probuilder/Content/Icons/Toolbar/Selection_SelectByMaterial.png
  artifactKey: Guid(c0404ba48e711412ab3269a164760091) Importer(815301076,1909f56bfc062723c751e8b465ee728b)
Start importing Packages/com.unity.probuilder/Content/Icons/Toolbar/Selection_SelectByMaterial.png using Guid(c0404ba48e711412ab3269a164760091) Importer(815301076,1909f56bfc062723c751e8b465ee728b)  -> (artifact id: 'b0cdaa305c18de2b49ac78175d971e5f') in 0.008540 seconds 
========================================================================
Received Import Request.
  Time since last request: 0.000015 seconds.
  path: Packages/com.unity.probuilder/Content/Icons/Toolbar/Face_Detach_disabled.png
  artifactKey: Guid(c75e468d031474cb8bb8fa55052f571e) Importer(815301076,1909f56bfc062723c751e8b465ee728b)
Start importing Packages/com.unity.probuilder/Content/Icons/Toolbar/Face_Detach_disabled.png using Guid(c75e468d031474cb8bb8fa55052f571e) Importer(815301076,1909f56bfc062723c751e8b465ee728b)  -> (artifact id: '459d7ef47a848d5e50fa90f25d8d268f') in 0.008791 seconds 
========================================================================
Received Import Request.
  Time since last request: 0.000014 seconds.
  path: Packages/com.unity.probuilder/Content/Icons/Toolbar/Object_FlipNormals_disabled.png
  artifactKey: Guid(d2b89eba32d4e4836adfeab804053698) Importer(815301076,1909f56bfc062723c751e8b465ee728b)
Start importing Packages/com.unity.probuilder/Content/Icons/Toolbar/Object_FlipNormals_disabled.png using Guid(d2b89eba32d4e4836adfeab804053698) Importer(815301076,1909f56bfc062723c751e8b465ee728b)  -> (artifact id: 'b3603922792de4d2cfdde1bfd6928fb8') in 0.011807 seconds 
========================================================================
Received Import Request.
  Time since last request: 0.000021 seconds.
  path: Packages/com.unity.probuilder/Content/Icons/Toolbar/Panel_Materials.png
  artifactKey: Guid(130b88294a9d04f8198229adfbce3c2c) Importer(815301076,1909f56bfc062723c751e8b465ee728b)
Start importing Packages/com.unity.probuilder/Content/Icons/Toolbar/Panel_Materials.png using Guid(130b88294a9d04f8198229adfbce3c2c) Importer(815301076,1909f56bfc062723c751e8b465ee728b)  -> (artifact id: 'd812facbf1e85a0f7f5142ffda49dd99') in 0.008233 seconds 
========================================================================
Received Import Request.
  Time since last request: 0.000015 seconds.
  path: Packages/com.unity.probuilder/Content/Icons/Toolbar/ExtrudeFace_Individual_disabled.png
  artifactKey: Guid(d0945ff31532a4cc2adacd46c6abfc91) Importer(815301076,1909f56bfc062723c751e8b465ee728b)
Start importing Packages/com.unity.probuilder/Content/Icons/Toolbar/ExtrudeFace_Individual_disabled.png using Guid(d0945ff31532a4cc2adacd46c6abfc91) Importer(815301076,1909f56bfc062723c751e8b465ee728b)  -> (artifact id: '2df0b1e1f344e9276d16e447a49fced1') in 0.018144 seconds 
========================================================================
Received Import Request.
  Time since last request: 0.000015 seconds.
  path: Packages/com.unity.probuilder/Content/Icons/Toolbar/Object_Export.png
  artifactKey: Guid(7754f95d111474afb813edcc7c2ff9db) Importer(815301076,1909f56bfc062723c751e8b465ee728b)
Start importing Packages/com.unity.probuilder/Content/Icons/Toolbar/Object_Export.png using Guid(7754f95d111474afb813edcc7c2ff9db) Importer(815301076,1909f56bfc062723c751e8b465ee728b)  -> (artifact id: '816446b1cd909b55353aa1c8275dfc1b') in 0.008754 seconds 
========================================================================
Received Import Request.
  Time since last request: 0.000023 seconds.
  path: Packages/com.unity.probuilder/Content/Icons/Toolbar/Object_FlipNormals.png
  artifactKey: Guid(f92a3f288555044279199c3a1134e80d) Importer(815301076,1909f56bfc062723c751e8b465ee728b)
Start importing Packages/com.unity.probuilder/Content/Icons/Toolbar/Object_FlipNormals.png using Guid(f92a3f288555044279199c3a1134e80d) Importer(815301076,1909f56bfc062723c751e8b465ee728b)  -> (artifact id: '7c352864f1da4e4ad3c0cfb770b94453') in 0.008073 seconds 
========================================================================
Received Import Request.
  Time since last request: 0.000023 seconds.
  path: Packages/com.unity.probuilder/Content/Icons/Toolbar/ExtrudeFace_VertexNormals_disabled.png
  artifactKey: Guid(73806305a4e494c60aabf8cb0b4bf5e0) Importer(815301076,1909f56bfc062723c751e8b465ee728b)
Start importing Packages/com.unity.probuilder/Content/Icons/Toolbar/ExtrudeFace_VertexNormals_disabled.png using Guid(73806305a4e494c60aabf8cb0b4bf5e0) Importer(815301076,1909f56bfc062723c751e8b465ee728b)  -> (artifact id: '47de865d0b0450f922cf84391460bf12') in 0.008240 seconds 
========================================================================
Received Import Request.
  Time since last request: 0.000021 seconds.
  path: Packages/com.unity.probuilder/Content/Icons/Toolbar/Selection_ShiftAdd.png
  artifactKey: Guid(355d6186c739f4e57b30cd51ded99471) Importer(815301076,1909f56bfc062723c751e8b465ee728b)
Start importing Packages/com.unity.probuilder/Content/Icons/Toolbar/Selection_ShiftAdd.png using Guid(355d6186c739f4e57b30cd51ded99471) Importer(815301076,1909f56bfc062723c751e8b465ee728b)  -> (artifact id: '231ea78c87f82783ff3471d2ad8084ac') in 0.008089 seconds 
========================================================================
Received Import Request.
  Time since last request: 0.000013 seconds.
  path: Packages/com.unity.probuilder/Content/Icons/Toolbar/Object_ConformNormals_disabled.png
  artifactKey: Guid(94249e00d22ef41adad51bab421b0e09) Importer(815301076,1909f56bfc062723c751e8b465ee728b)
Start importing Packages/com.unity.probuilder/Content/Icons/Toolbar/Object_ConformNormals_disabled.png using Guid(94249e00d22ef41adad51bab421b0e09) Importer(815301076,1909f56bfc062723c751e8b465ee728b)  -> (artifact id: 'eb8226b231d1ff8b7a1e9d16a8a5aa79') in 0.007878 seconds 
========================================================================
Received Import Request.
  Time since last request: 0.000014 seconds.
  path: Packages/com.unity.probuilder/Content/Icons/Toolbar/Selection_Grow.png
  artifactKey: Guid(92b965cb36c2241ff85afe194b701652) Importer(815301076,1909f56bfc062723c751e8b465ee728b)
Start importing Packages/com.unity.probuilder/Content/Icons/Toolbar/Selection_Grow.png using Guid(92b965cb36c2241ff85afe194b701652) Importer(815301076,1909f56bfc062723c751e8b465ee728b)  -> (artifact id: 'ede50811e57c441aeaf006ff69aa98bf') in 0.008025 seconds 
========================================================================
Received Import Request.
  Time since last request: 0.000015 seconds.
  path: Packages/com.unity.probuilder/Content/Icons/Toolbar/HandleAlign_Custom.png
  artifactKey: Guid(1ca3f1b1d9b7b4e63bcb89526f13507d) Importer(815301076,1909f56bfc062723c751e8b465ee728b)
Start importing Packages/com.unity.probuilder/Content/Icons/Toolbar/HandleAlign_Custom.png using Guid(1ca3f1b1d9b7b4e63bcb89526f13507d) Importer(815301076,1909f56bfc062723c751e8b465ee728b)  -> (artifact id: '01faedfe145aaf4bc6866de458b3920a') in 0.008780 seconds 
========================================================================
Received Import Request.
  Time since last request: 0.000016 seconds.
  path: Packages/com.unity.probuilder/Content/Icons/Toolbar/Mode_Edge.png
  artifactKey: Guid(1cedd028e2b934968a4badb229f3bbfa) Importer(815301076,1909f56bfc062723c751e8b465ee728b)
Start importing Packages/com.unity.probuilder/Content/Icons/Toolbar/Mode_Edge.png using Guid(1cedd028e2b934968a4badb229f3bbfa) Importer(815301076,1909f56bfc062723c751e8b465ee728b)  -> (artifact id: 'e4f4eb02b1718fdaa027ddcf53664608') in 0.007847 seconds 
========================================================================
Received Import Request.
  Time since last request: 0.000019 seconds.
  path: Packages/com.unity.probuilder/Content/Icons/Toolbar/Bezier_Mirrored.png
  artifactKey: Guid(ef7e9b1becafe43e08ebc38b881ce60d) Importer(815301076,1909f56bfc062723c751e8b465ee728b)
Start importing Packages/com.unity.probuilder/Content/Icons/Toolbar/Bezier_Mirrored.png using Guid(ef7e9b1becafe43e08ebc38b881ce60d) Importer(815301076,1909f56bfc062723c751e8b465ee728b)  -> (artifact id: '4299684b58246d1a09b2925adf093016') in 0.007315 seconds 
========================================================================
Received Import Request.
  Time since last request: 0.000017 seconds.
  path: Packages/com.unity.probuilder/Content/Icons/Toolbar/AltButton_Pressed.png
  artifactKey: Guid(2306494ea7af64c58819a58d4396773f) Importer(815301076,1909f56bfc062723c751e8b465ee728b)
Start importing Packages/com.unity.probuilder/Content/Icons/Toolbar/AltButton_Pressed.png using Guid(2306494ea7af64c58819a58d4396773f) Importer(815301076,1909f56bfc062723c751e8b465ee728b)  -> (artifact id: '9c273b2fd1f16830ece4e6f967145b86') in 0.008163 seconds 
========================================================================
Received Import Request.
  Time since last request: 0.000014 seconds.
  path: Packages/com.unity.probuilder/Content/Icons/Toolbar/Mode_Face.png
  artifactKey: Guid(7f77ca82d147447829f8cf2f6b62c503) Importer(815301076,1909f56bfc062723c751e8b465ee728b)
Start importing Packages/com.unity.probuilder/Content/Icons/Toolbar/Mode_Face.png using Guid(7f77ca82d147447829f8cf2f6b62c503) Importer(815301076,1909f56bfc062723c751e8b465ee728b)  -> (artifact id: 'fb87d6f5e4d17760e9842b76e405474e') in 0.005491 seconds 
========================================================================
Received Import Request.
  Time since last request: 0.000016 seconds.
  path: Packages/com.unity.probuilder/Content/Icons/Toolbar/CutTool_disabled.png
  artifactKey: Guid(57f92aae46391dc48b04291f4ef8e465) Importer(815301076,1909f56bfc062723c751e8b465ee728b)
Start importing Packages/com.unity.probuilder/Content/Icons/Toolbar/CutTool_disabled.png using Guid(57f92aae46391dc48b04291f4ef8e465) Importer(815301076,1909f56bfc062723c751e8b465ee728b)  -> (artifact id: '23451a37086c659956363d3ad2e32c9a') in 0.008425 seconds 
========================================================================
Received Import Request.
  Time since last request: 0.000018 seconds.
  path: Packages/com.unity.probuilder/Content/Icons/Toolbar/Button_Hover_Horizontal.png
  artifactKey: Guid(942688bbdf9e1427a96370f9a35d7fbf) Importer(815301076,1909f56bfc062723c751e8b465ee728b)
Start importing Packages/com.unity.probuilder/Content/Icons/Toolbar/Button_Hover_Horizontal.png using Guid(942688bbdf9e1427a96370f9a35d7fbf) Importer(815301076,1909f56bfc062723c751e8b465ee728b)  -> (artifact id: '96eecb8700d489ce09d97df93e564797') in 0.008315 seconds 
========================================================================
Received Import Request.
  Time since last request: 0.000018 seconds.
  path: Packages/com.unity.probuilder/Content/Icons/Toolbar/null.png
  artifactKey: Guid(df60c8a427a934c0eaab79a9ee840662) Importer(815301076,1909f56bfc062723c751e8b465ee728b)
Start importing Packages/com.unity.probuilder/Content/Icons/Toolbar/null.png using Guid(df60c8a427a934c0eaab79a9ee840662) Importer(815301076,1909f56bfc062723c751e8b465ee728b)  -> (artifact id: 'bb2bfa59ca37d5dc859170588e868ec0') in 0.008102 seconds 
========================================================================
Received Import Request.
  Time since last request: 0.000019 seconds.
  path: Packages/com.unity.probuilder/Content/Icons/Toolbar/Face_Duplicate.png
  artifactKey: Guid(873f5a608d94f1a41950dd475505ac99) Importer(815301076,1909f56bfc062723c751e8b465ee728b)
Start importing Packages/com.unity.probuilder/Content/Icons/Toolbar/Face_Duplicate.png using Guid(873f5a608d94f1a41950dd475505ac99) Importer(815301076,1909f56bfc062723c751e8b465ee728b)  -> (artifact id: 'ce5a77dbdde4a69e73dcb7413573f5fe') in 0.007668 seconds 
========================================================================
Received Import Request.
  Time since last request: 0.000014 seconds.
  path: Packages/com.unity.probuilder/Content/Icons/Toolbar/Pivot_CenterOnObject.png
  artifactKey: Guid(7c1124a3b675b412e9b6f303869a1f61) Importer(815301076,1909f56bfc062723c751e8b465ee728b)
Start importing Packages/com.unity.probuilder/Content/Icons/Toolbar/Pivot_CenterOnObject.png using Guid(7c1124a3b675b412e9b6f303869a1f61) Importer(815301076,1909f56bfc062723c751e8b465ee728b)  -> (artifact id: 'f86c710dabc5e09ee206680145b098ba') in 0.007544 seconds 
========================================================================
Received Import Request.
  Time since last request: 0.000015 seconds.
  path: Packages/com.unity.probuilder/Content/Icons/Toolbar/Edge_Bridge_disabled.png
  artifactKey: Guid(821257d58060c41e29f55ecdab551f4b) Importer(815301076,1909f56bfc062723c751e8b465ee728b)
Start importing Packages/com.unity.probuilder/Content/Icons/Toolbar/Edge_Bridge_disabled.png using Guid(821257d58060c41e29f55ecdab551f4b) Importer(815301076,1909f56bfc062723c751e8b465ee728b)  -> (artifact id: '7a72cb9777414426b7f9f351e0aba4a8') in 0.008216 seconds 
========================================================================
Received Import Request.
  Time since last request: 0.000013 seconds.
  path: Packages/com.unity.probuilder/Content/Icons/Toolbar/Selection_Loop.png
  artifactKey: Guid(1a10d9380e55746d29fc49763b2869d7) Importer(815301076,1909f56bfc062723c751e8b465ee728b)
Start importing Packages/com.unity.probuilder/Content/Icons/Toolbar/Selection_Loop.png using Guid(1a10d9380e55746d29fc49763b2869d7) Importer(815301076,1909f56bfc062723c751e8b465ee728b)  -> (artifact id: '592376c871a6311034883f4dfe544696') in 0.007976 seconds 
========================================================================
Received Import Request.
  Time since last request: 0.000018 seconds.
  path: Packages/com.unity.probuilder/Content/Icons/Toolbar/Selection_Rect_Intersect.png
  artifactKey: Guid(359ed6d9c2f6e40c78c4fe5529307add) Importer(815301076,1909f56bfc062723c751e8b465ee728b)
Start importing Packages/com.unity.probuilder/Content/Icons/Toolbar/Selection_Rect_Intersect.png using Guid(359ed6d9c2f6e40c78c4fe5529307add) Importer(815301076,1909f56bfc062723c751e8b465ee728b)  -> (artifact id: '76db405997cf176749bed249e182585b') in 0.008850 seconds 
========================================================================
Received Import Request.
  Time since last request: 0.000015 seconds.
  path: Packages/com.unity.probuilder/Content/Icons/Toolbar/Selection_Loop_Face.png
  artifactKey: Guid(120f219005f4543348e937ed8b35599f) Importer(815301076,1909f56bfc062723c751e8b465ee728b)
Start importing Packages/com.unity.probuilder/Content/Icons/Toolbar/Selection_Loop_Face.png using Guid(120f219005f4543348e937ed8b35599f) Importer(815301076,1909f56bfc062723c751e8b465ee728b)  -> (artifact id: 'fc5b91b29b0fea3abb0a3fbbbde654ef') in 0.008847 seconds 
========================================================================
Received Import Request.
  Time since last request: 0.000017 seconds.
  path: Packages/com.unity.probuilder/Content/Icons/Toolbar/Edge_FillHole_disabled.png
  artifactKey: Guid(b7defbd9ac0184d85b28922c48f45cea) Importer(815301076,1909f56bfc062723c751e8b465ee728b)
Start importing Packages/com.unity.probuilder/Content/Icons/Toolbar/Edge_FillHole_disabled.png using Guid(b7defbd9ac0184d85b28922c48f45cea) Importer(815301076,1909f56bfc062723c751e8b465ee728b)  -> (artifact id: 'ee09d3de5e9c1c2bec41da06dfc25960') in 0.008243 seconds 
========================================================================
Received Import Request.
  Time since last request: 0.000014 seconds.
  path: Packages/com.unity.probuilder/Content/Icons/Toolbar/Pivot_Reset.png
  artifactKey: Guid(9e66b04a800d04546940b09710d86b8e) Importer(815301076,1909f56bfc062723c751e8b465ee728b)
Start importing Packages/com.unity.probuilder/Content/Icons/Toolbar/Pivot_Reset.png using Guid(9e66b04a800d04546940b09710d86b8e) Importer(815301076,1909f56bfc062723c751e8b465ee728b)  -> (artifact id: '9ae0eb4f2c1d018810f409ec0045171a') in 0.007703 seconds 
========================================================================
Received Import Request.
  Time since last request: 0.000020 seconds.
  path: Packages/com.unity.probuilder/Content/Icons/Toolbar/CutTool.png
  artifactKey: Guid(3bd0574ca564b5c4bbd430b00e2dcecd) Importer(815301076,1909f56bfc062723c751e8b465ee728b)
Start importing Packages/com.unity.probuilder/Content/Icons/Toolbar/CutTool.png using Guid(3bd0574ca564b5c4bbd430b00e2dcecd) Importer(815301076,1909f56bfc062723c751e8b465ee728b)  -> (artifact id: '4ddfb697868d246304408ba5f0122355') in 0.007672 seconds 
========================================================================
Received Import Request.
  Time since last request: 0.000014 seconds.
  path: Packages/com.unity.probuilder/Content/Icons/Toolbar/Face_Triangulate.png
  artifactKey: Guid(c81b119083ec94dd381aa40cfdd3384d) Importer(815301076,1909f56bfc062723c751e8b465ee728b)
Start importing Packages/com.unity.probuilder/Content/Icons/Toolbar/Face_Triangulate.png using Guid(c81b119083ec94dd381aa40cfdd3384d) Importer(815301076,1909f56bfc062723c751e8b465ee728b)  -> (artifact id: '57464302ebe5673d290dc074ee907d3c') in 0.007760 seconds 
========================================================================
Received Import Request.
  Time since last request: 0.000016 seconds.
  path: Packages/com.unity.probuilder/Content/Icons/Toolbar/Object_Merge.png
  artifactKey: Guid(3dd24ef03b33b4f789b5e5869a8f175c) Importer(815301076,1909f56bfc062723c751e8b465ee728b)
Start importing Packages/com.unity.probuilder/Content/Icons/Toolbar/Object_Merge.png using Guid(3dd24ef03b33b4f789b5e5869a8f175c) Importer(815301076,1909f56bfc062723c751e8b465ee728b)  -> (artifact id: '0e6eaed4f732bcb201662d7472b52330') in 0.007996 seconds 
========================================================================
Received Import Request.
  Time since last request: 0.000015 seconds.
  path: Packages/com.unity.probuilder/Content/Icons/Toolbar/Face_Triangulate_disabled.png
  artifactKey: Guid(1415d1687434e48a19b4343226a4504c) Importer(815301076,1909f56bfc062723c751e8b465ee728b)
Start importing Packages/com.unity.probuilder/Content/Icons/Toolbar/Face_Triangulate_disabled.png using Guid(1415d1687434e48a19b4343226a4504c) Importer(815301076,1909f56bfc062723c751e8b465ee728b)  -> (artifact id: '9339df4126c035afb8cfd9a11b3f2cce') in 0.008769 seconds 
========================================================================
Received Import Request.
  Time since last request: 0.000014 seconds.
  path: Packages/com.unity.probuilder/Content/Icons/Toolbar/Face_FlipNormals.png
  artifactKey: Guid(969f83c37cad7444db46027976fc291f) Importer(815301076,1909f56bfc062723c751e8b465ee728b)
Start importing Packages/com.unity.probuilder/Content/Icons/Toolbar/Face_FlipNormals.png using Guid(969f83c37cad7444db46027976fc291f) Importer(815301076,1909f56bfc062723c751e8b465ee728b)  -> (artifact id: '2c8c222717cbe5ebb2aba9726a6c92b8') in 0.007698 seconds 
========================================================================
Received Import Request.
  Time since last request: 0.000014 seconds.
  path: Packages/com.unity.probuilder/Content/Icons/Toolbar/Selection_Ring_disabled.png
  artifactKey: Guid(12a20356f49f84fcba632c43573fe1f4) Importer(815301076,1909f56bfc062723c751e8b465ee728b)
Start importing Packages/com.unity.probuilder/Content/Icons/Toolbar/Selection_Ring_disabled.png using Guid(12a20356f49f84fcba632c43573fe1f4) Importer(815301076,1909f56bfc062723c751e8b465ee728b)  -> (artifact id: '59f441ceaa2b33f411a7908f9ce5f776') in 0.009071 seconds 
========================================================================
Received Import Request.
  Time since last request: 0.000014 seconds.
  path: Packages/com.unity.probuilder/Content/Icons/Toolbar/Face_FlipNormals_3D.png
  artifactKey: Guid(6e1f06572201e4182b190d4afb94b36a) Importer(815301076,1909f56bfc062723c751e8b465ee728b)
Start importing Packages/com.unity.probuilder/Content/Icons/Toolbar/Face_FlipNormals_3D.png using Guid(6e1f06572201e4182b190d4afb94b36a) Importer(815301076,1909f56bfc062723c751e8b465ee728b)  -> (artifact id: 'bbe67e2bb731413938f8161612ef6440') in 0.007711 seconds 
========================================================================
Received Import Request.
  Time since last request: 0.000016 seconds.
  path: Packages/com.unity.probuilder/Content/Icons/Toolbar/Object_Subdivide_disabled.png
  artifactKey: Guid(4a239944eb900466eba405e00fba39be) Importer(815301076,1909f56bfc062723c751e8b465ee728b)
Start importing Packages/com.unity.probuilder/Content/Icons/Toolbar/Object_Subdivide_disabled.png using Guid(4a239944eb900466eba405e00fba39be) Importer(815301076,1909f56bfc062723c751e8b465ee728b)  -> (artifact id: 'b7fb47b61f89fa0b7a7062a655ebdb93') in 0.007878 seconds 
========================================================================
Received Import Request.
  Time since last request: 0.000017 seconds.
  path: Packages/com.unity.probuilder/Content/Icons/Toolbar/Face_Subdivide_disabled.png
  artifactKey: Guid(1969c94fa912348e9bd4d423c2618191) Importer(815301076,1909f56bfc062723c751e8b465ee728b)
Start importing Packages/com.unity.probuilder/Content/Icons/Toolbar/Face_Subdivide_disabled.png using Guid(1969c94fa912348e9bd4d423c2618191) Importer(815301076,1909f56bfc062723c751e8b465ee728b)  -> (artifact id: '34aa6b4d6bb1b2910b8f30e86690d4ac') in 0.008552 seconds 
========================================================================
Received Import Request.
  Time since last request: 0.000015 seconds.
  path: Packages/com.unity.probuilder/Content/Icons/Toolbar/Button_Normal.png
  artifactKey: Guid(5c266eda6963f4b088cb4e69c9892a28) Importer(815301076,1909f56bfc062723c751e8b465ee728b)
Start importing Packages/com.unity.probuilder/Content/Icons/Toolbar/Button_Normal.png using Guid(5c266eda6963f4b088cb4e69c9892a28) Importer(815301076,1909f56bfc062723c751e8b465ee728b)  -> (artifact id: '7c319b554c12d4ed1512c7f0b9947c98') in 0.008768 seconds 
========================================================================
Received Import Request.
  Time since last request: 0.000017 seconds.
  path: Packages/com.unity.probuilder/Content/Icons/Toolbar/Face_FlipTri_disabled.png
  artifactKey: Guid(bfce4f99a83ff4a38a9f79cd9740e127) Importer(815301076,1909f56bfc062723c751e8b465ee728b)
Start importing Packages/com.unity.probuilder/Content/Icons/Toolbar/Face_FlipTri_disabled.png using Guid(bfce4f99a83ff4a38a9f79cd9740e127) Importer(815301076,1909f56bfc062723c751e8b465ee728b)  -> (artifact id: 'b37a7eae083dc80c67d0a8f20f5843a6') in 0.008756 seconds 
========================================================================
Received Import Request.
  Time since last request: 0.000013 seconds.
  path: Packages/com.unity.probuilder/Content/Icons/Toolbar/Help_Light.png
  artifactKey: Guid(3f608a0570cfcf446821d6adfc48c720) Importer(815301076,1909f56bfc062723c751e8b465ee728b)
Start importing Packages/com.unity.probuilder/Content/Icons/Toolbar/Help_Light.png using Guid(3f608a0570cfcf446821d6adfc48c720) Importer(815301076,1909f56bfc062723c751e8b465ee728b)  -> (artifact id: 'fd46e68ec75bbeaf950fc93e80697567') in 0.007845 seconds 
========================================================================
Received Import Request.
  Time since last request: 0.000014 seconds.
  path: Packages/com.unity.probuilder/Content/Icons/Toolbar/Edge_Subdivide_disabled.png
  artifactKey: Guid(1d3cfa6d5d3be48b49f9bc2055d9cc25) Importer(815301076,1909f56bfc062723c751e8b465ee728b)
Start importing Packages/com.unity.probuilder/Content/Icons/Toolbar/Edge_Subdivide_disabled.png using Guid(1d3cfa6d5d3be48b49f9bc2055d9cc25) Importer(815301076,1909f56bfc062723c751e8b465ee728b)  -> (artifact id: '035e77ffc1f7ab6cf6daa47f2bf294ff') in 0.008190 seconds 
========================================================================
Received Import Request.
  Time since last request: 0.000012 seconds.
  path: Packages/com.unity.probuilder/Content/Icons/Toolbar/Object_Export_disabled.png
  artifactKey: Guid(debe6a77aa48245eb9a87e54e3c1d3cb) Importer(815301076,1909f56bfc062723c751e8b465ee728b)
Start importing Packages/com.unity.probuilder/Content/Icons/Toolbar/Object_Export_disabled.png using Guid(debe6a77aa48245eb9a87e54e3c1d3cb) Importer(815301076,1909f56bfc062723c751e8b465ee728b)  -> (artifact id: '2245a099662525883168ec2c6fefcc7d') in 0.008191 seconds 
========================================================================
Received Import Request.
  Time since last request: 0.000016 seconds.
  path: Packages/com.unity.probuilder/Content/Icons/Toolbar/Selection_SelectHidden-OFF.png
  artifactKey: Guid(e95863eaba9e840398e091f5f012842b) Importer(815301076,1909f56bfc062723c751e8b465ee728b)
Start importing Packages/com.unity.probuilder/Content/Icons/Toolbar/Selection_SelectHidden-OFF.png using Guid(e95863eaba9e840398e091f5f012842b) Importer(815301076,1909f56bfc062723c751e8b465ee728b)  -> (artifact id: '74ce023fc3afa3f35f169a0b61bf4081') in 0.008136 seconds 
========================================================================
Received Import Request.
  Time since last request: 0.000019 seconds.
  path: Packages/com.unity.probuilder/Content/Icons/Toolbar/Selection_SelectHidden-ON.png
  artifactKey: Guid(a8f9f8e9ccf234b838fd410a9275fa27) Importer(815301076,1909f56bfc062723c751e8b465ee728b)
Start importing Packages/com.unity.probuilder/Content/Icons/Toolbar/Selection_SelectHidden-ON.png using Guid(a8f9f8e9ccf234b838fd410a9275fa27) Importer(815301076,1909f56bfc062723c751e8b465ee728b)  -> (artifact id: 'bc854658824c3e02b8b781b69d9148b0') in 0.010757 seconds 
========================================================================
Received Import Request.
  Time since last request: 0.000015 seconds.
  path: Packages/com.unity.probuilder/Content/Icons/Toolbar/Edge_InsertLoop_disabled.png
  artifactKey: Guid(0c2118973b15a41de89e16923ee7d23d) Importer(815301076,1909f56bfc062723c751e8b465ee728b)
Start importing Packages/com.unity.probuilder/Content/Icons/Toolbar/Edge_InsertLoop_disabled.png using Guid(0c2118973b15a41de89e16923ee7d23d) Importer(815301076,1909f56bfc062723c751e8b465ee728b)  -> (artifact id: 'd6d0d485aa540d1e311583edec5eadba') in 0.007907 seconds 
========================================================================
Received Import Request.
  Time since last request: 0.000015 seconds.
  path: Packages/com.unity.probuilder/Content/Icons/Toolbar/Button_Pressed_Horizontal.png
  artifactKey: Guid(812226b3d99374891a555960dac7ef49) Importer(815301076,1909f56bfc062723c751e8b465ee728b)
Start importing Packages/com.unity.probuilder/Content/Icons/Toolbar/Button_Pressed_Horizontal.png using Guid(812226b3d99374891a555960dac7ef49) Importer(815301076,1909f56bfc062723c751e8b465ee728b)  -> (artifact id: 'aa5103aded594581f5322e86e03f5006') in 0.008317 seconds 
========================================================================
Received Import Request.
  Time since last request: 0.000015 seconds.
  path: Packages/com.unity.probuilder/Content/Icons/Toolbar/Face_Delete.png
  artifactKey: Guid(f5cbc2065eed9419bbc68124aad2ff87) Importer(815301076,1909f56bfc062723c751e8b465ee728b)
Start importing Packages/com.unity.probuilder/Content/Icons/Toolbar/Face_Delete.png using Guid(f5cbc2065eed9419bbc68124aad2ff87) Importer(815301076,1909f56bfc062723c751e8b465ee728b)  -> (artifact id: '5933663540f4fe6f8ff5edbc6073296a') in 0.007499 seconds 
========================================================================
Received Import Request.
  Time since last request: 0.000023 seconds.
  path: Packages/com.unity.probuilder/Content/Icons/Toolbar/Selection_SelectHole.png
  artifactKey: Guid(a62fa0baeb5984366875abfc6928f551) Importer(815301076,1909f56bfc062723c751e8b465ee728b)
Start importing Packages/com.unity.probuilder/Content/Icons/Toolbar/Selection_SelectHole.png using Guid(a62fa0baeb5984366875abfc6928f551) Importer(815301076,1909f56bfc062723c751e8b465ee728b)  -> (artifact id: 'c594427d5ecad4c500381db0dc99d9bd') in 0.007754 seconds 
========================================================================
Received Import Request.
  Time since last request: 0.000016 seconds.
  path: Packages/com.unity.probuilder/Content/Icons/Toolbar/Selection_ShiftSubtract.png
  artifactKey: Guid(e22c7c7e1fedc47ab914c0bb4a724dbe) Importer(815301076,1909f56bfc062723c751e8b465ee728b)
Start importing Packages/com.unity.probuilder/Content/Icons/Toolbar/Selection_ShiftSubtract.png using Guid(e22c7c7e1fedc47ab914c0bb4a724dbe) Importer(815301076,1909f56bfc062723c751e8b465ee728b)  -> (artifact id: '272581488bc2dccdb69d494445373005') in 0.008231 seconds 
========================================================================
Received Import Request.
  Time since last request: 0.000024 seconds.
  path: Packages/com.unity.probuilder/Content/Icons/Toolbar/Pivot_DirectEdit.png
  artifactKey: Guid(1fb428ccc95fd406e89e0777f619cf2d) Importer(815301076,1909f56bfc062723c751e8b465ee728b)
Start importing Packages/com.unity.probuilder/Content/Icons/Toolbar/Pivot_DirectEdit.png using Guid(1fb428ccc95fd406e89e0777f619cf2d) Importer(815301076,1909f56bfc062723c751e8b465ee728b)  -> (artifact id: 'fc8105eda91053b3860fc427b17637d0') in 0.008439 seconds 
========================================================================
Received Import Request.
  Time since last request: 0.000017 seconds.
  path: Packages/com.unity.probuilder/Content/Icons/Toolbar/Face_Detach.png
  artifactKey: Guid(335e609d01b074d95b939ad7401a2f6c) Importer(815301076,1909f56bfc062723c751e8b465ee728b)
Start importing Packages/com.unity.probuilder/Content/Icons/Toolbar/Face_Detach.png using Guid(335e609d01b074d95b939ad7401a2f6c) Importer(815301076,1909f56bfc062723c751e8b465ee728b)  -> (artifact id: 'a55905249310ad96c1c9a0aa69a7134d') in 0.007888 seconds 
========================================================================
Received Import Request.
  Time since last request: 0.000014 seconds.
  path: Packages/com.unity.probuilder/Content/Icons/Toolbar/Button_Pressed.png
  artifactKey: Guid(7fd132649d558432ba3da6dacc873882) Importer(815301076,1909f56bfc062723c751e8b465ee728b)
Start importing Packages/com.unity.probuilder/Content/Icons/Toolbar/Button_Pressed.png using Guid(7fd132649d558432ba3da6dacc873882) Importer(815301076,1909f56bfc062723c751e8b465ee728b)  -> (artifact id: '6fa2215528b48fa9f368a8cdac887ab9') in 0.008088 seconds 
========================================================================
Received Import Request.
  Time since last request: 0.000013 seconds.
  path: Packages/com.unity.probuilder/Content/Icons/Toolbar/Object_GenerateUV2.png
  artifactKey: Guid(b389d16e3ce0e48289e8533dbc39bba8) Importer(815301076,1909f56bfc062723c751e8b465ee728b)
Start importing Packages/com.unity.probuilder/Content/Icons/Toolbar/Object_GenerateUV2.png using Guid(b389d16e3ce0e48289e8533dbc39bba8) Importer(815301076,1909f56bfc062723c751e8b465ee728b)  -> (artifact id: '3e2bbe1c1f76bc1f7b93bd91d8666c22') in 0.008578 seconds 
========================================================================
Received Import Request.
  Time since last request: 0.000013 seconds.
  path: Packages/com.unity.probuilder/Content/Icons/Toolbar/Edge_FillHole.png
  artifactKey: Guid(8af90ff5f51264541a5c2a2b24b3d0bf) Importer(815301076,1909f56bfc062723c751e8b465ee728b)
Start importing Packages/com.unity.probuilder/Content/Icons/Toolbar/Edge_FillHole.png using Guid(8af90ff5f51264541a5c2a2b24b3d0bf) Importer(815301076,1909f56bfc062723c751e8b465ee728b)  -> (artifact id: 'fa688b816ba8a16b62f14147c9ddb912') in 0.008057 seconds 
========================================================================
Received Import Request.
  Time since last request: 0.917242 seconds.
  path: Packages/com.unity.probuilder/Content/Icons/Tools/EditShape@2x.png
  artifactKey: Guid(762f5fc6dfcf7f647a93ab888150c530) Importer(815301076,1909f56bfc062723c751e8b465ee728b)
Start importing Packages/com.unity.probuilder/Content/Icons/Tools/EditShape@2x.png using Guid(762f5fc6dfcf7f647a93ab888150c530) Importer(815301076,1909f56bfc062723c751e8b465ee728b)  -> (artifact id: '2ad8cb6997d852fd4a8d015870b5227d') in 0.007402 seconds 
========================================================================
Received Import Request.
  Time since last request: 0.000016 seconds.
  path: Packages/com.unity.probuilder/Content/Icons/Tools/EditShape@2x_Over.png
  artifactKey: Guid(0fbd5def79f3e8f4ab18307813ce1cbe) Importer(815301076,1909f56bfc062723c751e8b465ee728b)
Start importing Packages/com.unity.probuilder/Content/Icons/Tools/EditShape@2x_Over.png using Guid(0fbd5def79f3e8f4ab18307813ce1cbe) Importer(815301076,1909f56bfc062723c751e8b465ee728b)  -> (artifact id: 'c5415437a1d5e3b8130010a082fad883') in 0.018870 seconds 
========================================================================
Received Import Request.
  Time since last request: 0.000014 seconds.
  path: Packages/com.unity.probuilder/Content/Icons/Tools/EditShape_Over.png
  artifactKey: Guid(011521d35a742354eb7300f35a98cae2) Importer(815301076,1909f56bfc062723c751e8b465ee728b)
Start importing Packages/com.unity.probuilder/Content/Icons/Tools/EditShape_Over.png using Guid(011521d35a742354eb7300f35a98cae2) Importer(815301076,1909f56bfc062723c751e8b465ee728b)  -> (artifact id: 'fcf64d1276d274c974dcb4abf2340cae') in 0.007875 seconds 
========================================================================
Received Import Request.
  Time since last request: 0.000016 seconds.
  path: Packages/com.unity.probuilder/Content/Icons/Tools/EditShape@2x_Light.png
  artifactKey: Guid(f9e53e1abda9c694cb99330284e02017) Importer(815301076,1909f56bfc062723c751e8b465ee728b)
Start importing Packages/com.unity.probuilder/Content/Icons/Tools/EditShape@2x_Light.png using Guid(f9e53e1abda9c694cb99330284e02017) Importer(815301076,1909f56bfc062723c751e8b465ee728b)  -> (artifact id: '89fe2f26ac7957570e74ab50573683a0') in 0.007834 seconds 
========================================================================
Received Import Request.
  Time since last request: 9.071805 seconds.
  path: Packages/com.unity.probuilder/Content/Resources/Materials/EdgePicker.mat
  artifactKey: Guid(4ff996e3a0a5743a3987ab6231160665) Importer(815301076,1909f56bfc062723c751e8b465ee728b)
Start importing Packages/com.unity.probuilder/Content/Resources/Materials/EdgePicker.mat using Guid(4ff996e3a0a5743a3987ab6231160665) Importer(815301076,1909f56bfc062723c751e8b465ee728b) Shader error in 'Hidden/ProBuilder/EdgePicker': Couldn't open include file 'ProBuilderCG.cginc'. at line 29

Compiling Vertex program
Platform defines: SHADER_API_DESKTOP UNITY_COLORSPACE_GAMMA UNITY_ENABLE_DETAIL_NORMALMAP UNITY_ENABLE_REFLECTION_BUFFERS UNITY_LIGHTMAP_FULL_HDR UNITY_LIGHT_PROBE_PROXY_VOLUME UNITY_PBS_USE_BRDF1 UNITY_SPECCUBE_BLENDING UNITY_SPECCUBE_BOX_PROJECTION UNITY_USE_DITHER_MASK_FOR_ALPHABLENDED_SHADOWS
Disabled keywords: SHADER_API_GLES30 UNITY_ASTC_NORMALMAP_ENCODING UNITY_ENABLE_NATIVE_SHADOW_LOOKUPS UNITY_FRAMEBUFFER_FETCH_AVAILABLE UNITY_HALF_PRECISION_FRAGMENT_SHADER_REGISTERS UNITY_HARDWARE_TIER1 UNITY_HARDWARE_TIER2 UNITY_HARDWARE_TIER3 UNITY_LIGHTMAP_DLDR_ENCODING UNITY_LIGHTMAP_RGBM_ENCODING UNITY_METAL_SHADOWS_USE_POINT_FILTERING UNITY_NO_DXT5nm UNITY_NO_FULL_STANDARD_SHADER UNITY_NO_SCREENSPACE_SHADOWS UNITY_PBS_USE_BRDF2 UNITY_PBS_USE_BRDF3 UNITY_PRETRANSFORM_TO_DISPLAY_ORIENTATION UNITY_UNIFIED_SHADER_PRECISION_MODEL UNITY_VIRTUAL_TEXTURING
Shader error in 'Hidden/ProBuilder/EdgePicker': Couldn't open include file 'ProBuilderCG.cginc'. at line 29

Compiling Vertex program
Platform defines: SHADER_API_DESKTOP UNITY_COLORSPACE_GAMMA UNITY_ENABLE_DETAIL_NORMALMAP UNITY_ENABLE_REFLECTION_BUFFERS UNITY_LIGHTMAP_FULL_HDR UNITY_LIGHT_PROBE_PROXY_VOLUME UNITY_PBS_USE_BRDF1 UNITY_SPECCUBE_BLENDING UNITY_SPECCUBE_BOX_PROJECTION UNITY_USE_DITHER_MASK_FOR_ALPHABLENDED_SHADOWS
Disabled keywords: SHADER_API_GLES30 UNITY_ASTC_NORMALMAP_ENCODING UNITY_ENABLE_NATIVE_SHADOW_LOOKUPS UNITY_FRAMEBUFFER_FETCH_AVAILABLE UNITY_HALF_PRECISION_FRAGMENT_SHADER_REGISTERS UNITY_HARDWARE_TIER1 UNITY_HARDWARE_TIER2 UNITY_HARDWARE_TIER3 UNITY_LIGHTMAP_DLDR_ENCODING UNITY_LIGHTMAP_RGBM_ENCODING UNITY_METAL_SHADOWS_USE_POINT_FILTERING UNITY_NO_DXT5nm UNITY_NO_FULL_STANDARD_SHADER UNITY_NO_SCREENSPACE_SHADOWS UNITY_PBS_USE_BRDF2 UNITY_PBS_USE_BRDF3 UNITY_PRETRANSFORM_TO_DISPLAY_ORIENTATION UNITY_UNIFIED_SHADER_PRECISION_MODEL UNITY_VIRTUAL_TEXTURING
 -> (artifact id: 'e442b2abd839fcffde8d5e46188b8ed6') in 0.026590 seconds 
========================================================================
Received Import Request.
  Time since last request: 0.000020 seconds.
  path: Packages/com.unity.probuilder/Content/Resources/Materials/FacePickerHDRP.mat
  artifactKey: Guid(a53ef0dd76f2fe74eb5f43267d7c0195) Importer(815301076,1909f56bfc062723c751e8b465ee728b)
Start importing Packages/com.unity.probuilder/Content/Resources/Materials/FacePickerHDRP.mat using Guid(a53ef0dd76f2fe74eb5f43267d7c0195) Importer(815301076,1909f56bfc062723c751e8b465ee728b)  -> (artifact id: '38bb5a4db4a260e66da572510dbb87cd') in 0.010880 seconds 
========================================================================
Received Import Request.
  Time since last request: 0.000020 seconds.
  path: Packages/com.unity.probuilder/Content/Resources/Materials/VertexPickerHDRP.mat
  artifactKey: Guid(7d5c9fc287a2aa945a98203d41282923) Importer(815301076,1909f56bfc062723c751e8b465ee728b)
Start importing Packages/com.unity.probuilder/Content/Resources/Materials/VertexPickerHDRP.mat using Guid(7d5c9fc287a2aa945a98203d41282923) Importer(815301076,1909f56bfc062723c751e8b465ee728b)  -> (artifact id: '27ec1c91e7a8d2e671ef6de410ba1f05') in 0.008611 seconds 
========================================================================
Received Import Request.
  Time since last request: 0.000013 seconds.
  path: Packages/com.unity.probuilder/Content/Resources/Materials/StandardVertexColorHDRP.mat
  artifactKey: Guid(c35693c079f3840f7938a4a323096e84) Importer(815301076,1909f56bfc062723c751e8b465ee728b)
Start importing Packages/com.unity.probuilder/Content/Resources/Materials/StandardVertexColorHDRP.mat using Guid(c35693c079f3840f7938a4a323096e84) Importer(815301076,1909f56bfc062723c751e8b465ee728b)  -> (artifact id: 'ed890015cfd2c006e3496e5845fbefb2') in 0.010067 seconds 
========================================================================
Received Import Request.
  Time since last request: 0.000017 seconds.
  path: Packages/com.unity.probuilder/Content/Resources/Materials/Trigger.mat
  artifactKey: Guid(a1e97cbf2538241b691aae8243b5fb10) Importer(815301076,1909f56bfc062723c751e8b465ee728b)
Start importing Packages/com.unity.probuilder/Content/Resources/Materials/Trigger.mat using Guid(a1e97cbf2538241b691aae8243b5fb10) Importer(815301076,1909f56bfc062723c751e8b465ee728b)  -> (artifact id: '1a5f3823936ee2c9642a6864b7b90927') in 0.025361 seconds 
========================================================================
Received Import Request.
  Time since last request: 0.000015 seconds.
  path: Packages/com.unity.probuilder/Content/Resources/Materials/EdgePickerHDRP.mat
  artifactKey: Guid(980c24c5a501a9a429356d191ad356a9) Importer(815301076,1909f56bfc062723c751e8b465ee728b)
Start importing Packages/com.unity.probuilder/Content/Resources/Materials/EdgePickerHDRP.mat using Guid(980c24c5a501a9a429356d191ad356a9) Importer(815301076,1909f56bfc062723c751e8b465ee728b)  -> (artifact id: '1a5210a4aa1ab6f2858bda60936cdccb') in 0.008378 seconds 
========================================================================
Received Import Request.
  Time since last request: 0.000018 seconds.
  path: Packages/com.unity.probuilder/Content/Resources/Materials/NoDraw.mat
  artifactKey: Guid(8cb4d6fee77fd4ee6895f08b240d625f) Importer(815301076,1909f56bfc062723c751e8b465ee728b)
Start importing Packages/com.unity.probuilder/Content/Resources/Materials/NoDraw.mat using Guid(8cb4d6fee77fd4ee6895f08b240d625f) Importer(815301076,1909f56bfc062723c751e8b465ee728b)  -> (artifact id: '3286bbf99d5cc96cda64c520dc610474') in 0.023403 seconds 
========================================================================
Received Import Request.
  Time since last request: 0.000016 seconds.
  path: Packages/com.unity.probuilder/Content/Resources/Materials/FacePicker.mat
  artifactKey: Guid(5695904020f064fdab5ad265b274a616) Importer(815301076,1909f56bfc062723c751e8b465ee728b)
Start importing Packages/com.unity.probuilder/Content/Resources/Materials/FacePicker.mat using Guid(5695904020f064fdab5ad265b274a616) Importer(815301076,1909f56bfc062723c751e8b465ee728b)  -> (artifact id: '478333fe237e3490fd75c6a688fabba7') in 0.021589 seconds 
========================================================================
Received Import Request.
  Time since last request: 0.000017 seconds.
  path: Packages/com.unity.probuilder/Content/Resources/Materials/VertexPicker.mat
  artifactKey: Guid(30a8575e1d4cc4e01a88ffbf4f973d80) Importer(815301076,1909f56bfc062723c751e8b465ee728b)
Start importing Packages/com.unity.probuilder/Content/Resources/Materials/VertexPicker.mat using Guid(30a8575e1d4cc4e01a88ffbf4f973d80) Importer(815301076,1909f56bfc062723c751e8b465ee728b) Shader error in 'Hidden/ProBuilder/VertexPicker': Couldn't open include file 'ProBuilderCG.cginc'. at line 31

Compiling Vertex program
Platform defines: SHADER_API_DESKTOP UNITY_COLORSPACE_GAMMA UNITY_ENABLE_DETAIL_NORMALMAP UNITY_ENABLE_REFLECTION_BUFFERS UNITY_LIGHTMAP_FULL_HDR UNITY_LIGHT_PROBE_PROXY_VOLUME UNITY_PBS_USE_BRDF1 UNITY_SPECCUBE_BLENDING UNITY_SPECCUBE_BOX_PROJECTION UNITY_USE_DITHER_MASK_FOR_ALPHABLENDED_SHADOWS
Disabled keywords: SHADER_API_GLES30 UNITY_ASTC_NORMALMAP_ENCODING UNITY_ENABLE_NATIVE_SHADOW_LOOKUPS UNITY_FRAMEBUFFER_FETCH_AVAILABLE UNITY_HALF_PRECISION_FRAGMENT_SHADER_REGISTERS UNITY_HARDWARE_TIER1 UNITY_HARDWARE_TIER2 UNITY_HARDWARE_TIER3 UNITY_LIGHTMAP_DLDR_ENCODING UNITY_LIGHTMAP_RGBM_ENCODING UNITY_METAL_SHADOWS_USE_POINT_FILTERING UNITY_NO_DXT5nm UNITY_NO_FULL_STANDARD_SHADER UNITY_NO_SCREENSPACE_SHADOWS UNITY_PBS_USE_BRDF2 UNITY_PBS_USE_BRDF3 UNITY_PRETRANSFORM_TO_DISPLAY_ORIENTATION UNITY_UNIFIED_SHADER_PRECISION_MODEL UNITY_VIRTUAL_TEXTURING
Shader error in 'Hidden/ProBuilder/VertexPicker': Couldn't open include file 'ProBuilderCG.cginc'. at line 31

Compiling Vertex program
Platform defines: SHADER_API_DESKTOP UNITY_COLORSPACE_GAMMA UNITY_ENABLE_DETAIL_NORMALMAP UNITY_ENABLE_REFLECTION_BUFFERS UNITY_LIGHTMAP_FULL_HDR UNITY_LIGHT_PROBE_PROXY_VOLUME UNITY_PBS_USE_BRDF1 UNITY_SPECCUBE_BLENDING UNITY_SPECCUBE_BOX_PROJECTION UNITY_USE_DITHER_MASK_FOR_ALPHABLENDED_SHADOWS
Disabled keywords: SHADER_API_GLES30 UNITY_ASTC_NORMALMAP_ENCODING UNITY_ENABLE_NATIVE_SHADOW_LOOKUPS UNITY_FRAMEBUFFER_FETCH_AVAILABLE UNITY_HALF_PRECISION_FRAGMENT_SHADER_REGISTERS UNITY_HARDWARE_TIER1 UNITY_HARDWARE_TIER2 UNITY_HARDWARE_TIER3 UNITY_LIGHTMAP_DLDR_ENCODING UNITY_LIGHTMAP_RGBM_ENCODING UNITY_METAL_SHADOWS_USE_POINT_FILTERING UNITY_NO_DXT5nm UNITY_NO_FULL_STANDARD_SHADER UNITY_NO_SCREENSPACE_SHADOWS UNITY_PBS_USE_BRDF2 UNITY_PBS_USE_BRDF3 UNITY_PRETRANSFORM_TO_DISPLAY_ORIENTATION UNITY_UNIFIED_SHADER_PRECISION_MODEL UNITY_VIRTUAL_TEXTURING
 -> (artifact id: 'b3b82a4cee833f29b3a7e76ebdae41d0') in 0.010780 seconds 
========================================================================
Received Import Request.
  Time since last request: 0.000014 seconds.
  path: Packages/com.unity.probuilder/Content/Resources/Materials/StandardVertexColorLWRP.mat
  artifactKey: Guid(077a003b1de1e4c35923be7a21b5d948) Importer(815301076,1909f56bfc062723c751e8b465ee728b)
Start importing Packages/com.unity.probuilder/Content/Resources/Materials/StandardVertexColorLWRP.mat using Guid(077a003b1de1e4c35923be7a21b5d948) Importer(815301076,1909f56bfc062723c751e8b465ee728b)  -> (artifact id: '928d7660fb7611a8586a639e28d64031') in 0.009970 seconds 
