Using pre-set license
Built from '2021.2/staging' branch; Version is '2021.2.8f1 (d0e5f0a7b06a) revision 13690352'; Using compiler version '192829333'; Build Type 'Release'
OS: 'Windows 10  (10.0.19044) 64bit Core' Language: 'de' Physical Memory: 32711 MB
BatchMode: 1, IsHumanControllingUs: 0, StartBugReporterOnCrash: 0, Is64bit: 1, IsPro: 0

COMMAND LINE ARGUMENTS:
D:\Informatik\Unity\Editor\2021.2.8f1\Editor\Unity.exe
-adb2
-batchMode
-noUpm
-name
AssetImportWorker0
-projectPath
D:/Informatik/Unity Projekte/SpielStop/SpielstoppBuild
-logFile
Logs/AssetImportWorker0.log
-srvPort
54073
Successfully changed project path to: D:/Informatik/Unity Projekte/SpielStop/SpielstoppBuild
D:/Informatik/Unity Projekte/SpielStop/SpielstoppBuild
[UnityMemory] Configuration Parameters - Can be set up in boot.config
    "memorysetup-bucket-allocator-granularity=16"
    "memorysetup-bucket-allocator-bucket-count=8"
    "memorysetup-bucket-allocator-block-size=33554432"
    "memorysetup-bucket-allocator-block-count=8"
    "memorysetup-main-allocator-block-size=16777216"
    "memorysetup-thread-allocator-block-size=16777216"
    "memorysetup-gfx-main-allocator-block-size=16777216"
    "memorysetup-gfx-thread-allocator-block-size=16777216"
    "memorysetup-cache-allocator-block-size=4194304"
    "memorysetup-typetree-allocator-block-size=2097152"
    "memorysetup-profiler-bucket-allocator-granularity=16"
    "memorysetup-profiler-bucket-allocator-bucket-count=8"
    "memorysetup-profiler-bucket-allocator-block-size=33554432"
    "memorysetup-profiler-bucket-allocator-block-count=8"
    "memorysetup-profiler-allocator-block-size=16777216"
    "memorysetup-profiler-editor-allocator-block-size=1048576"
    "memorysetup-temp-allocator-size-main=16777216"
    "memorysetup-job-temp-allocator-block-size=2097152"
    "memorysetup-job-temp-allocator-block-size-background=1048576"
    "memorysetup-job-temp-allocator-reduction-small-platforms=262144"
    "memorysetup-temp-allocator-size-background-worker=32768"
    "memorysetup-temp-allocator-size-job-worker=262144"
    "memorysetup-temp-allocator-size-preload-manager=33554432"
    "memorysetup-temp-allocator-size-nav-mesh-worker=65536"
    "memorysetup-temp-allocator-size-audio-worker=65536"
    "memorysetup-temp-allocator-size-cloud-worker=32768"
    "memorysetup-temp-allocator-size-gi-baking-worker=262144"
    "memorysetup-temp-allocator-size-gfx=262144"
Refreshing native plugins compatible for Editor in 78.08 ms, found 3 plugins.
Preloading 0 native plugins for Editor in 0.00 ms.
Initialize engine version: 2021.2.8f1 (d0e5f0a7b06a)
[Subsystems] Discovering subsystems at path D:/Informatik/Unity/Editor/2021.2.8f1/Editor/Data/Resources/UnitySubsystems
[Subsystems] Discovering subsystems at path D:/Informatik/Unity Projekte/SpielStop/SpielstoppBuild/Assets
GfxDevice: creating device client; threaded=0; jobified=0
Direct3D:
    Version:  Direct3D 11.0 [level 11.1]
    Renderer: NVIDIA GeForce GTX 1060 6GB (ID=0x1c03)
    Vendor:   NVIDIA
    VRAM:     6052 MB
    Driver:   31.0.15.1640
Initialize mono
Mono path[0] = 'D:/Informatik/Unity/Editor/2021.2.8f1/Editor/Data/Managed'
Mono path[1] = 'D:/Informatik/Unity/Editor/2021.2.8f1/Editor/Data/MonoBleedingEdge/lib/mono/unityjit-win32'
Mono config path = 'D:/Informatik/Unity/Editor/2021.2.8f1/Editor/Data/MonoBleedingEdge/etc'
Using monoOptions --debugger-agent=transport=dt_socket,embedding=1,server=y,suspend=n,address=127.0.0.1:56444
Begin MonoManager ReloadAssembly
Registering precompiled unity dll's ...
Register platform support module: D:/Informatik/Unity/Editor/2021.2.8f1/Editor/Data/PlaybackEngines/WindowsStandaloneSupport/UnityEditor.WindowsStandalone.Extensions.dll
Registered in 0.002669 seconds.
Native extension for WindowsStandalone target not found
Refreshing native plugins compatible for Editor in 77.63 ms, found 3 plugins.
Preloading 0 native plugins for Editor in 0.00 ms.
Mono: successfully reloaded assembly
- Completed reload, in  0.479 seconds
Domain Reload Profiling:
	ReloadAssembly (479ms)
		BeginReloadAssembly (52ms)
			ExecutionOrderSort (0ms)
			DisableScriptedObjects (0ms)
			BackupInstance (0ms)
			ReleaseScriptingObjects (0ms)
			CreateAndSetChildDomain (1ms)
		EndReloadAssembly (372ms)
			LoadAssemblies (51ms)
			RebuildTransferFunctionScriptingTraits (0ms)
			SetupTypeCache (72ms)
			ReleaseScriptCaches (0ms)
			RebuildScriptCaches (21ms)
			SetupLoadedEditorAssemblies (241ms)
				LogAssemblyErrors (0ms)
				InitializePlatformSupportModulesInManaged (13ms)
				SetLoadedEditorAssemblies (0ms)
				RefreshPlugins (78ms)
				BeforeProcessingInitializeOnLoad (1ms)
				ProcessInitializeOnLoadAttributes (113ms)
				ProcessInitializeOnLoadMethodAttributes (36ms)
				AfterProcessingInitializeOnLoad (0ms)
				EditorAssembliesLoaded (0ms)
			ExecutionOrderSort2 (0ms)
			AwakeInstancesAfterBackupRestoration (0ms)
Platform modules already initialized, skipping
Registering precompiled user dll's ...
Registered in 0.003469 seconds.
Begin MonoManager ReloadAssembly
Symbol file LoadedFromMemory doesn't match image D:\Informatik\Unity Projekte\SpielStop\SpielstoppBuild\Library\PackageCache\com.unity.visualscripting@1.7.8\Editor\VisualScripting.Core\Dependencies\YamlDotNet\Unity.VisualScripting.YamlDotNet.dll
Symbol file LoadedFromMemory doesn't match image D:\Informatik\Unity Projekte\SpielStop\SpielstoppBuild\Library\PackageCache\com.unity.visualscripting@1.7.8\Editor\VisualScripting.Core\Dependencies\DotNetZip\Unity.VisualScripting.IonicZip.dll
Native extension for WindowsStandalone target not found
Refreshing native plugins compatible for Editor in 0.92 ms, found 3 plugins.
Preloading 0 native plugins for Editor in 0.00 ms.
Package Manager log level set to [2]
Mono: successfully reloaded assembly
- Completed reload, in  0.741 seconds
Domain Reload Profiling:
	ReloadAssembly (742ms)
		BeginReloadAssembly (84ms)
			ExecutionOrderSort (0ms)
			DisableScriptedObjects (6ms)
			BackupInstance (0ms)
			ReleaseScriptingObjects (0ms)
			CreateAndSetChildDomain (18ms)
		EndReloadAssembly (588ms)
			LoadAssemblies (56ms)
			RebuildTransferFunctionScriptingTraits (0ms)
			SetupTypeCache (182ms)
			ReleaseScriptCaches (0ms)
			RebuildScriptCaches (42ms)
			SetupLoadedEditorAssemblies (282ms)
				LogAssemblyErrors (0ms)
				InitializePlatformSupportModulesInManaged (9ms)
				SetLoadedEditorAssemblies (0ms)
				RefreshPlugins (1ms)
				BeforeProcessingInitializeOnLoad (64ms)
				ProcessInitializeOnLoadAttributes (185ms)
				ProcessInitializeOnLoadMethodAttributes (19ms)
				AfterProcessingInitializeOnLoad (2ms)
				EditorAssembliesLoaded (0ms)
			ExecutionOrderSort2 (0ms)
			AwakeInstancesAfterBackupRestoration (4ms)
Platform modules already initialized, skipping
========================================================================
Worker process is ready to serve import requests
Launched and connected shader compiler UnityShaderCompiler.exe after 0.05 seconds
Refreshing native plugins compatible for Editor in 1.64 ms, found 3 plugins.
Preloading 0 native plugins for Editor in 0.00 ms.
Unloading 3470 Unused Serialized files (Serialized files now loaded: 0)
Unloading 39 unused Assets / (1.3 MB). Loaded Objects now: 4046.
Memory consumption went from 149.4 MB to 148.0 MB.
Total: 18.780500 ms (FindLiveObjects: 3.328800 ms CreateObjectMapping: 0.421100 ms MarkObjects: 14.261200 ms  DeleteObjects: 0.767400 ms)

AssetImportParameters requested are different than current active one (requested -> active):
  custom:video-decoder-ogg-theora: a1e56fd34408186e4bbccfd4996cb3dc -> 
  custom:container-muxer-webm: aa71ff27fc2769a1b78a27578f13a17b -> 
  custom:container-demuxer-webm: 4f35f7cbe854078d1ac9338744f61a02 -> 
  custom:video-encoder-webm-vp8: eb34c28f22e8b96e1ab97ce403110664 -> 
  custom:audio-encoder-webm-vorbis: bf7c407c2cedff20999df2af8eb42d56 -> 
  custom:framework-win-MediaFoundation: 216162199b28c13a410421893ffa2e32 -> 
  custom:container-demuxer-ogg: 62fdf1f143b41e24485cea50d1cbac27 -> 
  custom:video-decoder-webm-vp8: 9c59270c3fd7afecdb556c50c9e8de78 -> 
  custom:audio-decoder-ogg-vorbis: bf7c407c2cedff20999df2af8eb42d56 -> 
========================================================================
Received Import Request.
  Time since last request: 51795.080962 seconds.
  path: Assets/Resources
  artifactKey: Guid(8236755fb0f1d404cb699d73f1d76c65) Importer(815301076,1909f56bfc062723c751e8b465ee728b)
Start importing Assets/Resources using Guid(8236755fb0f1d404cb699d73f1d76c65) Importer(815301076,1909f56bfc062723c751e8b465ee728b)  -> (artifact id: '94f108f7aa0fdc1a2e24cdf3c3c4bde7') in 0.008864 seconds 
========================================================================
Received Import Request.
  Time since last request: 124.638802 seconds.
  path: Assets/Blockout/Prefabs/Abstract/Abstact_Floating_2x2x2.prefab
  artifactKey: Guid(12e98960de9cd774783cbc1fff92d452) Importer(815301076,1909f56bfc062723c751e8b465ee728b)
Start importing Assets/Blockout/Prefabs/Abstract/Abstact_Floating_2x2x2.prefab using Guid(12e98960de9cd774783cbc1fff92d452) Importer(815301076,1909f56bfc062723c751e8b465ee728b)  -> (artifact id: 'a9c7acab860ea8f07df1dc2f01d8a582') in 0.092333 seconds 
========================================================================
Received Import Request.
  Time since last request: 0.000016 seconds.
  path: Assets/Blockout/Prefabs/Blocks Basic/Block_1x5x4.prefab
  artifactKey: Guid(6d391c6d7aa9fc5478a201c6c76ce8c5) Importer(815301076,1909f56bfc062723c751e8b465ee728b)
Start importing Assets/Blockout/Prefabs/Blocks Basic/Block_1x5x4.prefab using Guid(6d391c6d7aa9fc5478a201c6c76ce8c5) Importer(815301076,1909f56bfc062723c751e8b465ee728b)  -> (artifact id: '9143045bde57f85fea08dfd52095db8f') in 0.165347 seconds 
========================================================================
Received Import Request.
  Time since last request: 0.000026 seconds.
  path: Assets/Blockout/Prefabs/Blocks Basic/Blocks_Bent/Block_Bend_Alt1_05x3x05.prefab
  artifactKey: Guid(a985d69c91b5cea4688cdafdddaa249b) Importer(815301076,1909f56bfc062723c751e8b465ee728b)
Start importing Assets/Blockout/Prefabs/Blocks Basic/Blocks_Bent/Block_Bend_Alt1_05x3x05.prefab using Guid(a985d69c91b5cea4688cdafdddaa249b) Importer(815301076,1909f56bfc062723c751e8b465ee728b)  -> (artifact id: 'b0ac203f45423a1f6085b291b43dc788') in 0.010458 seconds 
========================================================================
Received Import Request.
  Time since last request: 0.000029 seconds.
  path: Assets/Blockout/Prefabs/Blocks Basic/Block_Corner_T1_1x025x1.prefab
  artifactKey: Guid(52f27cbc20955ed4cb5da8227fe58089) Importer(815301076,1909f56bfc062723c751e8b465ee728b)
Start importing Assets/Blockout/Prefabs/Blocks Basic/Block_Corner_T1_1x025x1.prefab using Guid(52f27cbc20955ed4cb5da8227fe58089) Importer(815301076,1909f56bfc062723c751e8b465ee728b)  -> (artifact id: '14436c8731f3104640aad74ac9e3632c') in 0.010346 seconds 
========================================================================
Received Import Request.
  Time since last request: 0.000015 seconds.
  path: Assets/Blockout/Prefabs/Blocks Basic/Blocks_Bent/Block_Bend_Alt2_1x2x1.prefab
  artifactKey: Guid(cb9fd86fe76a4454aa266fa3e209473a) Importer(815301076,1909f56bfc062723c751e8b465ee728b)
Start importing Assets/Blockout/Prefabs/Blocks Basic/Blocks_Bent/Block_Bend_Alt2_1x2x1.prefab using Guid(cb9fd86fe76a4454aa266fa3e209473a) Importer(815301076,1909f56bfc062723c751e8b465ee728b)  -> (artifact id: '31cef19ff5ef38402b625d5193d57271') in 0.011108 seconds 
========================================================================
Received Import Request.
  Time since last request: 0.000014 seconds.
  path: Assets/Blockout/Prefabs/Blocks Basic/Block_05x3x1.prefab
  artifactKey: Guid(8ac47160aba1eb14b968b7ab547eab89) Importer(815301076,1909f56bfc062723c751e8b465ee728b)
Start importing Assets/Blockout/Prefabs/Blocks Basic/Block_05x3x1.prefab using Guid(8ac47160aba1eb14b968b7ab547eab89) Importer(815301076,1909f56bfc062723c751e8b465ee728b)  -> (artifact id: '940d7d0e4da72991b19aa022de650f04') in 0.011526 seconds 
========================================================================
Received Import Request.
  Time since last request: 0.000016 seconds.
  path: Assets/Blockout/Prefabs/Blocks Basic/Blocks Walls bent/Block_Bend_05x1x4.prefab
  artifactKey: Guid(c46eb19cc9242e746a5e47e2de3cf935) Importer(815301076,1909f56bfc062723c751e8b465ee728b)
Start importing Assets/Blockout/Prefabs/Blocks Basic/Blocks Walls bent/Block_Bend_05x1x4.prefab using Guid(c46eb19cc9242e746a5e47e2de3cf935) Importer(815301076,1909f56bfc062723c751e8b465ee728b)  -> (artifact id: '1cca1f4cd9d0306fe59999382d6321f0') in 0.014892 seconds 
========================================================================
Received Import Request.
  Time since last request: 0.000013 seconds.
  path: Assets/Blockout/Prefabs/Blocks Basic/Blocks_Bent/Block_Bend_Alt1_05x2x05.prefab
  artifactKey: Guid(656c41730d0ca60449828a28160d716c) Importer(815301076,1909f56bfc062723c751e8b465ee728b)
Start importing Assets/Blockout/Prefabs/Blocks Basic/Blocks_Bent/Block_Bend_Alt1_05x2x05.prefab using Guid(656c41730d0ca60449828a28160d716c) Importer(815301076,1909f56bfc062723c751e8b465ee728b)  -> (artifact id: 'fa6553ebaf0d2c54c29816abab246b49') in 0.012044 seconds 
========================================================================
Received Import Request.
  Time since last request: 0.000015 seconds.
  path: Assets/Blockout/Prefabs/Blocks Basic/Block_1x4x2.prefab
  artifactKey: Guid(03e346b2ac44b784cba1bcd9d09140ca) Importer(815301076,1909f56bfc062723c751e8b465ee728b)
Start importing Assets/Blockout/Prefabs/Blocks Basic/Block_1x4x2.prefab using Guid(03e346b2ac44b784cba1bcd9d09140ca) Importer(815301076,1909f56bfc062723c751e8b465ee728b)  -> (artifact id: '52b4af83000bce5c3482c1b735f118c4') in 0.013712 seconds 
========================================================================
Received Import Request.
  Time since last request: 0.000020 seconds.
  path: Assets/Blockout/Prefabs/Blocks Basic/Block_1x5x2.prefab
  artifactKey: Guid(b7ea920578ce0e84590d7ec2fe9dce94) Importer(815301076,1909f56bfc062723c751e8b465ee728b)
Start importing Assets/Blockout/Prefabs/Blocks Basic/Block_1x5x2.prefab using Guid(b7ea920578ce0e84590d7ec2fe9dce94) Importer(815301076,1909f56bfc062723c751e8b465ee728b)  -> (artifact id: '3a9b1ea7b8dbad291b3a963bf1274a96') in 0.009957 seconds 
========================================================================
Received Import Request.
  Time since last request: 0.000020 seconds.
  path: Assets/Blockout/Prefabs/Blocks Basic/Block_1x4x1.prefab
  artifactKey: Guid(90ff05ffd01250b46b8c9176faf61247) Importer(815301076,1909f56bfc062723c751e8b465ee728b)
Start importing Assets/Blockout/Prefabs/Blocks Basic/Block_1x4x1.prefab using Guid(90ff05ffd01250b46b8c9176faf61247) Importer(815301076,1909f56bfc062723c751e8b465ee728b)  -> (artifact id: 'd9f893e8539bf859e65a57757f1b8a20') in 0.009970 seconds 
========================================================================
Received Import Request.
  Time since last request: 0.000014 seconds.
  path: Assets/Blockout/Prefabs/Blocks Basic/Blocks Caps/Block_Cap_Ramp_T1_1x05x1.prefab
  artifactKey: Guid(62cb5013bff451545bca80d76f2cef6e) Importer(815301076,1909f56bfc062723c751e8b465ee728b)
Start importing Assets/Blockout/Prefabs/Blocks Basic/Blocks Caps/Block_Cap_Ramp_T1_1x05x1.prefab using Guid(62cb5013bff451545bca80d76f2cef6e) Importer(815301076,1909f56bfc062723c751e8b465ee728b)  -> (artifact id: '402a1886a899b51c5f993a67cc1c023c') in 0.010960 seconds 
========================================================================
Received Import Request.
  Time since last request: 0.000015 seconds.
  path: Assets/Blockout/Prefabs/Blocks Basic/Blocks Caps/Block_Corner_Cap_T2_1x05x1.prefab
  artifactKey: Guid(329c8e267617f064d8f96658c598ff49) Importer(815301076,1909f56bfc062723c751e8b465ee728b)
Start importing Assets/Blockout/Prefabs/Blocks Basic/Blocks Caps/Block_Corner_Cap_T2_1x05x1.prefab using Guid(329c8e267617f064d8f96658c598ff49) Importer(815301076,1909f56bfc062723c751e8b465ee728b)  -> (artifact id: '56d59ca4b0e81a23d034e7917b6a00cd') in 0.010005 seconds 
========================================================================
Received Import Request.
  Time since last request: 0.000013 seconds.
  path: Assets/Blockout/Prefabs/Blocks Basic/Blocks Caps/Block_Corner_Cap_T2_1x1x1.prefab
  artifactKey: Guid(d893b972faeba7647b27b0ac6e3babf7) Importer(815301076,1909f56bfc062723c751e8b465ee728b)
Start importing Assets/Blockout/Prefabs/Blocks Basic/Blocks Caps/Block_Corner_Cap_T2_1x1x1.prefab using Guid(d893b972faeba7647b27b0ac6e3babf7) Importer(815301076,1909f56bfc062723c751e8b465ee728b)  -> (artifact id: 'a685c95f34e5a47ef5c0d0c0ffac3ab2') in 0.010167 seconds 
========================================================================
Received Import Request.
  Time since last request: 0.000014 seconds.
  path: Assets/Blockout/Prefabs/Blocks Basic/Blocks Caps/Block_Corner_T1_1x1x003.prefab
  artifactKey: Guid(58ac1c81cc9322847acc6bad1e211604) Importer(815301076,1909f56bfc062723c751e8b465ee728b)
Start importing Assets/Blockout/Prefabs/Blocks Basic/Blocks Caps/Block_Corner_T1_1x1x003.prefab using Guid(58ac1c81cc9322847acc6bad1e211604) Importer(815301076,1909f56bfc062723c751e8b465ee728b)  -> (artifact id: '2e07cf798ab2f52c1d5ca23f5a2a8941') in 0.010914 seconds 
========================================================================
Received Import Request.
  Time since last request: 0.000015 seconds.
  path: Assets/Brick Project Studio/Apartment Kit/Prefabs/Furniture/Wine Cabinet/BarCabinet_Apt_02_CenterBase.prefab
  artifactKey: Guid(4c9bf42b955bc1a4b83f6740aea218cb) Importer(815301076,1909f56bfc062723c751e8b465ee728b)
Start importing Assets/Brick Project Studio/Apartment Kit/Prefabs/Furniture/Wine Cabinet/BarCabinet_Apt_02_CenterBase.prefab using Guid(4c9bf42b955bc1a4b83f6740aea218cb) Importer(815301076,1909f56bfc062723c751e8b465ee728b)  -> (artifact id: 'a487b7a2605e51e37e7435cf2f7ffd03') in 0.067651 seconds 
========================================================================
Received Import Request.
  Time since last request: 0.000017 seconds.
  path: Assets/Blockout/Prefabs/Blocks Basic/Blocks Corners/Block_Corner_T1_05x3x05.prefab
  artifactKey: Guid(745867eb18d8e0941be16524d3741abb) Importer(815301076,1909f56bfc062723c751e8b465ee728b)
Start importing Assets/Blockout/Prefabs/Blocks Basic/Blocks Corners/Block_Corner_T1_05x3x05.prefab using Guid(745867eb18d8e0941be16524d3741abb) Importer(815301076,1909f56bfc062723c751e8b465ee728b)  -> (artifact id: '509edd2aefb35a43cf3ade220587594f') in 0.011699 seconds 
========================================================================
Received Import Request.
  Time since last request: 0.000019 seconds.
  path: Assets/Brick Project Studio/Apartment Kit/Prefabs/Furniture/Wine Cabinet/BarCabinet_Apt_01_Filled Variant.prefab
  artifactKey: Guid(16309159579d34a4c92f5e68f4824d8b) Importer(815301076,1909f56bfc062723c751e8b465ee728b)
Start importing Assets/Brick Project Studio/Apartment Kit/Prefabs/Furniture/Wine Cabinet/BarCabinet_Apt_01_Filled Variant.prefab using Guid(16309159579d34a4c92f5e68f4824d8b) Importer(815301076,1909f56bfc062723c751e8b465ee728b)  -> (artifact id: 'ffaf46f495c2208d3de79c198a6b5d50') in 0.459665 seconds 
========================================================================
Received Import Request.
  Time since last request: 0.000019 seconds.
  path: Assets/Blockout/Prefabs/Blocks Basic/Blocks Walls bent/Block_Bend_05x5x4.prefab
  artifactKey: Guid(e73bc05d8a94c154bb41b63ef3b2ddcb) Importer(815301076,1909f56bfc062723c751e8b465ee728b)
Start importing Assets/Blockout/Prefabs/Blocks Basic/Blocks Walls bent/Block_Bend_05x5x4.prefab using Guid(e73bc05d8a94c154bb41b63ef3b2ddcb) Importer(815301076,1909f56bfc062723c751e8b465ee728b)  -> (artifact id: '2d9e2d0a7adb6f72e56ac1f56ae9f6ce') in 0.009581 seconds 
========================================================================
Received Import Request.
  Time since last request: 0.000019 seconds.
  path: Assets/Blockout/Prefabs/Blocks Basic/Blocks_Bent/Block_Bend_1x2x1.prefab
  artifactKey: Guid(2891cc77c537ec54394de6e26f1ff7de) Importer(815301076,1909f56bfc062723c751e8b465ee728b)
Start importing Assets/Blockout/Prefabs/Blocks Basic/Blocks_Bent/Block_Bend_1x2x1.prefab using Guid(2891cc77c537ec54394de6e26f1ff7de) Importer(815301076,1909f56bfc062723c751e8b465ee728b)  -> (artifact id: 'dadd3dd897205c7680404f9924371b4c') in 0.010411 seconds 
========================================================================
Received Import Request.
  Time since last request: 0.000018 seconds.
  path: Assets/Blockout/Prefabs/Blocks Basic/Block_4x4x4.prefab
  artifactKey: Guid(5dcde572d1e89bb4f98f8fa1cb27867a) Importer(815301076,1909f56bfc062723c751e8b465ee728b)
Start importing Assets/Blockout/Prefabs/Blocks Basic/Block_4x4x4.prefab using Guid(5dcde572d1e89bb4f98f8fa1cb27867a) Importer(815301076,1909f56bfc062723c751e8b465ee728b)  -> (artifact id: '0efb409a8dcbbc91161ccf616c79d200') in 0.011389 seconds 
========================================================================
Received Import Request.
  Time since last request: 0.000018 seconds.
  path: Assets/Blockout/Prefabs/Blocks Basic/Blocks Walls bent/Block_Bend_05x1x2.prefab
  artifactKey: Guid(8526f0400d37f7045a470cfb91f0218a) Importer(815301076,1909f56bfc062723c751e8b465ee728b)
Start importing Assets/Blockout/Prefabs/Blocks Basic/Blocks Walls bent/Block_Bend_05x1x2.prefab using Guid(8526f0400d37f7045a470cfb91f0218a) Importer(815301076,1909f56bfc062723c751e8b465ee728b)  -> (artifact id: 'f3ff038bfded5c88d5c7af747a9da546') in 0.011242 seconds 
========================================================================
Received Import Request.
  Time since last request: 0.000014 seconds.
  path: Assets/Blockout/Prefabs/Blocks Basic/Blocks_Bent/Block_Bend_Alt1_05x4x05.prefab
  artifactKey: Guid(a388c45ccaca9e34fadd04d68ac405ac) Importer(815301076,1909f56bfc062723c751e8b465ee728b)
Start importing Assets/Blockout/Prefabs/Blocks Basic/Blocks_Bent/Block_Bend_Alt1_05x4x05.prefab using Guid(a388c45ccaca9e34fadd04d68ac405ac) Importer(815301076,1909f56bfc062723c751e8b465ee728b)  -> (artifact id: 'e9366ef789630f599f47a83976b31bd7') in 0.010089 seconds 
========================================================================
Received Import Request.
  Time since last request: 0.000013 seconds.
  path: Assets/Blockout/Prefabs/Blocks Basic/Blocks_Bent/Block_Bend_Alt1_1x3x3.prefab
  artifactKey: Guid(7dff85fe581582e4d88c71e53676de27) Importer(815301076,1909f56bfc062723c751e8b465ee728b)
Start importing Assets/Blockout/Prefabs/Blocks Basic/Blocks_Bent/Block_Bend_Alt1_1x3x3.prefab using Guid(7dff85fe581582e4d88c71e53676de27) Importer(815301076,1909f56bfc062723c751e8b465ee728b)  -> (artifact id: '2a770bc47fdb48b255848e5046b4d416') in 0.014674 seconds 
========================================================================
Received Import Request.
  Time since last request: 0.000014 seconds.
  path: Assets/Blockout/Prefabs/Blocks Basic/Block_1x3x2.prefab
  artifactKey: Guid(30dbe783caef09645bfd7ff2c284ee92) Importer(815301076,1909f56bfc062723c751e8b465ee728b)
Start importing Assets/Blockout/Prefabs/Blocks Basic/Block_1x3x2.prefab using Guid(30dbe783caef09645bfd7ff2c284ee92) Importer(815301076,1909f56bfc062723c751e8b465ee728b)  -> (artifact id: 'e1f84cac156273e660802f120badc681') in 0.011262 seconds 
========================================================================
Received Import Request.
  Time since last request: 0.000014 seconds.
  path: Assets/Blockout/Prefabs/Blocks Basic/Blocks Caps/Block_Corner_Cap_T4_1x05x1.prefab
  artifactKey: Guid(071efb394583cdb4f8c51b6db5db571b) Importer(815301076,1909f56bfc062723c751e8b465ee728b)
Start importing Assets/Blockout/Prefabs/Blocks Basic/Blocks Caps/Block_Corner_Cap_T4_1x05x1.prefab using Guid(071efb394583cdb4f8c51b6db5db571b) Importer(815301076,1909f56bfc062723c751e8b465ee728b)  -> (artifact id: 'd1f873e32037c5f5bd227d05ab649181') in 0.010446 seconds 
========================================================================
Received Import Request.
  Time since last request: 0.000014 seconds.
  path: Assets/Blockout/Prefabs/Blocks Basic/Block_3x3x3.prefab
  artifactKey: Guid(7577dc6bb69a1e34d97049ae9169a8fc) Importer(815301076,1909f56bfc062723c751e8b465ee728b)
Start importing Assets/Blockout/Prefabs/Blocks Basic/Block_3x3x3.prefab using Guid(7577dc6bb69a1e34d97049ae9169a8fc) Importer(815301076,1909f56bfc062723c751e8b465ee728b)  -> (artifact id: 'f3bde67c5d5edc1908e52816acbca51a') in 0.009959 seconds 
========================================================================
Received Import Request.
  Time since last request: 0.000021 seconds.
  path: Assets/Blockout/Prefabs/Blocks Basic/Blocks Walls bent/Block_Bend_05x2x2.prefab
  artifactKey: Guid(cc545e83ac006b345b5899646f792f1c) Importer(815301076,1909f56bfc062723c751e8b465ee728b)
Start importing Assets/Blockout/Prefabs/Blocks Basic/Blocks Walls bent/Block_Bend_05x2x2.prefab using Guid(cc545e83ac006b345b5899646f792f1c) Importer(815301076,1909f56bfc062723c751e8b465ee728b)  -> (artifact id: 'd82a0d58aca68362c175bed1949cfe97') in 0.009639 seconds 
========================================================================
Received Import Request.
  Time since last request: 0.000063 seconds.
  path: Assets/Blockout/Prefabs/Blocks Basic/Blocks Caps/Block_Cap_T1_1x05x1.prefab
  artifactKey: Guid(e64bf7ccdf686124daf04974333f3491) Importer(815301076,1909f56bfc062723c751e8b465ee728b)
Start importing Assets/Blockout/Prefabs/Blocks Basic/Blocks Caps/Block_Cap_T1_1x05x1.prefab using Guid(e64bf7ccdf686124daf04974333f3491) Importer(815301076,1909f56bfc062723c751e8b465ee728b)  -> (artifact id: '6f78c2e05b69f730c30abd1b7104b7d3') in 0.008833 seconds 
========================================================================
Received Import Request.
  Time since last request: 0.000017 seconds.
  path: Assets/Blockout/Prefabs/Blocks Basic/Blocks_Bent/Block_Bend_Alt1_05x4x1.prefab
  artifactKey: Guid(5c20b914dcfebd643b089a7077750b9a) Importer(815301076,1909f56bfc062723c751e8b465ee728b)
Start importing Assets/Blockout/Prefabs/Blocks Basic/Blocks_Bent/Block_Bend_Alt1_05x4x1.prefab using Guid(5c20b914dcfebd643b089a7077750b9a) Importer(815301076,1909f56bfc062723c751e8b465ee728b)  -> (artifact id: 'f0d75887702348292345399037dc0da6') in 0.013081 seconds 
========================================================================
Received Import Request.
  Time since last request: 0.000014 seconds.
  path: Assets/Blockout/Prefabs/Blocks Basic/Blocks Walls bent/Block_Bend_05x4x3.prefab
  artifactKey: Guid(5271562d432310141ac6d0e4fb0bc10b) Importer(815301076,1909f56bfc062723c751e8b465ee728b)
Start importing Assets/Blockout/Prefabs/Blocks Basic/Blocks Walls bent/Block_Bend_05x4x3.prefab using Guid(5271562d432310141ac6d0e4fb0bc10b) Importer(815301076,1909f56bfc062723c751e8b465ee728b)  -> (artifact id: 'b0a1292ba43833d7d634ba269deeb84d') in 0.011746 seconds 
========================================================================
Received Import Request.
  Time since last request: 0.000013 seconds.
  path: Assets/Blockout/Prefabs/Blocks Basic/Blocks Caps/Block_Corner_Cap_T4_1x1x1.prefab
  artifactKey: Guid(78886bb9409e524419bd8965957a4578) Importer(815301076,1909f56bfc062723c751e8b465ee728b)
Start importing Assets/Blockout/Prefabs/Blocks Basic/Blocks Caps/Block_Corner_Cap_T4_1x1x1.prefab using Guid(78886bb9409e524419bd8965957a4578) Importer(815301076,1909f56bfc062723c751e8b465ee728b)  -> (artifact id: 'b655a7dbd715f5c8fbd0afe188acb901') in 0.013460 seconds 
========================================================================
Received Import Request.
  Time since last request: 0.000015 seconds.
  path: Assets/Blockout/Prefabs/Blocks Basic/Blocks_Bent/Block_Bend_05x2x1.prefab
  artifactKey: Guid(0a0af1dc5aab0be44881d44e4e404a43) Importer(815301076,1909f56bfc062723c751e8b465ee728b)
Start importing Assets/Blockout/Prefabs/Blocks Basic/Blocks_Bent/Block_Bend_05x2x1.prefab using Guid(0a0af1dc5aab0be44881d44e4e404a43) Importer(815301076,1909f56bfc062723c751e8b465ee728b)  -> (artifact id: '051697d49fe0e5b1a6bce08218593261') in 0.011070 seconds 
========================================================================
Received Import Request.
  Time since last request: 0.000023 seconds.
  path: Assets/Blockout/Prefabs/Blocks Basic/Blocks Walls bent/Block_Bend_05x3x2.prefab
  artifactKey: Guid(f2b2acd5fb5d16346b4de5b24b497b64) Importer(815301076,1909f56bfc062723c751e8b465ee728b)
Start importing Assets/Blockout/Prefabs/Blocks Basic/Blocks Walls bent/Block_Bend_05x3x2.prefab using Guid(f2b2acd5fb5d16346b4de5b24b497b64) Importer(815301076,1909f56bfc062723c751e8b465ee728b)  -> (artifact id: 'a4661780bceef1e54592f009beda1ee2') in 0.013891 seconds 
========================================================================
Received Import Request.
  Time since last request: 0.000015 seconds.
  path: Assets/Brick Project Studio/Apartment Kit/Prefabs/Furniture/Wine Cabinet/BarCabinet_Apt_03_Filled.prefab
  artifactKey: Guid(3d51d280e33c5fe4c97ae593c2292997) Importer(815301076,1909f56bfc062723c751e8b465ee728b)
Start importing Assets/Brick Project Studio/Apartment Kit/Prefabs/Furniture/Wine Cabinet/BarCabinet_Apt_03_Filled.prefab using Guid(3d51d280e33c5fe4c97ae593c2292997) Importer(815301076,1909f56bfc062723c751e8b465ee728b)  -> (artifact id: '7d0f3f49608751c5693b7bf606da2e93') in 0.017431 seconds 
========================================================================
Received Import Request.
  Time since last request: 0.000021 seconds.
  path: Assets/Blockout/Prefabs/Blocks Basic/Block_05x3x3.prefab
  artifactKey: Guid(25d786c795b3f614d80a608bcd52c9c1) Importer(815301076,1909f56bfc062723c751e8b465ee728b)
Start importing Assets/Blockout/Prefabs/Blocks Basic/Block_05x3x3.prefab using Guid(25d786c795b3f614d80a608bcd52c9c1) Importer(815301076,1909f56bfc062723c751e8b465ee728b)  -> (artifact id: 'a03ab273ad3c0af03dc17320c6cd4f7b') in 0.009766 seconds 
========================================================================
Received Import Request.
  Time since last request: 0.000018 seconds.
  path: Assets/Brick Project Studio/SE Basic Assets/Prefabs/Base Scene.prefab
  artifactKey: Guid(6b5e9772e973b514993c495d4471494c) Importer(815301076,1909f56bfc062723c751e8b465ee728b)
Start importing Assets/Brick Project Studio/SE Basic Assets/Prefabs/Base Scene.prefab using Guid(6b5e9772e973b514993c495d4471494c) Importer(815301076,1909f56bfc062723c751e8b465ee728b)  -> (artifact id: '5a06b654dbaccf6442fdf6685ebfbd7e') in 0.212178 seconds 
========================================================================
Received Import Request.
  Time since last request: 0.000016 seconds.
  path: Assets/Blockout/Prefabs/Abstract/Abstract_Antena_1.prefab
  artifactKey: Guid(ec6a728b691981e40b9c3ad7930884b0) Importer(815301076,1909f56bfc062723c751e8b465ee728b)
Start importing Assets/Blockout/Prefabs/Abstract/Abstract_Antena_1.prefab using Guid(ec6a728b691981e40b9c3ad7930884b0) Importer(815301076,1909f56bfc062723c751e8b465ee728b)  -> (artifact id: 'fb6f6fd898ee16f4f60036d75207b762') in 0.011131 seconds 
========================================================================
Received Import Request.
  Time since last request: 0.000018 seconds.
  path: Assets/Blockout/Prefabs/Blocks Basic/Blocks_Bent/Block_Bend_05x3x1.prefab
  artifactKey: Guid(caab8515325500c4aaac37eae7de2fb5) Importer(815301076,1909f56bfc062723c751e8b465ee728b)
Start importing Assets/Blockout/Prefabs/Blocks Basic/Blocks_Bent/Block_Bend_05x3x1.prefab using Guid(caab8515325500c4aaac37eae7de2fb5) Importer(815301076,1909f56bfc062723c751e8b465ee728b)  -> (artifact id: '8e434a0ad98f9fc87f7560c0e41a69e5') in 0.011083 seconds 
========================================================================
Received Import Request.
  Time since last request: 0.000022 seconds.
  path: Assets/Blockout/Prefabs/Blocks Basic/Blocks Corners/Block_Corner_T1_05x1x05.prefab
  artifactKey: Guid(d489a847fc1da8649a533c76fed6f66b) Importer(815301076,1909f56bfc062723c751e8b465ee728b)
Start importing Assets/Blockout/Prefabs/Blocks Basic/Blocks Corners/Block_Corner_T1_05x1x05.prefab using Guid(d489a847fc1da8649a533c76fed6f66b) Importer(815301076,1909f56bfc062723c751e8b465ee728b)  -> (artifact id: '6193bf49023d7fda3003f9580f75247e') in 0.011828 seconds 
========================================================================
Received Import Request.
  Time since last request: 0.000016 seconds.
  path: Assets/Blockout/Prefabs/Blocks Basic/Blocks_Bent/Block_Bend_1x4x1.prefab
  artifactKey: Guid(3ccf50e4f95eeda4abf4374d2a47c9f6) Importer(815301076,1909f56bfc062723c751e8b465ee728b)
Start importing Assets/Blockout/Prefabs/Blocks Basic/Blocks_Bent/Block_Bend_1x4x1.prefab using Guid(3ccf50e4f95eeda4abf4374d2a47c9f6) Importer(815301076,1909f56bfc062723c751e8b465ee728b)  -> (artifact id: '8936fe61ffe581e349adb7b3fe60abf0') in 0.011234 seconds 
========================================================================
Received Import Request.
  Time since last request: 0.000014 seconds.
  path: Assets/Blockout/Prefabs/Dynamic/Barricade_Broke_1.prefab
  artifactKey: Guid(a74203224f143b24ca9a15a80c6d7feb) Importer(815301076,1909f56bfc062723c751e8b465ee728b)
Start importing Assets/Blockout/Prefabs/Dynamic/Barricade_Broke_1.prefab using Guid(a74203224f143b24ca9a15a80c6d7feb) Importer(815301076,1909f56bfc062723c751e8b465ee728b)  -> (artifact id: '758b707d8f13e40e540dcba34a2e66f4') in 0.015251 seconds 
========================================================================
Received Import Request.
  Time since last request: 0.000017 seconds.
  path: Assets/Blockout/Prefabs/Blocks Basic/Blocks Corners/Block_Corner_T1_1x5x1.prefab
  artifactKey: Guid(2c61a4fcfc87bc54a9aa2c2385ff79f8) Importer(815301076,1909f56bfc062723c751e8b465ee728b)
Start importing Assets/Blockout/Prefabs/Blocks Basic/Blocks Corners/Block_Corner_T1_1x5x1.prefab using Guid(2c61a4fcfc87bc54a9aa2c2385ff79f8) Importer(815301076,1909f56bfc062723c751e8b465ee728b)  -> (artifact id: '7dd686644c6bd5584a521eb1a14eebcd') in 0.011111 seconds 
========================================================================
Received Import Request.
  Time since last request: 0.000017 seconds.
  path: Assets/Blockout/Prefabs/Blocks Basic/Block_1x4x3.prefab
  artifactKey: Guid(8ef0889161176b142add3f9dc03003c1) Importer(815301076,1909f56bfc062723c751e8b465ee728b)
Start importing Assets/Blockout/Prefabs/Blocks Basic/Block_1x4x3.prefab using Guid(8ef0889161176b142add3f9dc03003c1) Importer(815301076,1909f56bfc062723c751e8b465ee728b)  -> (artifact id: '1a293303ac3ad275824a1edf64c6fc9a') in 0.015113 seconds 
========================================================================
Received Import Request.
  Time since last request: 0.000018 seconds.
  path: Assets/Blockout/Prefabs/Blocks Basic/Block_1x4x4.prefab
  artifactKey: Guid(21c79f3defe3ff74b948a82a25f3d6a5) Importer(815301076,1909f56bfc062723c751e8b465ee728b)
Start importing Assets/Blockout/Prefabs/Blocks Basic/Block_1x4x4.prefab using Guid(21c79f3defe3ff74b948a82a25f3d6a5) Importer(815301076,1909f56bfc062723c751e8b465ee728b)  -> (artifact id: '46dee1e3919906c76837531f72401651') in 0.010766 seconds 
========================================================================
Received Import Request.
  Time since last request: 0.000016 seconds.
  path: Assets/Blockout/Prefabs/Blocks Basic/Blocks_Bent/Block_Bend_Alt2_1x3x3.prefab
  artifactKey: Guid(756a3e5b559a1f048a1ac7573e2ffa0f) Importer(815301076,1909f56bfc062723c751e8b465ee728b)
Start importing Assets/Blockout/Prefabs/Blocks Basic/Blocks_Bent/Block_Bend_Alt2_1x3x3.prefab using Guid(756a3e5b559a1f048a1ac7573e2ffa0f) Importer(815301076,1909f56bfc062723c751e8b465ee728b)  -> (artifact id: 'af953583e101754a9ea23447f54ba830') in 0.010427 seconds 
========================================================================
Received Import Request.
  Time since last request: 0.000014 seconds.
  path: Assets/Blockout/Prefabs/Abstract/Abstarct_Gate_3.prefab
  artifactKey: Guid(2906bc9a938a35c4a9b8e39129b220cf) Importer(815301076,1909f56bfc062723c751e8b465ee728b)
Start importing Assets/Blockout/Prefabs/Abstract/Abstarct_Gate_3.prefab using Guid(2906bc9a938a35c4a9b8e39129b220cf) Importer(815301076,1909f56bfc062723c751e8b465ee728b)  -> (artifact id: '147f6bc5d5413b7ead95df4c69568522') in 0.011169 seconds 
========================================================================
Received Import Request.
  Time since last request: 0.000014 seconds.
  path: Assets/Blockout/Prefabs/Dynamic/Barricade.prefab
  artifactKey: Guid(1910456fc5fb5774998c8843531e1721) Importer(815301076,1909f56bfc062723c751e8b465ee728b)
Start importing Assets/Blockout/Prefabs/Dynamic/Barricade.prefab using Guid(1910456fc5fb5774998c8843531e1721) Importer(815301076,1909f56bfc062723c751e8b465ee728b)  -> (artifact id: 'dcd35f711cb1c44d1f49cc05272e5f92') in 0.010837 seconds 
========================================================================
Received Import Request.
  Time since last request: 0.000028 seconds.
  path: Assets/Blockout/Prefabs/Blocks Basic/Block_1x5x1.prefab
  artifactKey: Guid(95f500212fc4fb249904aa50e0d99f0b) Importer(815301076,1909f56bfc062723c751e8b465ee728b)
Start importing Assets/Blockout/Prefabs/Blocks Basic/Block_1x5x1.prefab using Guid(95f500212fc4fb249904aa50e0d99f0b) Importer(815301076,1909f56bfc062723c751e8b465ee728b)  -> (artifact id: 'ac4abab44e53e8d75ca0918cb18aa203') in 0.010188 seconds 
========================================================================
Received Import Request.
  Time since last request: 0.000048 seconds.
  path: Assets/Blockout/Prefabs/Blocks Basic/Blocks Caps/Block_Corner_Cap_T3_1x05x1.prefab
  artifactKey: Guid(213d3249fcfb7ef4c9c7cd9d17b17126) Importer(815301076,1909f56bfc062723c751e8b465ee728b)
Start importing Assets/Blockout/Prefabs/Blocks Basic/Blocks Caps/Block_Corner_Cap_T3_1x05x1.prefab using Guid(213d3249fcfb7ef4c9c7cd9d17b17126) Importer(815301076,1909f56bfc062723c751e8b465ee728b)  -> (artifact id: '6cdc1d47332fa53ece76fe0ffb15236f') in 0.011810 seconds 
========================================================================
Received Import Request.
  Time since last request: 0.000026 seconds.
  path: Assets/Brick Project Studio/Apartment Kit/Prefabs/Furniture/Wine Cabinet/BarCabinet_Apt_02_Tower.prefab
  artifactKey: Guid(50f7395fbbcbfff47b55a68bd9ca5773) Importer(815301076,1909f56bfc062723c751e8b465ee728b)
Start importing Assets/Brick Project Studio/Apartment Kit/Prefabs/Furniture/Wine Cabinet/BarCabinet_Apt_02_Tower.prefab using Guid(50f7395fbbcbfff47b55a68bd9ca5773) Importer(815301076,1909f56bfc062723c751e8b465ee728b)  -> (artifact id: '127b378e9f232afd6b13a00e9b7adf76') in 0.012372 seconds 
========================================================================
Received Import Request.
  Time since last request: 0.000022 seconds.
  path: Assets/Blockout/Prefabs/Blocks Basic/Blocks_Bent/Block_Bend_05x4x05.prefab
  artifactKey: Guid(aadacb76001a7fb4eae43740d97cd220) Importer(815301076,1909f56bfc062723c751e8b465ee728b)
Start importing Assets/Blockout/Prefabs/Blocks Basic/Blocks_Bent/Block_Bend_05x4x05.prefab using Guid(aadacb76001a7fb4eae43740d97cd220) Importer(815301076,1909f56bfc062723c751e8b465ee728b)  -> (artifact id: '44e3d4b48a05c78296226c73d5be9113') in 0.010755 seconds 
========================================================================
Received Import Request.
  Time since last request: 0.000014 seconds.
  path: Assets/Blockout/Prefabs/Blocks Basic/Blocks_Bent/Block_Bend_Alt1_1x2x2.prefab
  artifactKey: Guid(cf6db22129762b44caf86fc6452c5ecb) Importer(815301076,1909f56bfc062723c751e8b465ee728b)
Start importing Assets/Blockout/Prefabs/Blocks Basic/Blocks_Bent/Block_Bend_Alt1_1x2x2.prefab using Guid(cf6db22129762b44caf86fc6452c5ecb) Importer(815301076,1909f56bfc062723c751e8b465ee728b)  -> (artifact id: '0ff1e9d678a446801ca42ec20637b284') in 0.010602 seconds 
========================================================================
Received Import Request.
  Time since last request: 0.000018 seconds.
  path: Assets/Blockout/Prefabs/Abstract/Abstract_Antena_2.prefab
  artifactKey: Guid(76d9123251be29543854b513d55bed5d) Importer(815301076,1909f56bfc062723c751e8b465ee728b)
Start importing Assets/Blockout/Prefabs/Abstract/Abstract_Antena_2.prefab using Guid(76d9123251be29543854b513d55bed5d) Importer(815301076,1909f56bfc062723c751e8b465ee728b)  -> (artifact id: '4d9fe1b96fc28df83f37f4ed49d3e344') in 0.010672 seconds 
========================================================================
Received Import Request.
  Time since last request: 0.000018 seconds.
  path: Assets/Blockout/Prefabs/Blocks Basic/Blocks Walls bent/Block_Bend_05x2x3.prefab
  artifactKey: Guid(99adb858938a71740a38ec1be43f181c) Importer(815301076,1909f56bfc062723c751e8b465ee728b)
Start importing Assets/Blockout/Prefabs/Blocks Basic/Blocks Walls bent/Block_Bend_05x2x3.prefab using Guid(99adb858938a71740a38ec1be43f181c) Importer(815301076,1909f56bfc062723c751e8b465ee728b)  -> (artifact id: '8ce9e7814db0482a7977ab9a655857f1') in 0.011442 seconds 
========================================================================
Received Import Request.
  Time since last request: 0.000014 seconds.
  path: Assets/Blockout/Prefabs/Abstract/Abstarct_Gate_2.prefab
  artifactKey: Guid(0012e0e78b8abb14f920d8cf5a8722a1) Importer(815301076,1909f56bfc062723c751e8b465ee728b)
Start importing Assets/Blockout/Prefabs/Abstract/Abstarct_Gate_2.prefab using Guid(0012e0e78b8abb14f920d8cf5a8722a1) Importer(815301076,1909f56bfc062723c751e8b465ee728b)  -> (artifact id: '0948c3d42f130d603594e9e1f8ee511d') in 0.013014 seconds 
========================================================================
Received Import Request.
  Time since last request: 0.000015 seconds.
  path: Assets/Blockout/Prefabs/Blocks Basic/Block_1x3x3.prefab
  artifactKey: Guid(cce58801c905d38428566430d7eb5309) Importer(815301076,1909f56bfc062723c751e8b465ee728b)
Start importing Assets/Blockout/Prefabs/Blocks Basic/Block_1x3x3.prefab using Guid(cce58801c905d38428566430d7eb5309) Importer(815301076,1909f56bfc062723c751e8b465ee728b)  -> (artifact id: 'dda3dd1a51db89f8d951b9556d3f1a64') in 0.012450 seconds 
========================================================================
Received Import Request.
  Time since last request: 0.000015 seconds.
  path: Assets/Blockout/Prefabs/Blocks Basic/Block_05x1x1.prefab
  artifactKey: Guid(d0c52d16059aeae40a5d4fbdf47ed805) Importer(815301076,1909f56bfc062723c751e8b465ee728b)
Start importing Assets/Blockout/Prefabs/Blocks Basic/Block_05x1x1.prefab using Guid(d0c52d16059aeae40a5d4fbdf47ed805) Importer(815301076,1909f56bfc062723c751e8b465ee728b)  -> (artifact id: '9ca49bb7c1c7903414c45d2515b76ca1') in 0.011505 seconds 
========================================================================
Received Import Request.
  Time since last request: 0.000013 seconds.
  path: Assets/Blockout/Prefabs/Blocks Basic/Blocks_Bent/Block_Bend_05x2x05.prefab
  artifactKey: Guid(364f46eba6df2c542990a4022c0c3c68) Importer(815301076,1909f56bfc062723c751e8b465ee728b)
Start importing Assets/Blockout/Prefabs/Blocks Basic/Blocks_Bent/Block_Bend_05x2x05.prefab using Guid(364f46eba6df2c542990a4022c0c3c68) Importer(815301076,1909f56bfc062723c751e8b465ee728b)  -> (artifact id: '061e30fab0fb9f1276bc1562d89bbeb2') in 0.011416 seconds 
========================================================================
Received Import Request.
  Time since last request: 0.000021 seconds.
  path: Assets/Brick Project Studio/Apartment Kit/Prefabs/Furniture/Bathroom/BathTub_Base_01.prefab
  artifactKey: Guid(cb533d6f7329a744fb5c0396de1b8b4b) Importer(815301076,1909f56bfc062723c751e8b465ee728b)
Start importing Assets/Brick Project Studio/Apartment Kit/Prefabs/Furniture/Bathroom/BathTub_Base_01.prefab using Guid(cb533d6f7329a744fb5c0396de1b8b4b) Importer(815301076,1909f56bfc062723c751e8b465ee728b)  -> (artifact id: '8464a2e620aa2615d9570a3de6c9c74b') in 0.053705 seconds 
========================================================================
Received Import Request.
  Time since last request: 0.000017 seconds.
  path: Assets/Blockout/Prefabs/Blocks Basic/Blocks_Bent/Block_Bend_Alt1_05x3x1.prefab
  artifactKey: Guid(8bc8cb0085bd78040970c436b440b40a) Importer(815301076,1909f56bfc062723c751e8b465ee728b)
Start importing Assets/Blockout/Prefabs/Blocks Basic/Blocks_Bent/Block_Bend_Alt1_05x3x1.prefab using Guid(8bc8cb0085bd78040970c436b440b40a) Importer(815301076,1909f56bfc062723c751e8b465ee728b)  -> (artifact id: '39195319c6a48dc2f82fe3f29cb31564') in 0.009756 seconds 
========================================================================
Received Import Request.
  Time since last request: 0.000017 seconds.
  path: Assets/Blockout/Prefabs/Blocks Basic/Block_1x025x1.prefab
  artifactKey: Guid(053e4bf573bbc17408e0b8a61d7927a7) Importer(815301076,1909f56bfc062723c751e8b465ee728b)
Start importing Assets/Blockout/Prefabs/Blocks Basic/Block_1x025x1.prefab using Guid(053e4bf573bbc17408e0b8a61d7927a7) Importer(815301076,1909f56bfc062723c751e8b465ee728b)  -> (artifact id: 'daa488ccc73e6e47cf237cd25037347c') in 0.009434 seconds 
========================================================================
Received Import Request.
  Time since last request: 0.000022 seconds.
  path: Assets/Blockout/Prefabs/Blocks Basic/Block_1x2x1.prefab
  artifactKey: Guid(0f525598b2479ed46b967f6f863306d1) Importer(815301076,1909f56bfc062723c751e8b465ee728b)
Start importing Assets/Blockout/Prefabs/Blocks Basic/Block_1x2x1.prefab using Guid(0f525598b2479ed46b967f6f863306d1) Importer(815301076,1909f56bfc062723c751e8b465ee728b)  -> (artifact id: '1f385b3bdbb8ed6132a8b3bd1bb1c2b8') in 0.010300 seconds 
========================================================================
Received Import Request.
  Time since last request: 0.000016 seconds.
  path: Assets/Brick Project Studio/Apartment Kit/Prefabs/Furniture/Living Room/Bench_Apt_01.prefab
  artifactKey: Guid(544e2a3365ece1e428837232ca8b768d) Importer(815301076,1909f56bfc062723c751e8b465ee728b)
Start importing Assets/Brick Project Studio/Apartment Kit/Prefabs/Furniture/Living Room/Bench_Apt_01.prefab using Guid(544e2a3365ece1e428837232ca8b768d) Importer(815301076,1909f56bfc062723c751e8b465ee728b)  -> (artifact id: '158ec74fa4a51b7700f31a5a0bf10c8c') in 0.017350 seconds 
========================================================================
Received Import Request.
  Time since last request: 0.000015 seconds.
  path: Assets/Blockout/Prefabs/Blocks Basic/Blocks Caps/Block_Cap_T2_1x05x1.prefab
  artifactKey: Guid(6170d5d8e2be3e54599985488b79795a) Importer(815301076,1909f56bfc062723c751e8b465ee728b)
Start importing Assets/Blockout/Prefabs/Blocks Basic/Blocks Caps/Block_Cap_T2_1x05x1.prefab using Guid(6170d5d8e2be3e54599985488b79795a) Importer(815301076,1909f56bfc062723c751e8b465ee728b)  -> (artifact id: 'f9078c4f0e2cd96d7b338fd1d4969661') in 0.010584 seconds 
========================================================================
Received Import Request.
  Time since last request: 0.000015 seconds.
  path: Assets/Brick Project Studio/Apartment Kit/Prefabs/Furniture/Wine Cabinet/BarCabinet_Apt_02.prefab
  artifactKey: Guid(86ae21e881865b04f8548c4edade5fd2) Importer(815301076,1909f56bfc062723c751e8b465ee728b)
Start importing Assets/Brick Project Studio/Apartment Kit/Prefabs/Furniture/Wine Cabinet/BarCabinet_Apt_02.prefab using Guid(86ae21e881865b04f8548c4edade5fd2) Importer(815301076,1909f56bfc062723c751e8b465ee728b)  -> (artifact id: '6348decb3c3a7d3f5b4639c87ed3395a') in 0.015691 seconds 
========================================================================
Received Import Request.
  Time since last request: 0.000016 seconds.
  path: Assets/Blockout/Prefabs/Blocks Basic/Block_05x3x05.prefab
  artifactKey: Guid(ce30a830bbee9764bab58388afcb2a2d) Importer(815301076,1909f56bfc062723c751e8b465ee728b)
Start importing Assets/Blockout/Prefabs/Blocks Basic/Block_05x3x05.prefab using Guid(ce30a830bbee9764bab58388afcb2a2d) Importer(815301076,1909f56bfc062723c751e8b465ee728b)  -> (artifact id: '62bd3955d86f83650db861b61e4bdb98') in 0.010832 seconds 
========================================================================
Received Import Request.
  Time since last request: 0.000014 seconds.
  path: Assets/Brick Project Studio/SE Basic Assets/Prefabs/Base Room Scene.prefab
  artifactKey: Guid(42ded4a9b41e76d46bb90a3e35072cf7) Importer(815301076,1909f56bfc062723c751e8b465ee728b)
Start importing Assets/Brick Project Studio/SE Basic Assets/Prefabs/Base Room Scene.prefab using Guid(42ded4a9b41e76d46bb90a3e35072cf7) Importer(815301076,1909f56bfc062723c751e8b465ee728b)  -> (artifact id: '02e15a22d9c6e20f421654b6d1dc00b6') in 0.026692 seconds 
========================================================================
Received Import Request.
  Time since last request: 0.000019 seconds.
  path: Assets/Blockout/Prefabs/Blocks Basic/Blocks Walls bent/Block_Bend_05x2x4.prefab
  artifactKey: Guid(cd595647b6580ec4ea1440a7dd28a6c7) Importer(815301076,1909f56bfc062723c751e8b465ee728b)
Start importing Assets/Blockout/Prefabs/Blocks Basic/Blocks Walls bent/Block_Bend_05x2x4.prefab using Guid(cd595647b6580ec4ea1440a7dd28a6c7) Importer(815301076,1909f56bfc062723c751e8b465ee728b)  -> (artifact id: '6cebecdea03b86e4f40e06974514a50a') in 0.010910 seconds 
========================================================================
Received Import Request.
  Time since last request: 0.000017 seconds.
  path: Assets/Brick Project Studio/Apartment Kit/Prefabs/Furniture/Wine Cabinet/BarCabinet_Apt_02_Side.prefab
  artifactKey: Guid(6b094143198273d43b21bd5b1dd0b3c3) Importer(815301076,1909f56bfc062723c751e8b465ee728b)
Start importing Assets/Brick Project Studio/Apartment Kit/Prefabs/Furniture/Wine Cabinet/BarCabinet_Apt_02_Side.prefab using Guid(6b094143198273d43b21bd5b1dd0b3c3) Importer(815301076,1909f56bfc062723c751e8b465ee728b)  -> (artifact id: 'aeb19b011ec1058223ac7a2b6837e941') in 0.011326 seconds 
========================================================================
Received Import Request.
  Time since last request: 0.000013 seconds.
  path: Assets/Blockout/Prefabs/Blocks Basic/Block_05x2x1.prefab
  artifactKey: Guid(e962c631de953c14b8fff30aeb78c38c) Importer(815301076,1909f56bfc062723c751e8b465ee728b)
Start importing Assets/Blockout/Prefabs/Blocks Basic/Block_05x2x1.prefab using Guid(e962c631de953c14b8fff30aeb78c38c) Importer(815301076,1909f56bfc062723c751e8b465ee728b)  -> (artifact id: 'ab750fe342e7a4624cdb229148eab5b0') in 0.009984 seconds 
========================================================================
Received Import Request.
  Time since last request: 97.423713 seconds.
  path: Assets/Blockout/Prefabs/Blocks Basic/Blocks Corners/Block_Corner_T1_05x4x05.prefab
  artifactKey: Guid(a46f0e6972da79345ac2f750219198c6) Importer(815301076,1909f56bfc062723c751e8b465ee728b)
Start importing Assets/Blockout/Prefabs/Blocks Basic/Blocks Corners/Block_Corner_T1_05x4x05.prefab using Guid(a46f0e6972da79345ac2f750219198c6) Importer(815301076,1909f56bfc062723c751e8b465ee728b)  -> (artifact id: 'a5576dd41c145b1ba27864439564516b') in 0.010468 seconds 
========================================================================
Received Import Request.
  Time since last request: 0.000015 seconds.
  path: Assets/Blockout/Prefabs/Blocks Basic/Blocks Corners/Block_Corner_T2_05x1x05.prefab
  artifactKey: Guid(66d0ff9e571be2e459515a25e21c0ae7) Importer(815301076,1909f56bfc062723c751e8b465ee728b)
Start importing Assets/Blockout/Prefabs/Blocks Basic/Blocks Corners/Block_Corner_T2_05x1x05.prefab using Guid(66d0ff9e571be2e459515a25e21c0ae7) Importer(815301076,1909f56bfc062723c751e8b465ee728b)  -> (artifact id: '428dcd1d424087a9fb08b85af87ff8af') in 0.011125 seconds 
========================================================================
Received Import Request.
  Time since last request: 0.000018 seconds.
  path: Assets/Blockout/Prefabs/Blocks Basic/Blocks Corners/Block_Corner_T3_1x3x1.prefab
  artifactKey: Guid(1e773f197090ab1458c756effbdff786) Importer(815301076,1909f56bfc062723c751e8b465ee728b)
Start importing Assets/Blockout/Prefabs/Blocks Basic/Blocks Corners/Block_Corner_T3_1x3x1.prefab using Guid(1e773f197090ab1458c756effbdff786) Importer(815301076,1909f56bfc062723c751e8b465ee728b)  -> (artifact id: '31703e9539f099d0afa8dd9ac5062f48') in 0.012108 seconds 
========================================================================
Received Import Request.
  Time since last request: 0.000014 seconds.
  path: Assets/Blockout/Prefabs/Blocks Basic/Blocks Corners/Block_Corner_T2_1x3x1.prefab
  artifactKey: Guid(800269b23be227240a2022803eb4ed05) Importer(815301076,1909f56bfc062723c751e8b465ee728b)
Start importing Assets/Blockout/Prefabs/Blocks Basic/Blocks Corners/Block_Corner_T2_1x3x1.prefab using Guid(800269b23be227240a2022803eb4ed05) Importer(815301076,1909f56bfc062723c751e8b465ee728b)  -> (artifact id: 'de93efd074c18d56a5ea12314655efa7') in 0.010927 seconds 
========================================================================
Received Import Request.
  Time since last request: 0.000015 seconds.
  path: Assets/Blockout/Prefabs/Blocks Basic/Blocks Caps/Block_Corner_T3_1x1x003.prefab
  artifactKey: Guid(071f6dff2665bf54bb212f434652d1d4) Importer(815301076,1909f56bfc062723c751e8b465ee728b)
Start importing Assets/Blockout/Prefabs/Blocks Basic/Blocks Caps/Block_Corner_T3_1x1x003.prefab using Guid(071f6dff2665bf54bb212f434652d1d4) Importer(815301076,1909f56bfc062723c751e8b465ee728b)  -> (artifact id: '0d51d7385651e596c33752b0eb067206') in 0.011345 seconds 
========================================================================
Received Import Request.
  Time since last request: 0.000018 seconds.
  path: Assets/Blockout/Prefabs/Blocks Basic/Blocks Corners/Block_Corner_T2_02x1x05.prefab
  artifactKey: Guid(8dba0e8632cf90b4fbdb511e82cc99df) Importer(815301076,1909f56bfc062723c751e8b465ee728b)
Start importing Assets/Blockout/Prefabs/Blocks Basic/Blocks Corners/Block_Corner_T2_02x1x05.prefab using Guid(8dba0e8632cf90b4fbdb511e82cc99df) Importer(815301076,1909f56bfc062723c751e8b465ee728b)  -> (artifact id: 'a36dd1ca7ed8f27be331b338753c9f33') in 0.010499 seconds 
========================================================================
Received Import Request.
  Time since last request: 0.000015 seconds.
  path: Assets/Blockout/Prefabs/Blocks Basic/Blocks Corners/Block_Corner_T3_1x5x1.prefab
  artifactKey: Guid(923c51b431a9b454d96a68b6e2391f6f) Importer(815301076,1909f56bfc062723c751e8b465ee728b)
Start importing Assets/Blockout/Prefabs/Blocks Basic/Blocks Corners/Block_Corner_T3_1x5x1.prefab using Guid(923c51b431a9b454d96a68b6e2391f6f) Importer(815301076,1909f56bfc062723c751e8b465ee728b)  -> (artifact id: '5d427fcbff1be8c8047047db615c2c5e') in 0.010736 seconds 
========================================================================
Received Import Request.
  Time since last request: 0.000016 seconds.
  path: Assets/Blockout/Prefabs/Blocks Basic/Blocks Caps/Block_Corner_T3_1x1x004.prefab
  artifactKey: Guid(7efc074b68f438c42b3fbd1a8e02c4de) Importer(815301076,1909f56bfc062723c751e8b465ee728b)
Start importing Assets/Blockout/Prefabs/Blocks Basic/Blocks Caps/Block_Corner_T3_1x1x004.prefab using Guid(7efc074b68f438c42b3fbd1a8e02c4de) Importer(815301076,1909f56bfc062723c751e8b465ee728b)  -> (artifact id: '0249d1d08162e4e48f651abf071548e7') in 0.011234 seconds 
========================================================================
Received Import Request.
  Time since last request: 0.000018 seconds.
  path: Assets/Blockout/Prefabs/Blocks Basic/Block_Corner_T1_05x025x1.prefab
  artifactKey: Guid(f4c723f62b7b56e41a083d06278d77e9) Importer(815301076,1909f56bfc062723c751e8b465ee728b)
Start importing Assets/Blockout/Prefabs/Blocks Basic/Block_Corner_T1_05x025x1.prefab using Guid(f4c723f62b7b56e41a083d06278d77e9) Importer(815301076,1909f56bfc062723c751e8b465ee728b)  -> (artifact id: '0ee70acae8b81236822de12fce8a1abb') in 0.010596 seconds 
========================================================================
Received Import Request.
  Time since last request: 0.000014 seconds.
  path: Assets/Blockout/Prefabs/Blocks Basic/Block_Corner_T2_05x025x1.prefab
  artifactKey: Guid(4a31dc9052a44344088ac2da9fd51d64) Importer(815301076,1909f56bfc062723c751e8b465ee728b)
Start importing Assets/Blockout/Prefabs/Blocks Basic/Block_Corner_T2_05x025x1.prefab using Guid(4a31dc9052a44344088ac2da9fd51d64) Importer(815301076,1909f56bfc062723c751e8b465ee728b)  -> (artifact id: 'f5eab9540eac1cc15d3729c55c5ddb78') in 0.010546 seconds 
========================================================================
Received Import Request.
  Time since last request: 0.000015 seconds.
  path: Assets/Blockout/Prefabs/Blocks Basic/Blocks Corners/Block_Corner_T2_05x3x05.prefab
  artifactKey: Guid(8a25f2354e96af94faaa825c358df70b) Importer(815301076,1909f56bfc062723c751e8b465ee728b)
Start importing Assets/Blockout/Prefabs/Blocks Basic/Blocks Corners/Block_Corner_T2_05x3x05.prefab using Guid(8a25f2354e96af94faaa825c358df70b) Importer(815301076,1909f56bfc062723c751e8b465ee728b)  -> (artifact id: '640cf4014c961cc9324529a51c893bdc') in 0.010560 seconds 
========================================================================
Received Import Request.
  Time since last request: 2.933899 seconds.
  path: Assets/Blockout/Prefabs/Blocks Basic/Block_Corner_T3_1x025x1.prefab
  artifactKey: Guid(c84766e46f682d34582b7de10a0d61c9) Importer(815301076,1909f56bfc062723c751e8b465ee728b)
Start importing Assets/Blockout/Prefabs/Blocks Basic/Block_Corner_T3_1x025x1.prefab using Guid(c84766e46f682d34582b7de10a0d61c9) Importer(815301076,1909f56bfc062723c751e8b465ee728b)  -> (artifact id: '59f5fa660856b491e5d873d49570b07e') in 0.025067 seconds 
========================================================================
Received Import Request.
  Time since last request: 0.000017 seconds.
  path: Assets/Blockout/Prefabs/Blocks Basic/Blocks Corners/Block_Corner_T4_1x5x1.prefab
  artifactKey: Guid(4e332e15e61a40c4a949f7044a4a709e) Importer(815301076,1909f56bfc062723c751e8b465ee728b)
Start importing Assets/Blockout/Prefabs/Blocks Basic/Blocks Corners/Block_Corner_T4_1x5x1.prefab using Guid(4e332e15e61a40c4a949f7044a4a709e) Importer(815301076,1909f56bfc062723c751e8b465ee728b)  -> (artifact id: '5ee10d98234df7cd549b68c4ccd23dbc') in 0.010823 seconds 
========================================================================
Received Import Request.
  Time since last request: 0.000016 seconds.
  path: Assets/Blockout/Prefabs/Blocks Basic/Blocks Caps/Block_Corner_T4_1x1x006.prefab
  artifactKey: Guid(1df4a9f7bed88c647a3dbccd74f72010) Importer(815301076,1909f56bfc062723c751e8b465ee728b)
Start importing Assets/Blockout/Prefabs/Blocks Basic/Blocks Caps/Block_Corner_T4_1x1x006.prefab using Guid(1df4a9f7bed88c647a3dbccd74f72010) Importer(815301076,1909f56bfc062723c751e8b465ee728b)  -> (artifact id: 'ba1d82da6a3d3d64419b9f08779565f3') in 0.010955 seconds 
========================================================================
Received Import Request.
  Time since last request: 0.000014 seconds.
  path: Assets/Blockout/Prefabs/Blocks Basic/Blocks Corner Inner/Block_Inner_Corner_T1_1x5x1.prefab
  artifactKey: Guid(250fdf0e364d0b64384ca324bf94380e) Importer(815301076,1909f56bfc062723c751e8b465ee728b)
Start importing Assets/Blockout/Prefabs/Blocks Basic/Blocks Corner Inner/Block_Inner_Corner_T1_1x5x1.prefab using Guid(250fdf0e364d0b64384ca324bf94380e) Importer(815301076,1909f56bfc062723c751e8b465ee728b)  -> (artifact id: '4a6d43fc06711a4c4072268e678c7d29') in 0.010844 seconds 
========================================================================
Received Import Request.
  Time since last request: 0.000024 seconds.
  path: Assets/Blockout/Prefabs/Blocks Basic/Blocks Corner Inner/Block_Inner_Corner_T1_1x4x1.prefab
  artifactKey: Guid(017a2d69a9e0e4241ab3c305cc4a33b5) Importer(815301076,1909f56bfc062723c751e8b465ee728b)
Start importing Assets/Blockout/Prefabs/Blocks Basic/Blocks Corner Inner/Block_Inner_Corner_T1_1x4x1.prefab using Guid(017a2d69a9e0e4241ab3c305cc4a33b5) Importer(815301076,1909f56bfc062723c751e8b465ee728b)  -> (artifact id: '56ef527412a6a9c53fd2f0c52ccaad7a') in 0.010440 seconds 
========================================================================
Received Import Request.
  Time since last request: 0.000016 seconds.
  path: Assets/Blockout/Prefabs/Blocks Basic/Block_Corner_T5_1x025x1.prefab
  artifactKey: Guid(85ad871799e1a4841a58816b5eb48a41) Importer(815301076,1909f56bfc062723c751e8b465ee728b)
Start importing Assets/Blockout/Prefabs/Blocks Basic/Block_Corner_T5_1x025x1.prefab using Guid(85ad871799e1a4841a58816b5eb48a41) Importer(815301076,1909f56bfc062723c751e8b465ee728b)  -> (artifact id: '6a27ce63fd3e4c47629a732df6e7922d') in 0.014868 seconds 
========================================================================
Received Import Request.
  Time since last request: 0.000031 seconds.
  path: Assets/Blockout/Prefabs/Blocks Basic/Blocks Corner Inner/Block_Inner_Corner_T3_1x1x1.prefab
  artifactKey: Guid(db41ccfb0398ae84bb3ac2eccc2f9e53) Importer(815301076,1909f56bfc062723c751e8b465ee728b)
Start importing Assets/Blockout/Prefabs/Blocks Basic/Blocks Corner Inner/Block_Inner_Corner_T3_1x1x1.prefab using Guid(db41ccfb0398ae84bb3ac2eccc2f9e53) Importer(815301076,1909f56bfc062723c751e8b465ee728b)  -> (artifact id: 'b74dba6da18c821c2a223e700e3ca29b') in 0.009342 seconds 
========================================================================
Received Import Request.
  Time since last request: 0.000017 seconds.
  path: Assets/Blockout/Prefabs/Blocks Basic/Blocks Corner Inner/Block_Inner_Corner_T3_1x4x1.prefab
  artifactKey: Guid(88fd4e8fd033cd3478ec82c6953c3a48) Importer(815301076,1909f56bfc062723c751e8b465ee728b)
Start importing Assets/Blockout/Prefabs/Blocks Basic/Blocks Corner Inner/Block_Inner_Corner_T3_1x4x1.prefab using Guid(88fd4e8fd033cd3478ec82c6953c3a48) Importer(815301076,1909f56bfc062723c751e8b465ee728b)  -> (artifact id: '7f4a685a42cf49573acf8d38639f8f8f') in 0.010030 seconds 
========================================================================
Received Import Request.
  Time since last request: 0.000013 seconds.
  path: Assets/Blockout/Prefabs/Blocks Basic/Blocks Corners/Block_Corner_T4_1x4x1.prefab
  artifactKey: Guid(0a226d1eb7895064d8a950ae825a6198) Importer(815301076,1909f56bfc062723c751e8b465ee728b)
Start importing Assets/Blockout/Prefabs/Blocks Basic/Blocks Corners/Block_Corner_T4_1x4x1.prefab using Guid(0a226d1eb7895064d8a950ae825a6198) Importer(815301076,1909f56bfc062723c751e8b465ee728b)  -> (artifact id: '459d0f0f725d3bcbf865252834b0efe5') in 0.010708 seconds 
========================================================================
Received Import Request.
  Time since last request: 0.000013 seconds.
  path: Assets/Blockout/Prefabs/Blocks Basic/Blocks Corner Inner/Block_Inner_Corner_T2_1x1x2.prefab
  artifactKey: Guid(da6d48788517eb544a37d56460b8c9ee) Importer(815301076,1909f56bfc062723c751e8b465ee728b)
Start importing Assets/Blockout/Prefabs/Blocks Basic/Blocks Corner Inner/Block_Inner_Corner_T2_1x1x2.prefab using Guid(da6d48788517eb544a37d56460b8c9ee) Importer(815301076,1909f56bfc062723c751e8b465ee728b)  -> (artifact id: '6eb06cfa14ce63939c5c568e7ee94a7e') in 0.010933 seconds 
========================================================================
Received Import Request.
  Time since last request: 0.000013 seconds.
  path: Assets/Blockout/Prefabs/Blocks Basic/Blocks Corners/Block_Corner_T4_1x2x1.prefab
  artifactKey: Guid(9c22e038ac123c646baa1076a76a0f35) Importer(815301076,1909f56bfc062723c751e8b465ee728b)
Start importing Assets/Blockout/Prefabs/Blocks Basic/Blocks Corners/Block_Corner_T4_1x2x1.prefab using Guid(9c22e038ac123c646baa1076a76a0f35) Importer(815301076,1909f56bfc062723c751e8b465ee728b)  -> (artifact id: '18699118f98fc3ac7caf8823a9fa86fb') in 0.011218 seconds 
========================================================================
Received Import Request.
  Time since last request: 0.000015 seconds.
  path: Assets/Blockout/Prefabs/Blocks Basic/Blocks Corners/Block_Corner_T5_1x2x1.prefab
  artifactKey: Guid(fc4a89d4c0d2c3f4984f97ef1df19a53) Importer(815301076,1909f56bfc062723c751e8b465ee728b)
Start importing Assets/Blockout/Prefabs/Blocks Basic/Blocks Corners/Block_Corner_T5_1x2x1.prefab using Guid(fc4a89d4c0d2c3f4984f97ef1df19a53) Importer(815301076,1909f56bfc062723c751e8b465ee728b)  -> (artifact id: '84c58aa8caf3afae73f80fde7b897ad4') in 0.011457 seconds 
========================================================================
Received Import Request.
  Time since last request: 0.000014 seconds.
  path: Assets/Blockout/Prefabs/Blocks Basic/Block_Corner_T3_05x025x1.prefab
  artifactKey: Guid(4bda6335bc86d9a47b878dc04a12bad7) Importer(815301076,1909f56bfc062723c751e8b465ee728b)
Start importing Assets/Blockout/Prefabs/Blocks Basic/Block_Corner_T3_05x025x1.prefab using Guid(4bda6335bc86d9a47b878dc04a12bad7) Importer(815301076,1909f56bfc062723c751e8b465ee728b)  -> (artifact id: '0f36338479e1cd87bd81c4364e894bbe') in 0.009715 seconds 
========================================================================
Received Import Request.
  Time since last request: 0.000016 seconds.
  path: Assets/Blockout/Prefabs/Blocks Basic/Blocks Caps/Block_Corner_T4_1x1x004.prefab
  artifactKey: Guid(6932d96502a37894ab3aee681128a904) Importer(815301076,1909f56bfc062723c751e8b465ee728b)
Start importing Assets/Blockout/Prefabs/Blocks Basic/Blocks Caps/Block_Corner_T4_1x1x004.prefab using Guid(6932d96502a37894ab3aee681128a904) Importer(815301076,1909f56bfc062723c751e8b465ee728b)  -> (artifact id: '52c702b1862541d1e316fbc4ea6a6dfc') in 0.012454 seconds 
========================================================================
Received Import Request.
  Time since last request: 0.000014 seconds.
  path: Assets/Blockout/Prefabs/Blocks Basic/Blocks Pillars/Block_Pillar_T1_1x1x1.prefab
  artifactKey: Guid(6b45c7b80357f5940bc791aed41da504) Importer(815301076,1909f56bfc062723c751e8b465ee728b)
Start importing Assets/Blockout/Prefabs/Blocks Basic/Blocks Pillars/Block_Pillar_T1_1x1x1.prefab using Guid(6b45c7b80357f5940bc791aed41da504) Importer(815301076,1909f56bfc062723c751e8b465ee728b)  -> (artifact id: '6b9d9414efe6262f47a66afe1d1c4601') in 0.011127 seconds 
========================================================================
Received Import Request.
  Time since last request: 0.000015 seconds.
  path: Assets/Blockout/Prefabs/Blocks Basic/Blocks Corners/Block_Corner_T3_05x2x05.prefab
  artifactKey: Guid(9d49462b1dbc44a4b8a140d32b0048c5) Importer(815301076,1909f56bfc062723c751e8b465ee728b)
Start importing Assets/Blockout/Prefabs/Blocks Basic/Blocks Corners/Block_Corner_T3_05x2x05.prefab using Guid(9d49462b1dbc44a4b8a140d32b0048c5) Importer(815301076,1909f56bfc062723c751e8b465ee728b)  -> (artifact id: '7b19f86a5a0d3e8f8f51b9852c603816') in 0.010266 seconds 
========================================================================
Received Import Request.
  Time since last request: 0.000015 seconds.
  path: Assets/Blockout/Prefabs/Blocks Basic/Blocks Caps/Block_Corner_T4_1x1x007.prefab
  artifactKey: Guid(47c82bef386e8ca4e8f3ccdcbad84436) Importer(815301076,1909f56bfc062723c751e8b465ee728b)
Start importing Assets/Blockout/Prefabs/Blocks Basic/Blocks Caps/Block_Corner_T4_1x1x007.prefab using Guid(47c82bef386e8ca4e8f3ccdcbad84436) Importer(815301076,1909f56bfc062723c751e8b465ee728b)  -> (artifact id: '9c590a8e1e8b8faefd34404bfafd30c9') in 0.010616 seconds 
========================================================================
Received Import Request.
  Time since last request: 0.000013 seconds.
  path: Assets/Blockout/Prefabs/Blocks Basic/Blocks Corner Inner/Block_Inner_Corner_T2_1x3x1.prefab
  artifactKey: Guid(a4a188a1b5db8a34bb9e10cd3d7008ef) Importer(815301076,1909f56bfc062723c751e8b465ee728b)
Start importing Assets/Blockout/Prefabs/Blocks Basic/Blocks Corner Inner/Block_Inner_Corner_T2_1x3x1.prefab using Guid(a4a188a1b5db8a34bb9e10cd3d7008ef) Importer(815301076,1909f56bfc062723c751e8b465ee728b)  -> (artifact id: '5a42f7030f36c29d53cc13978a43ae3d') in 0.010722 seconds 
========================================================================
Received Import Request.
  Time since last request: 0.000014 seconds.
  path: Assets/Blockout/Prefabs/Blocks Basic/Block_Corner_T4_1x025x1.prefab
  artifactKey: Guid(ed0f01540132f224aa8f43972c42ce3a) Importer(815301076,1909f56bfc062723c751e8b465ee728b)
Start importing Assets/Blockout/Prefabs/Blocks Basic/Block_Corner_T4_1x025x1.prefab using Guid(ed0f01540132f224aa8f43972c42ce3a) Importer(815301076,1909f56bfc062723c751e8b465ee728b)  -> (artifact id: 'd0614b6c3071735cada429d058e3bf18') in 0.010643 seconds 
========================================================================
Received Import Request.
  Time since last request: 0.000015 seconds.
  path: Assets/Blockout/Prefabs/Blocks Basic/Blocks Corner Inner/Block_Inner_Corner_T1_1x3x1.prefab
  artifactKey: Guid(e3ae66229cc37be468b4a1d6dd68a4e6) Importer(815301076,1909f56bfc062723c751e8b465ee728b)
Start importing Assets/Blockout/Prefabs/Blocks Basic/Blocks Corner Inner/Block_Inner_Corner_T1_1x3x1.prefab using Guid(e3ae66229cc37be468b4a1d6dd68a4e6) Importer(815301076,1909f56bfc062723c751e8b465ee728b)  -> (artifact id: '1d9161de3bd40846e7a8abb085cd4810') in 0.010682 seconds 
========================================================================
Received Import Request.
  Time since last request: 0.000014 seconds.
  path: Assets/Blockout/Prefabs/Blocks Basic/Blocks Corners/Block_Corner_T4_1x3x1.prefab
  artifactKey: Guid(d064abccde4023649a00d6127bf1dc0b) Importer(815301076,1909f56bfc062723c751e8b465ee728b)
Start importing Assets/Blockout/Prefabs/Blocks Basic/Blocks Corners/Block_Corner_T4_1x3x1.prefab using Guid(d064abccde4023649a00d6127bf1dc0b) Importer(815301076,1909f56bfc062723c751e8b465ee728b)  -> (artifact id: '70f851e2c02ae2b67dedd6e506b64523') in 0.010169 seconds 
========================================================================
Received Import Request.
  Time since last request: 0.000025 seconds.
  path: Assets/Blockout/Prefabs/Blocks Basic/Blocks Corner Inner/Block_Inner_Corner_T1_1x2x1.prefab
  artifactKey: Guid(871b85ac1c778c14d8ca9370d3e37ac8) Importer(815301076,1909f56bfc062723c751e8b465ee728b)
Start importing Assets/Blockout/Prefabs/Blocks Basic/Blocks Corner Inner/Block_Inner_Corner_T1_1x2x1.prefab using Guid(871b85ac1c778c14d8ca9370d3e37ac8) Importer(815301076,1909f56bfc062723c751e8b465ee728b)  -> (artifact id: 'f0edd1aedae3e7796cdb436aac433410') in 0.010114 seconds 
========================================================================
Received Import Request.
  Time since last request: 0.869996 seconds.
  path: Assets/Blockout/Prefabs/Blocks Basic/Blocks Pillars/Block_Pillar_T1_1x2x1.prefab
  artifactKey: Guid(cb3414d922a27e14892bbda22580af57) Importer(815301076,1909f56bfc062723c751e8b465ee728b)
Start importing Assets/Blockout/Prefabs/Blocks Basic/Blocks Pillars/Block_Pillar_T1_1x2x1.prefab using Guid(cb3414d922a27e14892bbda22580af57) Importer(815301076,1909f56bfc062723c751e8b465ee728b)  -> (artifact id: '4d316be1aa545f22e10c60cd6c023f43') in 0.011312 seconds 
========================================================================
Received Import Request.
  Time since last request: 0.000014 seconds.
  path: Assets/Blockout/Prefabs/Blocks Basic/Block_Slope_1x3x1.prefab
  artifactKey: Guid(4d8bfafbab843a5458381695290a40bc) Importer(815301076,1909f56bfc062723c751e8b465ee728b)
Start importing Assets/Blockout/Prefabs/Blocks Basic/Block_Slope_1x3x1.prefab using Guid(4d8bfafbab843a5458381695290a40bc) Importer(815301076,1909f56bfc062723c751e8b465ee728b)  -> (artifact id: '62943beade3b9e490c7a347ac9ad9008') in 0.011095 seconds 
========================================================================
Received Import Request.
  Time since last request: 0.000014 seconds.
  path: Assets/Blockout/Prefabs/Blocks Basic/Blocks Pillars/Block_Pillar_T1_1x4x1.prefab
  artifactKey: Guid(323cfbaf31e67e9468fb8f92101c4911) Importer(815301076,1909f56bfc062723c751e8b465ee728b)
Start importing Assets/Blockout/Prefabs/Blocks Basic/Blocks Pillars/Block_Pillar_T1_1x4x1.prefab using Guid(323cfbaf31e67e9468fb8f92101c4911) Importer(815301076,1909f56bfc062723c751e8b465ee728b)  -> (artifact id: '1df2b12a06a011f98ee7b75c70446b47') in 0.011097 seconds 
========================================================================
Received Import Request.
  Time since last request: 0.000021 seconds.
  path: Assets/Blockout/Prefabs/Blocks Basic/Block_Slope_5x5x5.prefab
  artifactKey: Guid(18ef83fe26a8e5a4fbb3de4c55cbb16e) Importer(815301076,1909f56bfc062723c751e8b465ee728b)
Start importing Assets/Blockout/Prefabs/Blocks Basic/Block_Slope_5x5x5.prefab using Guid(18ef83fe26a8e5a4fbb3de4c55cbb16e) Importer(815301076,1909f56bfc062723c751e8b465ee728b)  -> (artifact id: '2b70154e707459f89353bfc8e1c1bf00') in 0.010234 seconds 
========================================================================
Received Import Request.
  Time since last request: 0.000015 seconds.
  path: Assets/Blockout/Prefabs/Blocks Basic/Block_Slope_Corner_1x1x5.prefab
  artifactKey: Guid(47fb433a9a38053458841df7545eeb90) Importer(815301076,1909f56bfc062723c751e8b465ee728b)
Start importing Assets/Blockout/Prefabs/Blocks Basic/Block_Slope_Corner_1x1x5.prefab using Guid(47fb433a9a38053458841df7545eeb90) Importer(815301076,1909f56bfc062723c751e8b465ee728b)  -> (artifact id: '46c7375bec2f0044f724ca27090f08ba') in 0.010611 seconds 
========================================================================
Received Import Request.
  Time since last request: 0.000015 seconds.
  path: Assets/Blockout/Prefabs/Blocks Basic/Blocks Pillars/Block_Pillar_T3_1x5x1.prefab
  artifactKey: Guid(d7e938173698d924aa7ffccddcd87fa0) Importer(815301076,1909f56bfc062723c751e8b465ee728b)
Start importing Assets/Blockout/Prefabs/Blocks Basic/Blocks Pillars/Block_Pillar_T3_1x5x1.prefab using Guid(d7e938173698d924aa7ffccddcd87fa0) Importer(815301076,1909f56bfc062723c751e8b465ee728b)  -> (artifact id: '941316c0ed30612cbfad13bac0d6d7d1') in 0.010892 seconds 
========================================================================
Received Import Request.
  Time since last request: 0.000016 seconds.
  path: Assets/Blockout/Prefabs/Blocks Basic/Blocks Pillars/Block_Pillar_T3_1x1x1.prefab
  artifactKey: Guid(c37d1dfa46166b84db2e817486ea79e8) Importer(815301076,1909f56bfc062723c751e8b465ee728b)
Start importing Assets/Blockout/Prefabs/Blocks Basic/Blocks Pillars/Block_Pillar_T3_1x1x1.prefab using Guid(c37d1dfa46166b84db2e817486ea79e8) Importer(815301076,1909f56bfc062723c751e8b465ee728b)  -> (artifact id: '1afccaae2c3c2078cbd6844a97ee119f') in 0.010654 seconds 
========================================================================
Received Import Request.
  Time since last request: 0.000017 seconds.
  path: Assets/Blockout/Prefabs/Blocks Basic/Block_Slope_1x2x1.prefab
  artifactKey: Guid(b2c6f86263055054782ce8f53e2ac5d0) Importer(815301076,1909f56bfc062723c751e8b465ee728b)
Start importing Assets/Blockout/Prefabs/Blocks Basic/Block_Slope_1x2x1.prefab using Guid(b2c6f86263055054782ce8f53e2ac5d0) Importer(815301076,1909f56bfc062723c751e8b465ee728b)  -> (artifact id: '567c70f344dd9b70938dcbe6779d6c6d') in 0.010665 seconds 
========================================================================
Received Import Request.
  Time since last request: 0.000017 seconds.
  path: Assets/Blockout/Prefabs/Blocks Basic/Block_Slope_Corner_3x3x3.prefab
  artifactKey: Guid(3f64d5d9705f6e742bd98e5c1386f056) Importer(815301076,1909f56bfc062723c751e8b465ee728b)
Start importing Assets/Blockout/Prefabs/Blocks Basic/Block_Slope_Corner_3x3x3.prefab using Guid(3f64d5d9705f6e742bd98e5c1386f056) Importer(815301076,1909f56bfc062723c751e8b465ee728b)  -> (artifact id: '8bfa90400afffdf2a0aa706cf5ca1f03') in 0.010815 seconds 
========================================================================
Received Import Request.
  Time since last request: 0.000026 seconds.
  path: Assets/Blockout/Prefabs/Blocks Basic/Blocks Pillars/Block_Pillar_T1_1x5x1.prefab
  artifactKey: Guid(4d61590ba528d3d4fa9e58e7df3ca835) Importer(815301076,1909f56bfc062723c751e8b465ee728b)
Start importing Assets/Blockout/Prefabs/Blocks Basic/Blocks Pillars/Block_Pillar_T1_1x5x1.prefab using Guid(4d61590ba528d3d4fa9e58e7df3ca835) Importer(815301076,1909f56bfc062723c751e8b465ee728b)  -> (artifact id: 'decb6ced2bdbd48a12f8f1d433b11476') in 0.010625 seconds 
========================================================================
Received Import Request.
  Time since last request: 0.000015 seconds.
  path: Assets/Blockout/Prefabs/Blocks Basic/Block_Slope_Corner_1x1x3.prefab
  artifactKey: Guid(ecea3e595f618c74991572c59c5e89e2) Importer(815301076,1909f56bfc062723c751e8b465ee728b)
Start importing Assets/Blockout/Prefabs/Blocks Basic/Block_Slope_Corner_1x1x3.prefab using Guid(ecea3e595f618c74991572c59c5e89e2) Importer(815301076,1909f56bfc062723c751e8b465ee728b)  -> (artifact id: '47d2dddd20376b63374eb2179f10827a') in 0.011027 seconds 
========================================================================
Received Import Request.
  Time since last request: 0.000018 seconds.
  path: Assets/Blockout/Prefabs/Blocks Basic/Block_Slope_3x3x3.prefab
  artifactKey: Guid(ba69cccd3e916c34595c1f3b299000a7) Importer(815301076,1909f56bfc062723c751e8b465ee728b)
Start importing Assets/Blockout/Prefabs/Blocks Basic/Block_Slope_3x3x3.prefab using Guid(ba69cccd3e916c34595c1f3b299000a7) Importer(815301076,1909f56bfc062723c751e8b465ee728b)  -> (artifact id: '4919e9b6fe17ee697ef9a24f49837ec4') in 0.010551 seconds 
========================================================================
Received Import Request.
  Time since last request: 0.000022 seconds.
  path: Assets/Blockout/Prefabs/Blocks Basic/Block_Slope_2x2x2.prefab
  artifactKey: Guid(1afa57ab193a4874cb6b959e99937301) Importer(815301076,1909f56bfc062723c751e8b465ee728b)
Start importing Assets/Blockout/Prefabs/Blocks Basic/Block_Slope_2x2x2.prefab using Guid(1afa57ab193a4874cb6b959e99937301) Importer(815301076,1909f56bfc062723c751e8b465ee728b)  -> (artifact id: '19c2b8d72551aa054af75acc4ec93375') in 0.010366 seconds 
========================================================================
Received Import Request.
  Time since last request: 0.000014 seconds.
  path: Assets/Blockout/Prefabs/Blocks Basic/Blocks Pillars/Block_Pillar_T3_1x4x1.prefab
  artifactKey: Guid(70c2203d56b929545b8c7d38df03cdc5) Importer(815301076,1909f56bfc062723c751e8b465ee728b)
Start importing Assets/Blockout/Prefabs/Blocks Basic/Blocks Pillars/Block_Pillar_T3_1x4x1.prefab using Guid(70c2203d56b929545b8c7d38df03cdc5) Importer(815301076,1909f56bfc062723c751e8b465ee728b)  -> (artifact id: '21bc33badcd133ba90423c3ce3b45080') in 0.010537 seconds 
========================================================================
Received Import Request.
  Time since last request: 0.000014 seconds.
  path: Assets/Blockout/Prefabs/Blocks Basic/Blocks Pillars/Block_Pillar_T2_1x5x1.prefab
  artifactKey: Guid(b9318f0a8b8018f41b6207f013f04508) Importer(815301076,1909f56bfc062723c751e8b465ee728b)
Start importing Assets/Blockout/Prefabs/Blocks Basic/Blocks Pillars/Block_Pillar_T2_1x5x1.prefab using Guid(b9318f0a8b8018f41b6207f013f04508) Importer(815301076,1909f56bfc062723c751e8b465ee728b)  -> (artifact id: '81bac9cbb8bf3fb95fa56643721a8b18') in 0.010185 seconds 
========================================================================
Received Import Request.
  Time since last request: 0.000021 seconds.
  path: Assets/Blockout/Prefabs/Blocks Basic/Blocks Pillars/Block_Pillar_T2_1x4x1.prefab
  artifactKey: Guid(bad6e277bf86c7847be85b98451e9769) Importer(815301076,1909f56bfc062723c751e8b465ee728b)
Start importing Assets/Blockout/Prefabs/Blocks Basic/Blocks Pillars/Block_Pillar_T2_1x4x1.prefab using Guid(bad6e277bf86c7847be85b98451e9769) Importer(815301076,1909f56bfc062723c751e8b465ee728b)  -> (artifact id: '496261b737a0f2e2929d6b2ac5a4ebbf') in 0.009730 seconds 
========================================================================
Received Import Request.
  Time since last request: 0.000021 seconds.
  path: Assets/Blockout/Prefabs/Blocks Basic/Block_Slope_Corner_5x5x5.prefab
  artifactKey: Guid(e27cb7d1ff7d0a744a386dbe187672c1) Importer(815301076,1909f56bfc062723c751e8b465ee728b)
Start importing Assets/Blockout/Prefabs/Blocks Basic/Block_Slope_Corner_5x5x5.prefab using Guid(e27cb7d1ff7d0a744a386dbe187672c1) Importer(815301076,1909f56bfc062723c751e8b465ee728b)  -> (artifact id: '29f71291dc2c534fbdc6b3886ec44e30') in 0.010819 seconds 
========================================================================
Received Import Request.
  Time since last request: 0.000020 seconds.
  path: Assets/Blockout/Prefabs/Blocks Basic/Block_Slope_Corner_1x1x2.prefab
  artifactKey: Guid(a95010f1ef42bfe4c90bd1ab98f8ed51) Importer(815301076,1909f56bfc062723c751e8b465ee728b)
Start importing Assets/Blockout/Prefabs/Blocks Basic/Block_Slope_Corner_1x1x2.prefab using Guid(a95010f1ef42bfe4c90bd1ab98f8ed51) Importer(815301076,1909f56bfc062723c751e8b465ee728b)  -> (artifact id: 'dcfc92929ac729312152dc38a60685b5') in 0.009971 seconds 
========================================================================
Received Import Request.
  Time since last request: 0.345046 seconds.
  path: Assets/Blockout/Prefabs/Blocks Basic/Blocks Alt/Block_Wall_Angle_05x1x1.prefab
  artifactKey: Guid(3937eddd93c8f5e419cc156f2c42ea20) Importer(815301076,1909f56bfc062723c751e8b465ee728b)
Start importing Assets/Blockout/Prefabs/Blocks Basic/Blocks Alt/Block_Wall_Angle_05x1x1.prefab using Guid(3937eddd93c8f5e419cc156f2c42ea20) Importer(815301076,1909f56bfc062723c751e8b465ee728b)  -> (artifact id: '81280b58710f304a74ab4a7bcc7ee5a7') in 0.011168 seconds 
========================================================================
Received Import Request.
  Time since last request: 0.000016 seconds.
  path: Assets/Blockout/Prefabs/Blocks Basic/Blocks Alt/Block_Wall_Angle_05x1x3.prefab
  artifactKey: Guid(5ba9686bafa913c4d9aeb985a0ef6535) Importer(815301076,1909f56bfc062723c751e8b465ee728b)
Start importing Assets/Blockout/Prefabs/Blocks Basic/Blocks Alt/Block_Wall_Angle_05x1x3.prefab using Guid(5ba9686bafa913c4d9aeb985a0ef6535) Importer(815301076,1909f56bfc062723c751e8b465ee728b)  -> (artifact id: 'ce8da61cab7db4b4b0d2917f24807e30') in 0.009322 seconds 
========================================================================
Received Import Request.
  Time since last request: 0.013005 seconds.
  path: Assets/Blockout/Prefabs/Blocks Basic/Blocks Alt/Block_Wall_Angle_05x1x4.prefab
  artifactKey: Guid(8726ade19ce125342a1bb9c939f3badc) Importer(815301076,1909f56bfc062723c751e8b465ee728b)
Start importing Assets/Blockout/Prefabs/Blocks Basic/Blocks Alt/Block_Wall_Angle_05x1x4.prefab using Guid(8726ade19ce125342a1bb9c939f3badc) Importer(815301076,1909f56bfc062723c751e8b465ee728b)  -> (artifact id: 'f5e97080032496fd6c1157af1c282705') in 0.010818 seconds 
========================================================================
Received Import Request.
  Time since last request: 0.000018 seconds.
  path: Assets/Blockout/Prefabs/Blocks Basic/Blocks Caps/Block_Wall_Pillar_Cap_T1_1x05x1.prefab
  artifactKey: Guid(eadc1f181a0ea7f4dbad918d2c86cfcc) Importer(815301076,1909f56bfc062723c751e8b465ee728b)
Start importing Assets/Blockout/Prefabs/Blocks Basic/Blocks Caps/Block_Wall_Pillar_Cap_T1_1x05x1.prefab using Guid(eadc1f181a0ea7f4dbad918d2c86cfcc) Importer(815301076,1909f56bfc062723c751e8b465ee728b)  -> (artifact id: 'fae34e504e5d17dc5bec9c565e0eaf0e') in 0.010469 seconds 
========================================================================
Received Import Request.
  Time since last request: 0.000015 seconds.
  path: Assets/Blockout/Prefabs/Blocks Basic/Blocks Caps/Block_Wall_Pillar_Cap4_T4_1x1x1.prefab
  artifactKey: Guid(2ad6c148ce29d1b47895c947975809ee) Importer(815301076,1909f56bfc062723c751e8b465ee728b)
Start importing Assets/Blockout/Prefabs/Blocks Basic/Blocks Caps/Block_Wall_Pillar_Cap4_T4_1x1x1.prefab using Guid(2ad6c148ce29d1b47895c947975809ee) Importer(815301076,1909f56bfc062723c751e8b465ee728b)  -> (artifact id: '8353cbc6d672f3e028d1a393a0d77d35') in 0.009823 seconds 
========================================================================
Received Import Request.
  Time since last request: 0.000014 seconds.
  path: Assets/Blockout/Prefabs/Blocks Basic/Blocks Alt/Block_Wall_Inner_Circle_Large_05x3x3.prefab
  artifactKey: Guid(d9f164a15218d6d4584c1dba7c4e2df0) Importer(815301076,1909f56bfc062723c751e8b465ee728b)
Start importing Assets/Blockout/Prefabs/Blocks Basic/Blocks Alt/Block_Wall_Inner_Circle_Large_05x3x3.prefab using Guid(d9f164a15218d6d4584c1dba7c4e2df0) Importer(815301076,1909f56bfc062723c751e8b465ee728b)  -> (artifact id: 'd40bdc166123881b054613d813a4674c') in 0.010419 seconds 
========================================================================
Received Import Request.
  Time since last request: 0.000015 seconds.
  path: Assets/Blockout/Prefabs/Blocks Basic/Blocks Caps/Block_Wall_Pillar_Cap_T2_1x05x1.prefab
  artifactKey: Guid(8d1ffe2fd4a777142bf7e4f21565703d) Importer(815301076,1909f56bfc062723c751e8b465ee728b)
Start importing Assets/Blockout/Prefabs/Blocks Basic/Blocks Caps/Block_Wall_Pillar_Cap_T2_1x05x1.prefab using Guid(8d1ffe2fd4a777142bf7e4f21565703d) Importer(815301076,1909f56bfc062723c751e8b465ee728b)  -> (artifact id: '0cacefe0190f2f450389dd726105cf75') in 0.011477 seconds 
========================================================================
Received Import Request.
  Time since last request: 0.000024 seconds.
  path: Assets/Blockout/Prefabs/Blocks Basic/Blocks Pillars/Block_Wall_Pillar_T2_1x1x1.prefab
  artifactKey: Guid(c0035b1b9158ea149804a7d9d7ecd689) Importer(815301076,1909f56bfc062723c751e8b465ee728b)
Start importing Assets/Blockout/Prefabs/Blocks Basic/Blocks Pillars/Block_Wall_Pillar_T2_1x1x1.prefab using Guid(c0035b1b9158ea149804a7d9d7ecd689) Importer(815301076,1909f56bfc062723c751e8b465ee728b)  -> (artifact id: '4056f1b2d9dbc88bab85576065b616c7') in 0.010068 seconds 
========================================================================
Received Import Request.
  Time since last request: 0.000023 seconds.
  path: Assets/Blockout/Prefabs/Blocks Basic/Blocks Pillars/Block_Wall_Pillar_T1_1x4x1.prefab
  artifactKey: Guid(a48d39ce72abf514aacfeb93af3918d5) Importer(815301076,1909f56bfc062723c751e8b465ee728b)
Start importing Assets/Blockout/Prefabs/Blocks Basic/Blocks Pillars/Block_Wall_Pillar_T1_1x4x1.prefab using Guid(a48d39ce72abf514aacfeb93af3918d5) Importer(815301076,1909f56bfc062723c751e8b465ee728b)  -> (artifact id: '4014577b4898c02ccb295d60649be366') in 0.010060 seconds 
========================================================================
Received Import Request.
  Time since last request: 0.000016 seconds.
  path: Assets/Blockout/Prefabs/Blocks Basic/Blocks Pillars/Block_Wall_Pillar_T3_1x1x1.prefab
  artifactKey: Guid(60683b7f320385f4c878f2db038d2fe3) Importer(815301076,1909f56bfc062723c751e8b465ee728b)
Start importing Assets/Blockout/Prefabs/Blocks Basic/Blocks Pillars/Block_Wall_Pillar_T3_1x1x1.prefab using Guid(60683b7f320385f4c878f2db038d2fe3) Importer(815301076,1909f56bfc062723c751e8b465ee728b)  -> (artifact id: '1e3ac15105e6126852b8dbc0d7dccb93') in 0.010433 seconds 
========================================================================
Received Import Request.
  Time since last request: 0.000016 seconds.
  path: Assets/Blockout/Prefabs/Blocks Basic/Blocks Pillars/Block_Wall_Pillar_T3_1x5x1.prefab
  artifactKey: Guid(e0e03866837b007458271a9373e8b41c) Importer(815301076,1909f56bfc062723c751e8b465ee728b)
Start importing Assets/Blockout/Prefabs/Blocks Basic/Blocks Pillars/Block_Wall_Pillar_T3_1x5x1.prefab using Guid(e0e03866837b007458271a9373e8b41c) Importer(815301076,1909f56bfc062723c751e8b465ee728b)  -> (artifact id: '86bc7b63a97508f325d93466383ef293') in 0.011151 seconds 
========================================================================
Received Import Request.
  Time since last request: 0.000014 seconds.
  path: Assets/Blockout/Prefabs/Blocks Basic/Blocks Pillars/Block_Wall_Pillar_T3_1x3x1.prefab
  artifactKey: Guid(7d6c3a63dd67ccd428f94cabc77da3cb) Importer(815301076,1909f56bfc062723c751e8b465ee728b)
Start importing Assets/Blockout/Prefabs/Blocks Basic/Blocks Pillars/Block_Wall_Pillar_T3_1x3x1.prefab using Guid(7d6c3a63dd67ccd428f94cabc77da3cb) Importer(815301076,1909f56bfc062723c751e8b465ee728b)  -> (artifact id: '397810ee655f987ab8026223dd46e8c9') in 0.010519 seconds 
========================================================================
Received Import Request.
  Time since last request: 0.000013 seconds.
  path: Assets/Blockout/Prefabs/Blocks Basic/Blocks Caps/Block_Wall_Pillar_Cap_T2_1x1x1.prefab
  artifactKey: Guid(2dc24f2735460724c82b54d4c91f609f) Importer(815301076,1909f56bfc062723c751e8b465ee728b)
Start importing Assets/Blockout/Prefabs/Blocks Basic/Blocks Caps/Block_Wall_Pillar_Cap_T2_1x1x1.prefab using Guid(2dc24f2735460724c82b54d4c91f609f) Importer(815301076,1909f56bfc062723c751e8b465ee728b)  -> (artifact id: '141774c75076786c5f8e9964cecb198e') in 0.010031 seconds 
========================================================================
Received Import Request.
  Time since last request: 0.000020 seconds.
  path: Assets/Blockout/Prefabs/Blocks Basic/Blocks Caps/Block_Wall_Pillar_T1_1x1x1.prefab
  artifactKey: Guid(6b09ca8392d3784448a45df6c604047e) Importer(815301076,1909f56bfc062723c751e8b465ee728b)
Start importing Assets/Blockout/Prefabs/Blocks Basic/Blocks Caps/Block_Wall_Pillar_T1_1x1x1.prefab using Guid(6b09ca8392d3784448a45df6c604047e) Importer(815301076,1909f56bfc062723c751e8b465ee728b)  -> (artifact id: 'f3ec8be7d7906d769d52d2c7a76eecdb') in 0.009839 seconds 
========================================================================
Received Import Request.
  Time since last request: 0.000015 seconds.
  path: Assets/Blockout/Prefabs/Blocks Basic/Blocks Pillars/Block_Wall_Pillar_T1_1x1x1.prefab
  artifactKey: Guid(90b3e19ee56454d42b066b53d7000649) Importer(815301076,1909f56bfc062723c751e8b465ee728b)
Start importing Assets/Blockout/Prefabs/Blocks Basic/Blocks Pillars/Block_Wall_Pillar_T1_1x1x1.prefab using Guid(90b3e19ee56454d42b066b53d7000649) Importer(815301076,1909f56bfc062723c751e8b465ee728b)  -> (artifact id: 'fda8c97a5658be86a02fde47b0193e5c') in 0.010880 seconds 
========================================================================
Received Import Request.
  Time since last request: 0.000015 seconds.
  path: Assets/Blockout/Prefabs/Blocks Basic/Blocks Caps/Block_Wall_Pillar_Cap_T3_1x1x1.prefab
  artifactKey: Guid(f1a05e6393574eb438efc18905643b54) Importer(815301076,1909f56bfc062723c751e8b465ee728b)
Start importing Assets/Blockout/Prefabs/Blocks Basic/Blocks Caps/Block_Wall_Pillar_Cap_T3_1x1x1.prefab using Guid(f1a05e6393574eb438efc18905643b54) Importer(815301076,1909f56bfc062723c751e8b465ee728b)  -> (artifact id: '65a13527521111e22040999f5b0e558a') in 0.010990 seconds 
========================================================================
Received Import Request.
  Time since last request: 0.000014 seconds.
  path: Assets/Blockout/Prefabs/Blocks Basic/Blocks Caps/Block_Wall_Pillar_Cap_T4_1x1x1.prefab
  artifactKey: Guid(dcead1b93e1ca06429b0fea5b024050f) Importer(815301076,1909f56bfc062723c751e8b465ee728b)
Start importing Assets/Blockout/Prefabs/Blocks Basic/Blocks Caps/Block_Wall_Pillar_Cap_T4_1x1x1.prefab using Guid(dcead1b93e1ca06429b0fea5b024050f) Importer(815301076,1909f56bfc062723c751e8b465ee728b)  -> (artifact id: 'a9c7a5d58c829fbb341b5ffa2e1914fb') in 0.010479 seconds 
========================================================================
Received Import Request.
  Time since last request: 0.000019 seconds.
  path: Assets/Blockout/Prefabs/Blocks Basic/Blocks Caps/Block_Wall_Pillar_Cap2_T2_1x1x1.prefab
  artifactKey: Guid(6198a6a273cb1e047b87226b17892849) Importer(815301076,1909f56bfc062723c751e8b465ee728b)
Start importing Assets/Blockout/Prefabs/Blocks Basic/Blocks Caps/Block_Wall_Pillar_Cap2_T2_1x1x1.prefab using Guid(6198a6a273cb1e047b87226b17892849) Importer(815301076,1909f56bfc062723c751e8b465ee728b)  -> (artifact id: 'd3bef27e12d678d2e8144b6aa1610396') in 0.009609 seconds 
========================================================================
Received Import Request.
  Time since last request: 0.000017 seconds.
  path: Assets/Blockout/Prefabs/Blocks Basic/Blocks Caps/Block_Wall_Pillar_End_T4_1x1x1.prefab
  artifactKey: Guid(1ffc616a683c96d4e8584b1ce25442f2) Importer(815301076,1909f56bfc062723c751e8b465ee728b)
Start importing Assets/Blockout/Prefabs/Blocks Basic/Blocks Caps/Block_Wall_Pillar_End_T4_1x1x1.prefab using Guid(1ffc616a683c96d4e8584b1ce25442f2) Importer(815301076,1909f56bfc062723c751e8b465ee728b)  -> (artifact id: '5c8039e2c87b539cfe45ff34910e5531') in 0.013476 seconds 
========================================================================
Received Import Request.
  Time since last request: 0.000014 seconds.
  path: Assets/Blockout/Prefabs/Blocks Basic/Block_Wall_Pillar_T2_1x025x1.prefab
  artifactKey: Guid(dc040fba569fb2a46af2e97a0499cabb) Importer(815301076,1909f56bfc062723c751e8b465ee728b)
Start importing Assets/Blockout/Prefabs/Blocks Basic/Block_Wall_Pillar_T2_1x025x1.prefab using Guid(dc040fba569fb2a46af2e97a0499cabb) Importer(815301076,1909f56bfc062723c751e8b465ee728b)  -> (artifact id: 'e1ea8ef863f9a1f248f4bdd15f93922b') in 0.011406 seconds 
========================================================================
Received Import Request.
  Time since last request: 0.000016 seconds.
  path: Assets/Blockout/Prefabs/Blocks Basic/Blocks Caps/Block_Wall_Pillar_Cap_T1_1x1x1.prefab
  artifactKey: Guid(152990e7d26602442b6562763ea9a767) Importer(815301076,1909f56bfc062723c751e8b465ee728b)
Start importing Assets/Blockout/Prefabs/Blocks Basic/Blocks Caps/Block_Wall_Pillar_Cap_T1_1x1x1.prefab using Guid(152990e7d26602442b6562763ea9a767) Importer(815301076,1909f56bfc062723c751e8b465ee728b)  -> (artifact id: 'e969940582ad0325770743315d89fd6e') in 0.010744 seconds 
========================================================================
Received Import Request.
  Time since last request: 0.000018 seconds.
  path: Assets/Blockout/Prefabs/Blocks Basic/Blocks Pillars/Block_Wall_Pillar_T1_1x2x1.prefab
  artifactKey: Guid(38c48fe6fb2b80940b211ef4e4e5cbe2) Importer(815301076,1909f56bfc062723c751e8b465ee728b)
Start importing Assets/Blockout/Prefabs/Blocks Basic/Blocks Pillars/Block_Wall_Pillar_T1_1x2x1.prefab using Guid(38c48fe6fb2b80940b211ef4e4e5cbe2) Importer(815301076,1909f56bfc062723c751e8b465ee728b)  -> (artifact id: 'f4439f8e3fe7fb86c853897b97c1e5c9') in 0.011728 seconds 
========================================================================
Received Import Request.
  Time since last request: 0.000019 seconds.
  path: Assets/Blockout/Prefabs/Blocks Basic/Blocks Alt/Block_Wall_Angle_05x2x3.prefab
  artifactKey: Guid(dad02f4ceaedbf7479c94a08cc94a83b) Importer(815301076,1909f56bfc062723c751e8b465ee728b)
Start importing Assets/Blockout/Prefabs/Blocks Basic/Blocks Alt/Block_Wall_Angle_05x2x3.prefab using Guid(dad02f4ceaedbf7479c94a08cc94a83b) Importer(815301076,1909f56bfc062723c751e8b465ee728b)  -> (artifact id: '3874fe4c3f7a31843683eae5b0b08256') in 0.010244 seconds 
========================================================================
Received Import Request.
  Time since last request: 0.000016 seconds.
  path: Assets/Blockout/Prefabs/Blocks Basic/Blocks Alt/Block_Wall_Inner_Circle_05x2x2.prefab
  artifactKey: Guid(9a56348038a232242afe080f8f8f7d96) Importer(815301076,1909f56bfc062723c751e8b465ee728b)
Start importing Assets/Blockout/Prefabs/Blocks Basic/Blocks Alt/Block_Wall_Inner_Circle_05x2x2.prefab using Guid(9a56348038a232242afe080f8f8f7d96) Importer(815301076,1909f56bfc062723c751e8b465ee728b)  -> (artifact id: '1e6edd40cef1235f91af7bbc2c93b539') in 0.010970 seconds 
========================================================================
Received Prepare
Registering precompiled user dll's ...
Registered in 0.005569 seconds.
Begin MonoManager ReloadAssembly
Symbol file LoadedFromMemory doesn't match image D:\Informatik\Unity Projekte\SpielStop\SpielstoppBuild\Library\PackageCache\com.unity.visualscripting@1.7.8\Editor\VisualScripting.Core\Dependencies\YamlDotNet\Unity.VisualScripting.YamlDotNet.dll
Symbol file LoadedFromMemory doesn't match image D:\Informatik\Unity Projekte\SpielStop\SpielstoppBuild\Library\PackageCache\com.unity.visualscripting@1.7.8\Editor\VisualScripting.Core\Dependencies\DotNetZip\Unity.VisualScripting.IonicZip.dll
Native extension for WindowsStandalone target not found
Refreshing native plugins compatible for Editor in 0.91 ms, found 3 plugins.
Preloading 0 native plugins for Editor in 0.00 ms.
Mono: successfully reloaded assembly
- Completed reload, in  0.720 seconds
Domain Reload Profiling:
	ReloadAssembly (720ms)
		BeginReloadAssembly (109ms)
			ExecutionOrderSort (0ms)
			DisableScriptedObjects (4ms)
			BackupInstance (0ms)
			ReleaseScriptingObjects (0ms)
			CreateAndSetChildDomain (37ms)
		EndReloadAssembly (544ms)
			LoadAssemblies (59ms)
			RebuildTransferFunctionScriptingTraits (0ms)
			SetupTypeCache (188ms)
			ReleaseScriptCaches (1ms)
			RebuildScriptCaches (29ms)
			SetupLoadedEditorAssemblies (241ms)
				LogAssemblyErrors (0ms)
				InitializePlatformSupportModulesInManaged (9ms)
				SetLoadedEditorAssemblies (0ms)
				RefreshPlugins (1ms)
				BeforeProcessingInitializeOnLoad (51ms)
				ProcessInitializeOnLoadAttributes (160ms)
				ProcessInitializeOnLoadMethodAttributes (18ms)
				AfterProcessingInitializeOnLoad (2ms)
				EditorAssembliesLoaded (0ms)
			ExecutionOrderSort2 (0ms)
			AwakeInstancesAfterBackupRestoration (4ms)
Platform modules already initialized, skipping
Refreshing native plugins compatible for Editor in 1.02 ms, found 3 plugins.
Preloading 0 native plugins for Editor in 0.00 ms.
Unloading 3796 Unused Serialized files (Serialized files now loaded: 0)
Unloading 54 unused Assets / (3.2 MB). Loaded Objects now: 4414.
Memory consumption went from 164.8 MB to 161.6 MB.
Total: 3.418600 ms (FindLiveObjects: 0.275300 ms CreateObjectMapping: 0.086300 ms MarkObjects: 2.212900 ms  DeleteObjects: 0.842900 ms)

AssetImportParameters requested are different than current active one (requested -> active):
  custom:video-decoder-ogg-theora: a1e56fd34408186e4bbccfd4996cb3dc -> 
  custom:container-muxer-webm: aa71ff27fc2769a1b78a27578f13a17b -> 
  custom:container-demuxer-webm: 4f35f7cbe854078d1ac9338744f61a02 -> 
  custom:video-encoder-webm-vp8: eb34c28f22e8b96e1ab97ce403110664 -> 
  custom:audio-encoder-webm-vorbis: bf7c407c2cedff20999df2af8eb42d56 -> 
  custom:framework-win-MediaFoundation: 216162199b28c13a410421893ffa2e32 -> 
  custom:container-demuxer-ogg: 62fdf1f143b41e24485cea50d1cbac27 -> 
  custom:video-decoder-webm-vp8: 9c59270c3fd7afecdb556c50c9e8de78 -> 
  custom:audio-decoder-ogg-vorbis: bf7c407c2cedff20999df2af8eb42d56 -> 
========================================================================
Received Import Request.
  Time since last request: 433.320636 seconds.
  path: Assets/Blockout/Prefabs/Blocks Basic/Blocks Corners/Block_Corner_T5_1x5x1.prefab
  artifactKey: Guid(d6232cb396eb7f0448729c70815cb088) Importer(815301076,1909f56bfc062723c751e8b465ee728b)
Start importing Assets/Blockout/Prefabs/Blocks Basic/Blocks Corners/Block_Corner_T5_1x5x1.prefab using Guid(d6232cb396eb7f0448729c70815cb088) Importer(815301076,1909f56bfc062723c751e8b465ee728b)  -> (artifact id: 'ea98801c6c44a97051b8ddaa849091d0') in 0.054105 seconds 
========================================================================
Received Import Request.
  Time since last request: 0.000021 seconds.
  path: Assets/Blockout/Prefabs/Blocks Basic/Blocks Caps/Block_Wall_Pillar_Cap_T1_1x05x1.prefab
  artifactKey: Guid(eadc1f181a0ea7f4dbad918d2c86cfcc) Importer(815301076,1909f56bfc062723c751e8b465ee728b)
Start importing Assets/Blockout/Prefabs/Blocks Basic/Blocks Caps/Block_Wall_Pillar_Cap_T1_1x05x1.prefab using Guid(eadc1f181a0ea7f4dbad918d2c86cfcc) Importer(815301076,1909f56bfc062723c751e8b465ee728b)  -> (artifact id: '82751fcd54cb65950d20088600ed6297') in 0.009534 seconds 
========================================================================
Received Import Request.
  Time since last request: 0.000014 seconds.
  path: Assets/Blockout/Prefabs/Floor/Blocks Floor Slope/Block_Slope_T2_1x05x006.prefab
  artifactKey: Guid(e675e02104cc62f46befcecb59b3f3e5) Importer(815301076,1909f56bfc062723c751e8b465ee728b)
Start importing Assets/Blockout/Prefabs/Floor/Blocks Floor Slope/Block_Slope_T2_1x05x006.prefab using Guid(e675e02104cc62f46befcecb59b3f3e5) Importer(815301076,1909f56bfc062723c751e8b465ee728b)  -> (artifact id: '31a488d350b887aa535f3a6f67e5194d') in 0.010153 seconds 
========================================================================
Received Import Request.
  Time since last request: 0.000015 seconds.
  path: Assets/Blockout/Prefabs/Blocks Basic/Block_Pillar_T3_1x025x1.prefab
  artifactKey: Guid(0dd47183bd3d9af46a7dbfa8d09b96c5) Importer(815301076,1909f56bfc062723c751e8b465ee728b)
Start importing Assets/Blockout/Prefabs/Blocks Basic/Block_Pillar_T3_1x025x1.prefab using Guid(0dd47183bd3d9af46a7dbfa8d09b96c5) Importer(815301076,1909f56bfc062723c751e8b465ee728b)  -> (artifact id: '7989471489db2ecad203a5be14e04916') in 0.010285 seconds 
========================================================================
Received Import Request.
  Time since last request: 0.000017 seconds.
  path: Assets/Blockout/Prefabs/Blocks Basic/Blocks Corner Inner/Block_Inner_Corner_T1_1x5x1.prefab
  artifactKey: Guid(250fdf0e364d0b64384ca324bf94380e) Importer(815301076,1909f56bfc062723c751e8b465ee728b)
Start importing Assets/Blockout/Prefabs/Blocks Basic/Blocks Corner Inner/Block_Inner_Corner_T1_1x5x1.prefab using Guid(250fdf0e364d0b64384ca324bf94380e) Importer(815301076,1909f56bfc062723c751e8b465ee728b)  -> (artifact id: 'fa362a4aaaaf7185adf6d413cfe5c3f6') in 0.011113 seconds 
========================================================================
Received Import Request.
  Time since last request: 0.000015 seconds.
  path: Assets/Blockout/Prefabs/Blocks Basic/Blocks Corner Inner/Block_Inner_Corner_T2_1x4x1.prefab
  artifactKey: Guid(c41209a3ccd44ad45bf8aa5bdbafcc18) Importer(815301076,1909f56bfc062723c751e8b465ee728b)
Start importing Assets/Blockout/Prefabs/Blocks Basic/Blocks Corner Inner/Block_Inner_Corner_T2_1x4x1.prefab using Guid(c41209a3ccd44ad45bf8aa5bdbafcc18) Importer(815301076,1909f56bfc062723c751e8b465ee728b)  -> (artifact id: '9bfaf9472b042d0a7202e93c51b704fd') in 0.010680 seconds 
========================================================================
Received Import Request.
  Time since last request: 0.000024 seconds.
  path: Assets/Blockout/Prefabs/Blocks Basic/Blocks Pillars/Block_Wall_Pillar_T1_1x4x1.prefab
  artifactKey: Guid(a48d39ce72abf514aacfeb93af3918d5) Importer(815301076,1909f56bfc062723c751e8b465ee728b)
Start importing Assets/Blockout/Prefabs/Blocks Basic/Blocks Pillars/Block_Wall_Pillar_T1_1x4x1.prefab using Guid(a48d39ce72abf514aacfeb93af3918d5) Importer(815301076,1909f56bfc062723c751e8b465ee728b)  -> (artifact id: 'bdbd467f4d19833e10b1759164474e9c') in 0.010231 seconds 
========================================================================
Received Import Request.
  Time since last request: 0.000016 seconds.
  path: Assets/Blockout/Prefabs/Blocks Basic/Blocks Corner Inner/Block_Inner_Corner_T1_1x4x1.prefab
  artifactKey: Guid(017a2d69a9e0e4241ab3c305cc4a33b5) Importer(815301076,1909f56bfc062723c751e8b465ee728b)
Start importing Assets/Blockout/Prefabs/Blocks Basic/Blocks Corner Inner/Block_Inner_Corner_T1_1x4x1.prefab using Guid(017a2d69a9e0e4241ab3c305cc4a33b5) Importer(815301076,1909f56bfc062723c751e8b465ee728b)  -> (artifact id: '2e34377610cdd46e6375e307cf18112e') in 0.010592 seconds 
========================================================================
Received Import Request.
  Time since last request: 0.000016 seconds.
  path: Assets/Blockout/Prefabs/Blocks Basic/Blocks Caps/Block_Wall_Pillar_Cap_T3_1x05x1.prefab
  artifactKey: Guid(a63205f73843dff499dfda8c21312f76) Importer(815301076,1909f56bfc062723c751e8b465ee728b)
Start importing Assets/Blockout/Prefabs/Blocks Basic/Blocks Caps/Block_Wall_Pillar_Cap_T3_1x05x1.prefab using Guid(a63205f73843dff499dfda8c21312f76) Importer(815301076,1909f56bfc062723c751e8b465ee728b)  -> (artifact id: 'e2944ee355c97a40bfcb5e48a35f7ff2') in 0.009597 seconds 
========================================================================
Received Import Request.
  Time since last request: 0.000016 seconds.
  path: Assets/Blockout/Prefabs/Blocks Basic/Blocks Caps/Block_Wall_Pillar_Cap4_T4_1x1x1.prefab
  artifactKey: Guid(2ad6c148ce29d1b47895c947975809ee) Importer(815301076,1909f56bfc062723c751e8b465ee728b)
Start importing Assets/Blockout/Prefabs/Blocks Basic/Blocks Caps/Block_Wall_Pillar_Cap4_T4_1x1x1.prefab using Guid(2ad6c148ce29d1b47895c947975809ee) Importer(815301076,1909f56bfc062723c751e8b465ee728b)  -> (artifact id: 'fbd8e186eae0a6b023ae66267b3c06ec') in 0.010253 seconds 
========================================================================
Received Import Request.
  Time since last request: 0.000023 seconds.
  path: Assets/Blockout/Prefabs/Blocks Basic/Blocks Pillars/Block_Wall_Pillar_T2_1x3x1.prefab
  artifactKey: Guid(1f74723213e405f4aba2bc71bf34f463) Importer(815301076,1909f56bfc062723c751e8b465ee728b)
Start importing Assets/Blockout/Prefabs/Blocks Basic/Blocks Pillars/Block_Wall_Pillar_T2_1x3x1.prefab using Guid(1f74723213e405f4aba2bc71bf34f463) Importer(815301076,1909f56bfc062723c751e8b465ee728b)  -> (artifact id: '9e7b64ff5f81696c2296b4b1f24752ff') in 0.009797 seconds 
========================================================================
Received Import Request.
  Time since last request: 0.000029 seconds.
  path: Assets/Blockout/Prefabs/Blocks Basic/Blocks Pillars/Block_Wall_Pillar_T3_1x1x1.prefab
  artifactKey: Guid(60683b7f320385f4c878f2db038d2fe3) Importer(815301076,1909f56bfc062723c751e8b465ee728b)
Start importing Assets/Blockout/Prefabs/Blocks Basic/Blocks Pillars/Block_Wall_Pillar_T3_1x1x1.prefab using Guid(60683b7f320385f4c878f2db038d2fe3) Importer(815301076,1909f56bfc062723c751e8b465ee728b)  -> (artifact id: 'a768ffd651727cbe5431b9ee10d2f4cd') in 0.009725 seconds 
========================================================================
Received Import Request.
  Time since last request: 0.000018 seconds.
  path: Assets/Blockout/Prefabs/Blocks Basic/Block_Slope_1x1x1.prefab
  artifactKey: Guid(540391c6168df5b408eadb1aaa3fabef) Importer(815301076,1909f56bfc062723c751e8b465ee728b)
Start importing Assets/Blockout/Prefabs/Blocks Basic/Block_Slope_1x1x1.prefab using Guid(540391c6168df5b408eadb1aaa3fabef) Importer(815301076,1909f56bfc062723c751e8b465ee728b)  -> (artifact id: 'b3e832baaa01181f7932794cb902babf') in 0.009959 seconds 
========================================================================
Received Import Request.
  Time since last request: 0.000014 seconds.
  path: Assets/Blockout/Prefabs/Blocks Basic/Blocks Pillars/Block_Wall_Pillar_T3_1x2x1.prefab
  artifactKey: Guid(3f2e51a8f0c8d70409237874f5f1c7cd) Importer(815301076,1909f56bfc062723c751e8b465ee728b)
Start importing Assets/Blockout/Prefabs/Blocks Basic/Blocks Pillars/Block_Wall_Pillar_T3_1x2x1.prefab using Guid(3f2e51a8f0c8d70409237874f5f1c7cd) Importer(815301076,1909f56bfc062723c751e8b465ee728b)  -> (artifact id: '1fd73eb8b7914fcdcd96729967f8b4ec') in 0.012214 seconds 
========================================================================
Received Import Request.
  Time since last request: 0.000017 seconds.
  path: Assets/Blockout/Prefabs/Blocks Basic/Blocks Alt/Block_Wall_Inner_Circle_Large_05x3x3.prefab
  artifactKey: Guid(d9f164a15218d6d4584c1dba7c4e2df0) Importer(815301076,1909f56bfc062723c751e8b465ee728b)
Start importing Assets/Blockout/Prefabs/Blocks Basic/Blocks Alt/Block_Wall_Inner_Circle_Large_05x3x3.prefab using Guid(d9f164a15218d6d4584c1dba7c4e2df0) Importer(815301076,1909f56bfc062723c751e8b465ee728b)  -> (artifact id: '6111fc4cb021a61057a50e6017ed0175') in 0.009569 seconds 
========================================================================
Received Import Request.
  Time since last request: 0.000016 seconds.
  path: Assets/Blockout/Prefabs/Floor/Blocks Floor Slope/Block_Slope_T1_1x05x05.prefab
  artifactKey: Guid(076c6d61989962b4289cea749fa9aa0a) Importer(815301076,1909f56bfc062723c751e8b465ee728b)
Start importing Assets/Blockout/Prefabs/Floor/Blocks Floor Slope/Block_Slope_T1_1x05x05.prefab using Guid(076c6d61989962b4289cea749fa9aa0a) Importer(815301076,1909f56bfc062723c751e8b465ee728b)  -> (artifact id: '4c5629f7833d5fc9f3a62d125271cecb') in 0.009483 seconds 
========================================================================
Received Import Request.
  Time since last request: 0.000020 seconds.
  path: Assets/Blockout/Prefabs/Blocks Basic/Blocks Alt/Block_Wall_Angle_05x1x2.prefab
  artifactKey: Guid(86350af239552e54d8c34c997a8a5bc7) Importer(815301076,1909f56bfc062723c751e8b465ee728b)
Start importing Assets/Blockout/Prefabs/Blocks Basic/Blocks Alt/Block_Wall_Angle_05x1x2.prefab using Guid(86350af239552e54d8c34c997a8a5bc7) Importer(815301076,1909f56bfc062723c751e8b465ee728b)  -> (artifact id: '3530c89c0285905fd1e1f5a10046a8b1') in 0.010334 seconds 
========================================================================
Received Import Request.
  Time since last request: 0.000013 seconds.
  path: Assets/Blockout/Prefabs/Blocks Basic/Blocks Corner Inner/Block_Inner_Corner_T2_1x1x1.prefab
  artifactKey: Guid(0a5bc706d5ef6f948b140cf3db9bcfcf) Importer(815301076,1909f56bfc062723c751e8b465ee728b)
Start importing Assets/Blockout/Prefabs/Blocks Basic/Blocks Corner Inner/Block_Inner_Corner_T2_1x1x1.prefab using Guid(0a5bc706d5ef6f948b140cf3db9bcfcf) Importer(815301076,1909f56bfc062723c751e8b465ee728b)  -> (artifact id: '0492ff16ca0645952d8c92301e663b04') in 0.010610 seconds 
========================================================================
Received Import Request.
  Time since last request: 0.000013 seconds.
  path: Assets/Blockout/Prefabs/Blocks Basic/Block_Slope_1x1x5.prefab
  artifactKey: Guid(8fae1b28f5c09724c9bf8103da3654ee) Importer(815301076,1909f56bfc062723c751e8b465ee728b)
Start importing Assets/Blockout/Prefabs/Blocks Basic/Block_Slope_1x1x5.prefab using Guid(8fae1b28f5c09724c9bf8103da3654ee) Importer(815301076,1909f56bfc062723c751e8b465ee728b)  -> (artifact id: '34e90c53b6e0997c1b7132a74ae185e4') in 0.009468 seconds 
========================================================================
Received Import Request.
  Time since last request: 0.000016 seconds.
  path: Assets/Blockout/Prefabs/Blocks Basic/Block_Slope_Corner_1x1x5.prefab
  artifactKey: Guid(47fb433a9a38053458841df7545eeb90) Importer(815301076,1909f56bfc062723c751e8b465ee728b)
Start importing Assets/Blockout/Prefabs/Blocks Basic/Block_Slope_Corner_1x1x5.prefab using Guid(47fb433a9a38053458841df7545eeb90) Importer(815301076,1909f56bfc062723c751e8b465ee728b)  -> (artifact id: '1c232277d1a43ec03ea9319ec013c283') in 0.019507 seconds 
========================================================================
Received Import Request.
  Time since last request: 0.000014 seconds.
  path: Assets/Blockout/Prefabs/Blocks Basic/Blocks Alt/Block_Wall_Inner_Circle_05x3x3.prefab
  artifactKey: Guid(ec1d3f3ab648fd84f83fd3fc84fea063) Importer(815301076,1909f56bfc062723c751e8b465ee728b)
Start importing Assets/Blockout/Prefabs/Blocks Basic/Blocks Alt/Block_Wall_Inner_Circle_05x3x3.prefab using Guid(ec1d3f3ab648fd84f83fd3fc84fea063) Importer(815301076,1909f56bfc062723c751e8b465ee728b)  -> (artifact id: '4ec2eba70472da158a23a300290ca107') in 0.009673 seconds 
========================================================================
Received Import Request.
  Time since last request: 0.000014 seconds.
  path: Assets/Blockout/Prefabs/Blocks Basic/Blocks Pillars/Block_Pillar_T3_1x1x1.prefab
  artifactKey: Guid(c37d1dfa46166b84db2e817486ea79e8) Importer(815301076,1909f56bfc062723c751e8b465ee728b)
Start importing Assets/Blockout/Prefabs/Blocks Basic/Blocks Pillars/Block_Pillar_T3_1x1x1.prefab using Guid(c37d1dfa46166b84db2e817486ea79e8) Importer(815301076,1909f56bfc062723c751e8b465ee728b)  -> (artifact id: 'f63a6dc21d344e84c25ea21f1c54d5da') in 0.009732 seconds 
========================================================================
Received Import Request.
  Time since last request: 0.000014 seconds.
  path: Assets/Blockout/Prefabs/Blocks Basic/Block_Wall_Pillar_T1_1x025x1.prefab
  artifactKey: Guid(6f4f17a963192674a9ed783873579a25) Importer(815301076,1909f56bfc062723c751e8b465ee728b)
Start importing Assets/Blockout/Prefabs/Blocks Basic/Block_Wall_Pillar_T1_1x025x1.prefab using Guid(6f4f17a963192674a9ed783873579a25) Importer(815301076,1909f56bfc062723c751e8b465ee728b)  -> (artifact id: 'dc20e49b6a31e6f0bc3700a6dcd6ee8d') in 0.010435 seconds 
========================================================================
Received Import Request.
  Time since last request: 0.000014 seconds.
  path: Assets/Blockout/Prefabs/Blocks Basic/Blocks Corner Inner/Block_Inner_Corner_T3_1x3x1.prefab
  artifactKey: Guid(f1bf2fe6194278941a8bbcd155735a02) Importer(815301076,1909f56bfc062723c751e8b465ee728b)
Start importing Assets/Blockout/Prefabs/Blocks Basic/Blocks Corner Inner/Block_Inner_Corner_T3_1x3x1.prefab using Guid(f1bf2fe6194278941a8bbcd155735a02) Importer(815301076,1909f56bfc062723c751e8b465ee728b)  -> (artifact id: 'd94a6d795f1a814ae33fb5e5fca60a64') in 0.010286 seconds 
========================================================================
Received Import Request.
  Time since last request: 0.000017 seconds.
  path: Assets/Blockout/Prefabs/Blocks Basic/Blocks Caps/Block_Wall_Pillar_End_T3_1x1x1.prefab
  artifactKey: Guid(6735c383bd546da41bbd51e2846de9ea) Importer(815301076,1909f56bfc062723c751e8b465ee728b)
Start importing Assets/Blockout/Prefabs/Blocks Basic/Blocks Caps/Block_Wall_Pillar_End_T3_1x1x1.prefab using Guid(6735c383bd546da41bbd51e2846de9ea) Importer(815301076,1909f56bfc062723c751e8b465ee728b)  -> (artifact id: 'b1bd4d46f1e0ad176fefddb20358bbf6') in 0.009840 seconds 
========================================================================
Received Import Request.
  Time since last request: 0.000020 seconds.
  path: Assets/Blockout/Prefabs/Blocks Basic/Blocks Pillars/Block_Pillar_T3_1x2x1.prefab
  artifactKey: Guid(e7307ba6c7ecb3f488e67f6d009c623f) Importer(815301076,1909f56bfc062723c751e8b465ee728b)
Start importing Assets/Blockout/Prefabs/Blocks Basic/Blocks Pillars/Block_Pillar_T3_1x2x1.prefab using Guid(e7307ba6c7ecb3f488e67f6d009c623f) Importer(815301076,1909f56bfc062723c751e8b465ee728b)  -> (artifact id: '0aaf5debb65c2984c0d636fb3e003c63') in 0.010749 seconds 
========================================================================
Received Import Request.
  Time since last request: 0.000014 seconds.
  path: Assets/Blockout/Prefabs/Blocks Basic/Block_Slope_1x2x1.prefab
  artifactKey: Guid(b2c6f86263055054782ce8f53e2ac5d0) Importer(815301076,1909f56bfc062723c751e8b465ee728b)
Start importing Assets/Blockout/Prefabs/Blocks Basic/Block_Slope_1x2x1.prefab using Guid(b2c6f86263055054782ce8f53e2ac5d0) Importer(815301076,1909f56bfc062723c751e8b465ee728b)  -> (artifact id: '1e2812a192e5ed663722d715b78f7947') in 0.009677 seconds 
========================================================================
Received Import Request.
  Time since last request: 0.000016 seconds.
  path: Assets/Blockout/Prefabs/Blocks Basic/Blocks Pillars/Block_Wall_Pillar_T1_1x1x1.prefab
  artifactKey: Guid(90b3e19ee56454d42b066b53d7000649) Importer(815301076,1909f56bfc062723c751e8b465ee728b)
Start importing Assets/Blockout/Prefabs/Blocks Basic/Blocks Pillars/Block_Wall_Pillar_T1_1x1x1.prefab using Guid(90b3e19ee56454d42b066b53d7000649) Importer(815301076,1909f56bfc062723c751e8b465ee728b)  -> (artifact id: '62e6e8f77f4fa611755c6e13984517d8') in 0.009475 seconds 
========================================================================
Received Import Request.
  Time since last request: 0.000014 seconds.
  path: Assets/Blockout/Prefabs/Floor/Blocks Floor Slope/Block_Slope_T2_Inverse_Corner_05x05x05.prefab
  artifactKey: Guid(8b1e1af7c8e5cce468a20cf0a973200b) Importer(815301076,1909f56bfc062723c751e8b465ee728b)
Start importing Assets/Blockout/Prefabs/Floor/Blocks Floor Slope/Block_Slope_T2_Inverse_Corner_05x05x05.prefab using Guid(8b1e1af7c8e5cce468a20cf0a973200b) Importer(815301076,1909f56bfc062723c751e8b465ee728b)  -> (artifact id: 'b0bc8c523bf6d132df2e4a9bd37adb2b') in 0.011608 seconds 
========================================================================
Received Import Request.
  Time since last request: 0.000018 seconds.
  path: Assets/Blockout/Prefabs/Blocks Basic/Blocks Caps/Block_Wall_Pillar_Cap_T3_1x1x1.prefab
  artifactKey: Guid(f1a05e6393574eb438efc18905643b54) Importer(815301076,1909f56bfc062723c751e8b465ee728b)
Start importing Assets/Blockout/Prefabs/Blocks Basic/Blocks Caps/Block_Wall_Pillar_Cap_T3_1x1x1.prefab using Guid(f1a05e6393574eb438efc18905643b54) Importer(815301076,1909f56bfc062723c751e8b465ee728b)  -> (artifact id: '0f855b6a9270110802eccb6f7dffa667') in 0.013545 seconds 
========================================================================
Received Import Request.
  Time since last request: 0.000016 seconds.
  path: Assets/Blockout/Prefabs/Blocks Basic/Blocks Pillars/Block_Pillar_T3_1x3x1.prefab
  artifactKey: Guid(6404453aeb0666b48a76c0a0058c23f7) Importer(815301076,1909f56bfc062723c751e8b465ee728b)
Start importing Assets/Blockout/Prefabs/Blocks Basic/Blocks Pillars/Block_Pillar_T3_1x3x1.prefab using Guid(6404453aeb0666b48a76c0a0058c23f7) Importer(815301076,1909f56bfc062723c751e8b465ee728b)  -> (artifact id: '0659995facb0bfafc17777760f08ad21') in 0.009947 seconds 
========================================================================
Received Import Request.
  Time since last request: 0.000015 seconds.
  path: Assets/Blockout/Prefabs/Blocks Basic/Blocks Caps/Block_Wall_Pillar_Cap_T4_1x1x1.prefab
  artifactKey: Guid(dcead1b93e1ca06429b0fea5b024050f) Importer(815301076,1909f56bfc062723c751e8b465ee728b)
Start importing Assets/Blockout/Prefabs/Blocks Basic/Blocks Caps/Block_Wall_Pillar_Cap_T4_1x1x1.prefab using Guid(dcead1b93e1ca06429b0fea5b024050f) Importer(815301076,1909f56bfc062723c751e8b465ee728b)  -> (artifact id: '117d0add42ee29c14349df974ed07203') in 0.011498 seconds 
========================================================================
Received Import Request.
  Time since last request: 0.000019 seconds.
  path: Assets/Blockout/Prefabs/Blocks Basic/Block_Slope_Corner_3x3x3.prefab
  artifactKey: Guid(3f64d5d9705f6e742bd98e5c1386f056) Importer(815301076,1909f56bfc062723c751e8b465ee728b)
Start importing Assets/Blockout/Prefabs/Blocks Basic/Block_Slope_Corner_3x3x3.prefab using Guid(3f64d5d9705f6e742bd98e5c1386f056) Importer(815301076,1909f56bfc062723c751e8b465ee728b)  -> (artifact id: '1772a6b60458c78910cfc9b99200f08b') in 0.010612 seconds 
========================================================================
Received Import Request.
  Time since last request: 0.000021 seconds.
  path: Assets/Blockout/Prefabs/Blocks Basic/Blocks Caps/Block_Wall_Pillar_Cap3_T1_1x1x1.prefab
  artifactKey: Guid(ad511df75acbe3543b23f8df801b30f2) Importer(815301076,1909f56bfc062723c751e8b465ee728b)
Start importing Assets/Blockout/Prefabs/Blocks Basic/Blocks Caps/Block_Wall_Pillar_Cap3_T1_1x1x1.prefab using Guid(ad511df75acbe3543b23f8df801b30f2) Importer(815301076,1909f56bfc062723c751e8b465ee728b)  -> (artifact id: '8763f10c7d2c4064a80b9b7cffd2df1d') in 0.010334 seconds 
========================================================================
Received Import Request.
  Time since last request: 0.000018 seconds.
  path: Assets/Blockout/Prefabs/Floor/Blocks Floor Slope/Block_Slope_T1_1x05x2.prefab
  artifactKey: Guid(877c975ebb8ae3b498ed22114ce489ae) Importer(815301076,1909f56bfc062723c751e8b465ee728b)
Start importing Assets/Blockout/Prefabs/Floor/Blocks Floor Slope/Block_Slope_T1_1x05x2.prefab using Guid(877c975ebb8ae3b498ed22114ce489ae) Importer(815301076,1909f56bfc062723c751e8b465ee728b)  -> (artifact id: '113dffeab8be532e2fd7b5bd7eb64fdb') in 0.009319 seconds 
========================================================================
Received Import Request.
  Time since last request: 0.000026 seconds.
  path: Assets/Blockout/Prefabs/Blocks Basic/Blocks Corner Inner/Block_Inner_Corner_T3_1x5x1.prefab
  artifactKey: Guid(6a0a9a14765d80645a2897f52b51c095) Importer(815301076,1909f56bfc062723c751e8b465ee728b)
Start importing Assets/Blockout/Prefabs/Blocks Basic/Blocks Corner Inner/Block_Inner_Corner_T3_1x5x1.prefab using Guid(6a0a9a14765d80645a2897f52b51c095) Importer(815301076,1909f56bfc062723c751e8b465ee728b)  -> (artifact id: '383ecb7b4accfcaa4c82b05aad5f8b56') in 0.009338 seconds 
========================================================================
Received Import Request.
  Time since last request: 0.000017 seconds.
  path: Assets/Blockout/Prefabs/Blocks Basic/Blocks Caps/Block_Wall_Pillar_Cap2_T2_1x1x1.prefab
  artifactKey: Guid(6198a6a273cb1e047b87226b17892849) Importer(815301076,1909f56bfc062723c751e8b465ee728b)
Start importing Assets/Blockout/Prefabs/Blocks Basic/Blocks Caps/Block_Wall_Pillar_Cap2_T2_1x1x1.prefab using Guid(6198a6a273cb1e047b87226b17892849) Importer(815301076,1909f56bfc062723c751e8b465ee728b)  -> (artifact id: '3b2467b56d99617675496e8f4310f63b') in 0.012448 seconds 
========================================================================
Received Import Request.
  Time since last request: 0.000013 seconds.
  path: Assets/Blockout/Prefabs/Floor/Blocks Floor Slope/Block_Slope_T2_1x05x1.prefab
  artifactKey: Guid(fa0daa26acaf6b046b981eb2a67a4cf7) Importer(815301076,1909f56bfc062723c751e8b465ee728b)
Start importing Assets/Blockout/Prefabs/Floor/Blocks Floor Slope/Block_Slope_T2_1x05x1.prefab using Guid(fa0daa26acaf6b046b981eb2a67a4cf7) Importer(815301076,1909f56bfc062723c751e8b465ee728b)  -> (artifact id: '17f188118d3e7744891a28fc62057288') in 0.010356 seconds 
========================================================================
Received Import Request.
  Time since last request: 0.000024 seconds.
  path: Assets/Blockout/Prefabs/Blocks Basic/Blocks Pillars/Block_Pillar_T1_1x5x1.prefab
  artifactKey: Guid(4d61590ba528d3d4fa9e58e7df3ca835) Importer(815301076,1909f56bfc062723c751e8b465ee728b)
Start importing Assets/Blockout/Prefabs/Blocks Basic/Blocks Pillars/Block_Pillar_T1_1x5x1.prefab using Guid(4d61590ba528d3d4fa9e58e7df3ca835) Importer(815301076,1909f56bfc062723c751e8b465ee728b)  -> (artifact id: 'f8f82ba74da244a9d26d0cba022a6925') in 0.010123 seconds 
========================================================================
Received Import Request.
  Time since last request: 0.000020 seconds.
  path: Assets/Blockout/Prefabs/Blocks Basic/Block_Slope_Corner_1x1x3.prefab
  artifactKey: Guid(ecea3e595f618c74991572c59c5e89e2) Importer(815301076,1909f56bfc062723c751e8b465ee728b)
Start importing Assets/Blockout/Prefabs/Blocks Basic/Block_Slope_Corner_1x1x3.prefab using Guid(ecea3e595f618c74991572c59c5e89e2) Importer(815301076,1909f56bfc062723c751e8b465ee728b)  -> (artifact id: 'dec34f3ced8c0b062666196368dcbb20') in 0.011910 seconds 
========================================================================
Received Import Request.
  Time since last request: 0.000027 seconds.
  path: Assets/Blockout/Prefabs/Blocks Basic/Blocks Caps/Block_Wall_Pillar_End_T4_1x1x1.prefab
  artifactKey: Guid(1ffc616a683c96d4e8584b1ce25442f2) Importer(815301076,1909f56bfc062723c751e8b465ee728b)
Start importing Assets/Blockout/Prefabs/Blocks Basic/Blocks Caps/Block_Wall_Pillar_End_T4_1x1x1.prefab using Guid(1ffc616a683c96d4e8584b1ce25442f2) Importer(815301076,1909f56bfc062723c751e8b465ee728b)  -> (artifact id: '48909621b22a5977c1524b2e52f0b3dc') in 0.009548 seconds 
========================================================================
Received Import Request.
  Time since last request: 0.000018 seconds.
  path: Assets/Blockout/Prefabs/Floor/Blocks Floor Slope/Block_Slope_T1_1x05x4.prefab
  artifactKey: Guid(4a3794c067eec114aa9492a210f278f0) Importer(815301076,1909f56bfc062723c751e8b465ee728b)
Start importing Assets/Blockout/Prefabs/Floor/Blocks Floor Slope/Block_Slope_T1_1x05x4.prefab using Guid(4a3794c067eec114aa9492a210f278f0) Importer(815301076,1909f56bfc062723c751e8b465ee728b)  -> (artifact id: 'c3e87881c041e6919ae92dd2b14d95a3') in 0.009901 seconds 
========================================================================
Received Import Request.
  Time since last request: 0.000016 seconds.
  path: Assets/Blockout/Prefabs/Blocks Basic/Blocks Alt/Block_Wall_Angle_05x2x1.prefab
  artifactKey: Guid(884a692723eb17448bb485b44e20c45c) Importer(815301076,1909f56bfc062723c751e8b465ee728b)
Start importing Assets/Blockout/Prefabs/Blocks Basic/Blocks Alt/Block_Wall_Angle_05x2x1.prefab using Guid(884a692723eb17448bb485b44e20c45c) Importer(815301076,1909f56bfc062723c751e8b465ee728b)  -> (artifact id: '9e6b44d09712da78916677d245abdde5') in 0.011838 seconds 
========================================================================
Received Import Request.
  Time since last request: 0.000020 seconds.
  path: Assets/Blockout/Prefabs/Floor/Blocks Floor Slope/Block_Slope_T2_1x05x2.prefab
  artifactKey: Guid(6ab3efefcc697b647aa9d2627cdb7a0e) Importer(815301076,1909f56bfc062723c751e8b465ee728b)
Start importing Assets/Blockout/Prefabs/Floor/Blocks Floor Slope/Block_Slope_T2_1x05x2.prefab using Guid(6ab3efefcc697b647aa9d2627cdb7a0e) Importer(815301076,1909f56bfc062723c751e8b465ee728b)  -> (artifact id: 'ee2efdd2161005891b589c41e8917cbb') in 0.010224 seconds 
========================================================================
Received Import Request.
  Time since last request: 0.000018 seconds.
  path: Assets/Blockout/Prefabs/Blocks Basic/Block_Slope_3x3x3.prefab
  artifactKey: Guid(ba69cccd3e916c34595c1f3b299000a7) Importer(815301076,1909f56bfc062723c751e8b465ee728b)
Start importing Assets/Blockout/Prefabs/Blocks Basic/Block_Slope_3x3x3.prefab using Guid(ba69cccd3e916c34595c1f3b299000a7) Importer(815301076,1909f56bfc062723c751e8b465ee728b)  -> (artifact id: '78076b7b057a6ab3c08f386df9a57fb3') in 0.010289 seconds 
========================================================================
Received Import Request.
  Time since last request: 0.000014 seconds.
  path: Assets/Blockout/Prefabs/Floor/Blocks Floor Slope/Block_Slope_T2_2x05x05.prefab
  artifactKey: Guid(c20666756823244449ba76e2b32d9b39) Importer(815301076,1909f56bfc062723c751e8b465ee728b)
Start importing Assets/Blockout/Prefabs/Floor/Blocks Floor Slope/Block_Slope_T2_2x05x05.prefab using Guid(c20666756823244449ba76e2b32d9b39) Importer(815301076,1909f56bfc062723c751e8b465ee728b)  -> (artifact id: '78112d280ca084a6287146584f469143') in 0.009961 seconds 
========================================================================
Received Import Request.
  Time since last request: 0.000017 seconds.
  path: Assets/Blockout/Prefabs/Floor/Blocks Floor Slope/Block_Slope_T2_Corner_05x05x05.prefab
  artifactKey: Guid(72387a0a2434da54d905f778858aa7e8) Importer(815301076,1909f56bfc062723c751e8b465ee728b)
Start importing Assets/Blockout/Prefabs/Floor/Blocks Floor Slope/Block_Slope_T2_Corner_05x05x05.prefab using Guid(72387a0a2434da54d905f778858aa7e8) Importer(815301076,1909f56bfc062723c751e8b465ee728b)  -> (artifact id: 'db0f207e80c3d69b66e8ad65b52b0d03') in 0.010679 seconds 
========================================================================
Received Import Request.
  Time since last request: 0.000014 seconds.
  path: Assets/Blockout/Prefabs/Blocks Basic/Blocks Corner Inner/Block_Inner_Corner_T1_1x4x2.prefab
  artifactKey: Guid(587e40a1a9310dd40865e36288e17dad) Importer(815301076,1909f56bfc062723c751e8b465ee728b)
Start importing Assets/Blockout/Prefabs/Blocks Basic/Blocks Corner Inner/Block_Inner_Corner_T1_1x4x2.prefab using Guid(587e40a1a9310dd40865e36288e17dad) Importer(815301076,1909f56bfc062723c751e8b465ee728b)  -> (artifact id: '4b95b98f3ccc6405ac928ddf536dbf00') in 0.010665 seconds 
========================================================================
Received Import Request.
  Time since last request: 0.000014 seconds.
  path: Assets/Blockout/Prefabs/Blocks Basic/Blocks Pillars/Block_Pillar_T1_1x1x1.prefab
  artifactKey: Guid(6b45c7b80357f5940bc791aed41da504) Importer(815301076,1909f56bfc062723c751e8b465ee728b)
Start importing Assets/Blockout/Prefabs/Blocks Basic/Blocks Pillars/Block_Pillar_T1_1x1x1.prefab using Guid(6b45c7b80357f5940bc791aed41da504) Importer(815301076,1909f56bfc062723c751e8b465ee728b)  -> (artifact id: '8fc83aeb8f1f6da786ad7a8ca689df01') in 0.010372 seconds 
========================================================================
Received Import Request.
  Time since last request: 0.000018 seconds.
  path: Assets/Blockout/Prefabs/Blocks Basic/Block_Pillar_T2_1x025x1.prefab
  artifactKey: Guid(fb47542706592254bb7bddb3ac2bec6f) Importer(815301076,1909f56bfc062723c751e8b465ee728b)
Start importing Assets/Blockout/Prefabs/Blocks Basic/Block_Pillar_T2_1x025x1.prefab using Guid(fb47542706592254bb7bddb3ac2bec6f) Importer(815301076,1909f56bfc062723c751e8b465ee728b)  -> (artifact id: '0b71dd73cf01f136913f38b2ef504f6f') in 0.010130 seconds 
========================================================================
Received Import Request.
  Time since last request: 0.000015 seconds.
  path: Assets/Blockout/Prefabs/Blocks Basic/Blocks Pillars/Block_Pillar_T3_1x4x1.prefab
  artifactKey: Guid(70c2203d56b929545b8c7d38df03cdc5) Importer(815301076,1909f56bfc062723c751e8b465ee728b)
Start importing Assets/Blockout/Prefabs/Blocks Basic/Blocks Pillars/Block_Pillar_T3_1x4x1.prefab using Guid(70c2203d56b929545b8c7d38df03cdc5) Importer(815301076,1909f56bfc062723c751e8b465ee728b)  -> (artifact id: '468d2ac5236555fbdd57635abb5b0e37') in 0.010790 seconds 
========================================================================
Received Import Request.
  Time since last request: 0.000016 seconds.
  path: Assets/Blockout/Prefabs/Floor/Blocks Floor Slope/Block_Slope_T2_1x05x3.prefab
  artifactKey: Guid(09c457794762b2e43b6b3a5085995f0c) Importer(815301076,1909f56bfc062723c751e8b465ee728b)
Start importing Assets/Blockout/Prefabs/Floor/Blocks Floor Slope/Block_Slope_T2_1x05x3.prefab using Guid(09c457794762b2e43b6b3a5085995f0c) Importer(815301076,1909f56bfc062723c751e8b465ee728b)  -> (artifact id: 'c32a6bee8b9bfe1476c5c89f8d85e6bb') in 0.010234 seconds 
========================================================================
Received Import Request.
  Time since last request: 0.000015 seconds.
  path: Assets/Blockout/Prefabs/Blocks Basic/Block_Slope_Corner_1x1x4.prefab
  artifactKey: Guid(8d85ce4d45e0aa243bb6f8620c24ff45) Importer(815301076,1909f56bfc062723c751e8b465ee728b)
Start importing Assets/Blockout/Prefabs/Blocks Basic/Block_Slope_Corner_1x1x4.prefab using Guid(8d85ce4d45e0aa243bb6f8620c24ff45) Importer(815301076,1909f56bfc062723c751e8b465ee728b)  -> (artifact id: 'aa4f070a679a467e492f1812494dde58') in 0.011359 seconds 
========================================================================
Received Import Request.
  Time since last request: 0.000020 seconds.
  path: Assets/Blockout/Prefabs/Blocks Basic/Blocks Corner Inner/Block_Inner_Corner_T1_1x1x2.prefab
  artifactKey: Guid(5ee148ae734555449a697c3fa1bbc4ea) Importer(815301076,1909f56bfc062723c751e8b465ee728b)
Start importing Assets/Blockout/Prefabs/Blocks Basic/Blocks Corner Inner/Block_Inner_Corner_T1_1x1x2.prefab using Guid(5ee148ae734555449a697c3fa1bbc4ea) Importer(815301076,1909f56bfc062723c751e8b465ee728b)  -> (artifact id: 'ce2c2bc0a59256f90958aee87dd7092a') in 0.009786 seconds 
========================================================================
Received Import Request.
  Time since last request: 0.000026 seconds.
  path: Assets/Blockout/Prefabs/Floor/Blocks Floor Slope/Block_Slope_T2_1x05x007.prefab
  artifactKey: Guid(5640f663d45492241b9381e9b5dfcf2e) Importer(815301076,1909f56bfc062723c751e8b465ee728b)
Start importing Assets/Blockout/Prefabs/Floor/Blocks Floor Slope/Block_Slope_T2_1x05x007.prefab using Guid(5640f663d45492241b9381e9b5dfcf2e) Importer(815301076,1909f56bfc062723c751e8b465ee728b)  -> (artifact id: '30dade70ae1de552c91eeae842bc182e') in 0.013940 seconds 
========================================================================
Received Import Request.
  Time since last request: 0.000015 seconds.
  path: Assets/Blockout/Prefabs/Blocks Basic/Blocks Caps/Block_Wall_Pillar_Cap_T1_1x1x1.prefab
  artifactKey: Guid(152990e7d26602442b6562763ea9a767) Importer(815301076,1909f56bfc062723c751e8b465ee728b)
Start importing Assets/Blockout/Prefabs/Blocks Basic/Blocks Caps/Block_Wall_Pillar_Cap_T1_1x1x1.prefab using Guid(152990e7d26602442b6562763ea9a767) Importer(815301076,1909f56bfc062723c751e8b465ee728b)  -> (artifact id: '3f6761cc1c2be2f1f038324063921ae8') in 0.010738 seconds 
========================================================================
Received Import Request.
  Time since last request: 0.000016 seconds.
  path: Assets/Blockout/Prefabs/Blocks Basic/Blocks Pillars/Block_Wall_Pillar_T1_1x2x1.prefab
  artifactKey: Guid(38c48fe6fb2b80940b211ef4e4e5cbe2) Importer(815301076,1909f56bfc062723c751e8b465ee728b)
Start importing Assets/Blockout/Prefabs/Blocks Basic/Blocks Pillars/Block_Wall_Pillar_T1_1x2x1.prefab using Guid(38c48fe6fb2b80940b211ef4e4e5cbe2) Importer(815301076,1909f56bfc062723c751e8b465ee728b)  -> (artifact id: '077885f60b7b81ad912f60cbc1c9abea') in 0.012411 seconds 
========================================================================
Received Import Request.
  Time since last request: 0.000015 seconds.
  path: Assets/Blockout/Prefabs/Blocks Basic/Blocks Pillars/Block_Pillar_T2_1x1x1.prefab
  artifactKey: Guid(a7078009ceedc34499b1d7bfb0ee5e29) Importer(815301076,1909f56bfc062723c751e8b465ee728b)
Start importing Assets/Blockout/Prefabs/Blocks Basic/Blocks Pillars/Block_Pillar_T2_1x1x1.prefab using Guid(a7078009ceedc34499b1d7bfb0ee5e29) Importer(815301076,1909f56bfc062723c751e8b465ee728b)  -> (artifact id: 'cfa3c4ef7580af10ba32c645dce901d4') in 0.010580 seconds 
========================================================================
Received Import Request.
  Time since last request: 0.000020 seconds.
  path: Assets/Blockout/Prefabs/Blocks Basic/Blocks Corner Inner/Block_Inner_Corner_T1_1x3x1.prefab
  artifactKey: Guid(e3ae66229cc37be468b4a1d6dd68a4e6) Importer(815301076,1909f56bfc062723c751e8b465ee728b)
Start importing Assets/Blockout/Prefabs/Blocks Basic/Blocks Corner Inner/Block_Inner_Corner_T1_1x3x1.prefab using Guid(e3ae66229cc37be468b4a1d6dd68a4e6) Importer(815301076,1909f56bfc062723c751e8b465ee728b)  -> (artifact id: '7fcaa50013bec7dc5972f2995b9b641a') in 0.011485 seconds 
========================================================================
Received Import Request.
  Time since last request: 0.000017 seconds.
  path: Assets/Blockout/Prefabs/Blocks Basic/Blocks Pillars/Block_Pillar_T2_1x4x1.prefab
  artifactKey: Guid(bad6e277bf86c7847be85b98451e9769) Importer(815301076,1909f56bfc062723c751e8b465ee728b)
Start importing Assets/Blockout/Prefabs/Blocks Basic/Blocks Pillars/Block_Pillar_T2_1x4x1.prefab using Guid(bad6e277bf86c7847be85b98451e9769) Importer(815301076,1909f56bfc062723c751e8b465ee728b)  -> (artifact id: '1bd9aad654243dc2ff016b2a5dda7274') in 0.011527 seconds 
========================================================================
Received Import Request.
  Time since last request: 0.000019 seconds.
  path: Assets/Blockout/Prefabs/Blocks Basic/Block_Slope_Corner_5x5x5.prefab
  artifactKey: Guid(e27cb7d1ff7d0a744a386dbe187672c1) Importer(815301076,1909f56bfc062723c751e8b465ee728b)
Start importing Assets/Blockout/Prefabs/Blocks Basic/Block_Slope_Corner_5x5x5.prefab using Guid(e27cb7d1ff7d0a744a386dbe187672c1) Importer(815301076,1909f56bfc062723c751e8b465ee728b)  -> (artifact id: 'ace51590dbb2a6a13d4f17764f7068d2') in 0.009057 seconds 
========================================================================
Received Import Request.
  Time since last request: 0.000015 seconds.
  path: Assets/Blockout/Prefabs/Blocks Basic/Block_Slope_Corner_2x2x2.prefab
  artifactKey: Guid(c6c654863892eaa4a8297d406acdadb1) Importer(815301076,1909f56bfc062723c751e8b465ee728b)
Start importing Assets/Blockout/Prefabs/Blocks Basic/Block_Slope_Corner_2x2x2.prefab using Guid(c6c654863892eaa4a8297d406acdadb1) Importer(815301076,1909f56bfc062723c751e8b465ee728b)  -> (artifact id: 'a707bf10f13cd7cb7551991707122471') in 0.013357 seconds 
========================================================================
Received Import Request.
  Time since last request: 0.000015 seconds.
  path: Assets/Blockout/Prefabs/Blocks Basic/Blocks Corner Inner/Block_Inner_Corner_T1_1x1x1.prefab
  artifactKey: Guid(9dfcfb7f20ed0054c904e3df1f25f9bb) Importer(815301076,1909f56bfc062723c751e8b465ee728b)
Start importing Assets/Blockout/Prefabs/Blocks Basic/Blocks Corner Inner/Block_Inner_Corner_T1_1x1x1.prefab using Guid(9dfcfb7f20ed0054c904e3df1f25f9bb) Importer(815301076,1909f56bfc062723c751e8b465ee728b)  -> (artifact id: '0f97927f6f523c62f69f430f3ae14284') in 0.010710 seconds 
========================================================================
Received Import Request.
  Time since last request: 0.000019 seconds.
  path: Assets/Blockout/Prefabs/Blocks Basic/Blocks Pillars/Block_Pillar_T1_1x2x1.prefab
  artifactKey: Guid(cb3414d922a27e14892bbda22580af57) Importer(815301076,1909f56bfc062723c751e8b465ee728b)
Start importing Assets/Blockout/Prefabs/Blocks Basic/Blocks Pillars/Block_Pillar_T1_1x2x1.prefab using Guid(cb3414d922a27e14892bbda22580af57) Importer(815301076,1909f56bfc062723c751e8b465ee728b)  -> (artifact id: '9358c95d6e6ccec60aa5a7a020119f38') in 0.012639 seconds 
========================================================================
Received Import Request.
  Time since last request: 0.000020 seconds.
  path: Assets/Blockout/Prefabs/Blocks Basic/Blocks Alt/Block_Wall_Angle_05x2x3.prefab
  artifactKey: Guid(dad02f4ceaedbf7479c94a08cc94a83b) Importer(815301076,1909f56bfc062723c751e8b465ee728b)
Start importing Assets/Blockout/Prefabs/Blocks Basic/Blocks Alt/Block_Wall_Angle_05x2x3.prefab using Guid(dad02f4ceaedbf7479c94a08cc94a83b) Importer(815301076,1909f56bfc062723c751e8b465ee728b)  -> (artifact id: '2cfb15258be3e98f727cd5ed0f57d752') in 0.009509 seconds 
========================================================================
Received Import Request.
  Time since last request: 0.000014 seconds.
  path: Assets/Blockout/Prefabs/Blocks Basic/Blocks Alt/Block_Wall_Inner_Circle_05x2x2.prefab
  artifactKey: Guid(9a56348038a232242afe080f8f8f7d96) Importer(815301076,1909f56bfc062723c751e8b465ee728b)
Start importing Assets/Blockout/Prefabs/Blocks Basic/Blocks Alt/Block_Wall_Inner_Circle_05x2x2.prefab using Guid(9a56348038a232242afe080f8f8f7d96) Importer(815301076,1909f56bfc062723c751e8b465ee728b)  -> (artifact id: 'bcfac4c7144e51286a8c4b418c9c852b') in 0.010279 seconds 
========================================================================
Received Import Request.
  Time since last request: 0.000022 seconds.
  path: Assets/Blockout/Prefabs/Blocks Basic/Blocks Pillars/Block_Wall_Pillar_T4_1x1x1.prefab
  artifactKey: Guid(ea097cc186a46d64e8a8a271b4ea882f) Importer(815301076,1909f56bfc062723c751e8b465ee728b)
Start importing Assets/Blockout/Prefabs/Blocks Basic/Blocks Pillars/Block_Wall_Pillar_T4_1x1x1.prefab using Guid(ea097cc186a46d64e8a8a271b4ea882f) Importer(815301076,1909f56bfc062723c751e8b465ee728b)  -> (artifact id: '8fb329596f3852a1eba6d98010646fdc') in 0.009178 seconds 
========================================================================
Received Import Request.
  Time since last request: 50.515850 seconds.
  path: Packages/com.unity.progrids/package.json
  artifactKey: Guid(a4c420061e5f44145b7c267f0e23904a) Importer(815301076,1909f56bfc062723c751e8b465ee728b)
Start importing Packages/com.unity.progrids/package.json using Guid(a4c420061e5f44145b7c267f0e23904a) Importer(815301076,1909f56bfc062723c751e8b465ee728b)  -> (artifact id: 'fea3c4ab11a61ef823d3531c76ccc137') in 0.066287 seconds 
========================================================================
Received Import Request.
  Time since last request: 1.699204 seconds.
  path: Packages/com.unity.probuilder/package.json
  artifactKey: Guid(7958ca6fdf895ca498c5fab155f0b0f1) Importer(815301076,1909f56bfc062723c751e8b465ee728b)
Start importing Packages/com.unity.probuilder/package.json using Guid(7958ca6fdf895ca498c5fab155f0b0f1) Importer(815301076,1909f56bfc062723c751e8b465ee728b)  -> (artifact id: 'e8dc32766f09b464bcccd2f34d53335b') in 0.001882 seconds 
========================================================================
Received Import Request.
  Time since last request: 3.553794 seconds.
  path: Packages/com.unity.probuilder/Addons
  artifactKey: Guid(1db26a9bb354d42cda31cf8b83b7fed4) Importer(815301076,1909f56bfc062723c751e8b465ee728b)
Start importing Packages/com.unity.probuilder/Addons using Guid(1db26a9bb354d42cda31cf8b83b7fed4) Importer(815301076,1909f56bfc062723c751e8b465ee728b)  -> (artifact id: '8b500c15a63e83a2389b2070bc080bee') in 0.004824 seconds 
========================================================================
Received Import Request.
  Time since last request: 0.064495 seconds.
  path: Packages/com.unity.probuilder/Addons/Unity.ProBuilder.AddOns.Editor.asmdef
  artifactKey: Guid(2cfd637d8bffa4f3ebad425f3bdd33a2) Importer(815301076,1909f56bfc062723c751e8b465ee728b)
Start importing Packages/com.unity.probuilder/Addons/Unity.ProBuilder.AddOns.Editor.asmdef using Guid(2cfd637d8bffa4f3ebad425f3bdd33a2) Importer(815301076,1909f56bfc062723c751e8b465ee728b)  -> (artifact id: 'f761fe774b9fcdd27cae9312ce9ac3b1') in 0.004855 seconds 
========================================================================
Received Import Request.
  Time since last request: 3.170821 seconds.
  path: Packages/com.unity.probuilder/AssetIdRemapUtility
  artifactKey: Guid(9e50e13f5457645a89d6c209eac9242a) Importer(815301076,1909f56bfc062723c751e8b465ee728b)
Start importing Packages/com.unity.probuilder/AssetIdRemapUtility using Guid(9e50e13f5457645a89d6c209eac9242a) Importer(815301076,1909f56bfc062723c751e8b465ee728b)  -> (artifact id: '2c4fc18b47de091a994817a32d2aac46') in 0.004523 seconds 
========================================================================
Received Import Request.
  Time since last request: 1.236439 seconds.
  path: Packages/com.unity.probuilder/Content
  artifactKey: Guid(04a0feda657064ccbb5cc36319dfcf16) Importer(815301076,1909f56bfc062723c751e8b465ee728b)
Start importing Packages/com.unity.probuilder/Content using Guid(04a0feda657064ccbb5cc36319dfcf16) Importer(815301076,1909f56bfc062723c751e8b465ee728b)  -> (artifact id: '03a98fdfe7606a45631a288510b3a0c5') in 0.004217 seconds 
========================================================================
Received Import Request.
  Time since last request: 1.874669 seconds.
  path: Packages/com.unity.probuilder/Content/Resources
  artifactKey: Guid(681e2a77546fa4aeea345b40dae7de04) Importer(815301076,1909f56bfc062723c751e8b465ee728b)
Start importing Packages/com.unity.probuilder/Content/Resources using Guid(681e2a77546fa4aeea345b40dae7de04) Importer(815301076,1909f56bfc062723c751e8b465ee728b)  -> (artifact id: '1be4c37710a2a7e3a692b8f9c39e9185') in 0.004122 seconds 
========================================================================
Received Import Request.
  Time since last request: 4.406384 seconds.
  path: Packages/com.unity.probuilder/Content/Material
  artifactKey: Guid(aed528667fa2e4e27b4a1fba64e57186) Importer(815301076,1909f56bfc062723c751e8b465ee728b)
Start importing Packages/com.unity.probuilder/Content/Material using Guid(aed528667fa2e4e27b4a1fba64e57186) Importer(815301076,1909f56bfc062723c751e8b465ee728b)  -> (artifact id: 'fbac74f9f3691d3d9567eea3ddb4bdc8') in 0.004441 seconds 
========================================================================
Received Import Request.
  Time since last request: 0.064747 seconds.
  path: Packages/com.unity.probuilder/Content/Material/Checker.mat
  artifactKey: Guid(4717b199010ca4cb3a8a7a465ec457d2) Importer(815301076,1909f56bfc062723c751e8b465ee728b)
Start importing Packages/com.unity.probuilder/Content/Material/Checker.mat using Guid(4717b199010ca4cb3a8a7a465ec457d2) Importer(815301076,1909f56bfc062723c751e8b465ee728b)  -> (artifact id: '9f8953fc07d3c3a8ea8dfd733f9ef130') in 0.051120 seconds 
========================================================================
Received Import Request.
  Time since last request: 1.081777 seconds.
  path: Packages/com.unity.probuilder/Content/Material/Textures
  artifactKey: Guid(4f6e01a3849934e69a960a5b6a0ec949) Importer(815301076,1909f56bfc062723c751e8b465ee728b)
Start importing Packages/com.unity.probuilder/Content/Material/Textures using Guid(4f6e01a3849934e69a960a5b6a0ec949) Importer(815301076,1909f56bfc062723c751e8b465ee728b)  -> (artifact id: '90fd7baf2a40eb5e260f103aa4e40968') in 0.004726 seconds 
========================================================================
Received Import Request.
  Time since last request: 0.077161 seconds.
  path: Packages/com.unity.probuilder/Content/Material/Textures/Checker.png
  artifactKey: Guid(2b3b02d65d5a24a20a12332c4125d74b) Importer(815301076,1909f56bfc062723c751e8b465ee728b)
Start importing Packages/com.unity.probuilder/Content/Material/Textures/Checker.png using Guid(2b3b02d65d5a24a20a12332c4125d74b) Importer(815301076,1909f56bfc062723c751e8b465ee728b)  -> (artifact id: 'a644e4ef2447e6eb2494444600bbc0dc') in 0.041020 seconds 
========================================================================
Received Import Request.
  Time since last request: 0.000025 seconds.
  path: Packages/com.unity.probuilder/Content/Material/Textures/GridBox_NoDraw.png
  artifactKey: Guid(464ca14f3cfaf433582758afa13a9473) Importer(815301076,1909f56bfc062723c751e8b465ee728b)
Start importing Packages/com.unity.probuilder/Content/Material/Textures/GridBox_NoDraw.png using Guid(464ca14f3cfaf433582758afa13a9473) Importer(815301076,1909f56bfc062723c751e8b465ee728b)  -> (artifact id: '2a9992e891fc847102da9a18159cb735') in 0.007637 seconds 
========================================================================
Received Import Request.
  Time since last request: 3.542270 seconds.
  path: Packages/com.unity.probuilder/Editor
  artifactKey: Guid(d35e819b342bb4d369b4f35599aae75f) Importer(815301076,1909f56bfc062723c751e8b465ee728b)
Start importing Packages/com.unity.probuilder/Editor using Guid(d35e819b342bb4d369b4f35599aae75f) Importer(815301076,1909f56bfc062723c751e8b465ee728b)  -> (artifact id: '2a20dd9f75532c889fad8c7f6a09f57a') in 0.004070 seconds 
========================================================================
Received Import Request.
  Time since last request: 0.081061 seconds.
  path: Packages/com.unity.probuilder/Editor/Unity.ProBuilder.Editor.asmdef
  artifactKey: Guid(03ca3ee4acaf74592bc6d299ca86aa27) Importer(815301076,1909f56bfc062723c751e8b465ee728b)
Start importing Packages/com.unity.probuilder/Editor/Unity.ProBuilder.Editor.asmdef using Guid(03ca3ee4acaf74592bc6d299ca86aa27) Importer(815301076,1909f56bfc062723c751e8b465ee728b)  -> (artifact id: '7f0d7cdf02884fb9ff924f0d70c72ac8') in 0.004182 seconds 
========================================================================
Received Import Request.
  Time since last request: 1.932524 seconds.
  path: Packages/com.unity.probuilder/External
  artifactKey: Guid(1e3c355429ae347938ec93b9838fb5fc) Importer(815301076,1909f56bfc062723c751e8b465ee728b)
Start importing Packages/com.unity.probuilder/External using Guid(1e3c355429ae347938ec93b9838fb5fc) Importer(815301076,1909f56bfc062723c751e8b465ee728b)  -> (artifact id: 'eb99d6ff02a5d7a9532b075edeb95a66') in 0.004179 seconds 
========================================================================
Received Import Request.
  Time since last request: 2.436252 seconds.
  path: Packages/com.unity.probuilder/Runtime
  artifactKey: Guid(d19941206035d4c6086b72f9ee148a9e) Importer(815301076,1909f56bfc062723c751e8b465ee728b)
Start importing Packages/com.unity.probuilder/Runtime using Guid(d19941206035d4c6086b72f9ee148a9e) Importer(815301076,1909f56bfc062723c751e8b465ee728b)  -> (artifact id: '19a30b8824d7ddadd75246739eb0c9e9') in 0.004192 seconds 
========================================================================
Received Import Request.
  Time since last request: 0.075661 seconds.
  path: Packages/com.unity.probuilder/Runtime/Unity.ProBuilder.asmdef
  artifactKey: Guid(1826c0224c0d048b88112c79bbb0cd85) Importer(815301076,1909f56bfc062723c751e8b465ee728b)
Start importing Packages/com.unity.probuilder/Runtime/Unity.ProBuilder.asmdef using Guid(1826c0224c0d048b88112c79bbb0cd85) Importer(815301076,1909f56bfc062723c751e8b465ee728b)  -> (artifact id: '532cb4855a6913ba3656daf489c36bb0') in 0.004410 seconds 
========================================================================
Received Import Request.
  Time since last request: 97.188227 seconds.
  path: Packages/com.unity.probuilder/Content/Icons/Modes
  artifactKey: Guid(4b466ba17cf244f07869a81321a5b21f) Importer(815301076,1909f56bfc062723c751e8b465ee728b)
Start importing Packages/com.unity.probuilder/Content/Icons/Modes using Guid(4b466ba17cf244f07869a81321a5b21f) Importer(815301076,1909f56bfc062723c751e8b465ee728b)  -> (artifact id: 'd4486de946ba5cd0ead84d62a0dfd34b') in 0.005031 seconds 
========================================================================
Received Import Request.
  Time since last request: 0.083975 seconds.
  path: Packages/com.unity.probuilder/Content/Icons/Modes/Mode_Edge.png
  artifactKey: Guid(3c6e8b060c00340b693cb3830b6d975c) Importer(815301076,1909f56bfc062723c751e8b465ee728b)
Start importing Packages/com.unity.probuilder/Content/Icons/Modes/Mode_Edge.png using Guid(3c6e8b060c00340b693cb3830b6d975c) Importer(815301076,1909f56bfc062723c751e8b465ee728b)  -> (artifact id: 'f90e5a96be3b9bef4aaf33cf7dc5f378') in 0.008969 seconds 
========================================================================
Received Import Request.
  Time since last request: 0.000013 seconds.
  path: Packages/com.unity.probuilder/Content/Icons/Modes/Mode_Vertex@2x.png
  artifactKey: Guid(d3bb50fc7456dfe489b6f6684882338c) Importer(815301076,1909f56bfc062723c751e8b465ee728b)
Start importing Packages/com.unity.probuilder/Content/Icons/Modes/Mode_Vertex@2x.png using Guid(d3bb50fc7456dfe489b6f6684882338c) Importer(815301076,1909f56bfc062723c751e8b465ee728b)  -> (artifact id: 'e27ad5c561879972fc2090e64db0493f') in 0.007774 seconds 
========================================================================
Received Import Request.
  Time since last request: 0.000013 seconds.
  path: Packages/com.unity.probuilder/Content/Icons/Modes/Mode_Face@2x.png
  artifactKey: Guid(80b71c9b7db4d6d40b1209e05434d07b) Importer(815301076,1909f56bfc062723c751e8b465ee728b)
Start importing Packages/com.unity.probuilder/Content/Icons/Modes/Mode_Face@2x.png using Guid(80b71c9b7db4d6d40b1209e05434d07b) Importer(815301076,1909f56bfc062723c751e8b465ee728b)  -> (artifact id: '43326e2a6d37de462e53ce347729ba8a') in 0.007587 seconds 
========================================================================
Received Import Request.
  Time since last request: 0.000014 seconds.
  path: Packages/com.unity.probuilder/Content/Icons/Modes/Mode_Object_Light.png
  artifactKey: Guid(5983a109090b74768ae1ff37dd65b0c9) Importer(815301076,1909f56bfc062723c751e8b465ee728b)
Start importing Packages/com.unity.probuilder/Content/Icons/Modes/Mode_Object_Light.png using Guid(5983a109090b74768ae1ff37dd65b0c9) Importer(815301076,1909f56bfc062723c751e8b465ee728b)  -> (artifact id: '3bfd196e9811e18739dcb6292749f229') in 0.017532 seconds 
========================================================================
Received Import Request.
  Time since last request: 0.000015 seconds.
  path: Packages/com.unity.probuilder/Content/Icons/Modes/Mode_Face_Light.png
  artifactKey: Guid(3f77eeb57e96b47eea8a6ea060ccbfc4) Importer(815301076,1909f56bfc062723c751e8b465ee728b)
Start importing Packages/com.unity.probuilder/Content/Icons/Modes/Mode_Face_Light.png using Guid(3f77eeb57e96b47eea8a6ea060ccbfc4) Importer(815301076,1909f56bfc062723c751e8b465ee728b)  -> (artifact id: 'b4113288b62546782f73ec1064ee607b') in 0.014940 seconds 
========================================================================
Received Import Request.
  Time since last request: 0.000014 seconds.
  path: Packages/com.unity.probuilder/Content/Icons/Modes/Mode_Edge_Light@2x.png
  artifactKey: Guid(ebfc53d04659c374ab1a2a808f472008) Importer(815301076,1909f56bfc062723c751e8b465ee728b)
Start importing Packages/com.unity.probuilder/Content/Icons/Modes/Mode_Edge_Light@2x.png using Guid(ebfc53d04659c374ab1a2a808f472008) Importer(815301076,1909f56bfc062723c751e8b465ee728b)  -> (artifact id: '244012480550711e4799535ca9c2122b') in 0.006905 seconds 
========================================================================
Received Import Request.
  Time since last request: 0.000014 seconds.
  path: Packages/com.unity.probuilder/Content/Icons/Modes/Mode_Edge_Light.png
  artifactKey: Guid(d8b877e079e354f9282bff10c5e2d4b0) Importer(815301076,1909f56bfc062723c751e8b465ee728b)
Start importing Packages/com.unity.probuilder/Content/Icons/Modes/Mode_Edge_Light.png using Guid(d8b877e079e354f9282bff10c5e2d4b0) Importer(815301076,1909f56bfc062723c751e8b465ee728b)  -> (artifact id: '0c1384be93fc317dbecbcc76c10e1d38') in 0.007038 seconds 
========================================================================
Received Import Request.
  Time since last request: 0.000014 seconds.
  path: Packages/com.unity.probuilder/Content/Icons/Modes/Mode_Face_Light@2x.png
  artifactKey: Guid(aec4dcd2f2175d142b7d9b6abc382625) Importer(815301076,1909f56bfc062723c751e8b465ee728b)
Start importing Packages/com.unity.probuilder/Content/Icons/Modes/Mode_Face_Light@2x.png using Guid(aec4dcd2f2175d142b7d9b6abc382625) Importer(815301076,1909f56bfc062723c751e8b465ee728b)  -> (artifact id: '4f1bc9513763fe3cebb6d4e9b84fd573') in 0.007937 seconds 
========================================================================
Received Import Request.
  Time since last request: 2.702660 seconds.
  path: Packages/com.unity.probuilder/Content/Icons/Scene
  artifactKey: Guid(9de56aff4bb6f4475b12fe45833d342a) Importer(815301076,1909f56bfc062723c751e8b465ee728b)
Start importing Packages/com.unity.probuilder/Content/Icons/Scene using Guid(9de56aff4bb6f4475b12fe45833d342a) Importer(815301076,1909f56bfc062723c751e8b465ee728b)  -> (artifact id: '6fe052b206a13ddb695e2ea6c89139b9') in 0.004576 seconds 
========================================================================
Received Import Request.
  Time since last request: 0.104713 seconds.
  path: Packages/com.unity.probuilder/Content/Icons/Scene/SelectionRect.png
  artifactKey: Guid(493bda9d2800a4516b04e170719fe521) Importer(815301076,1909f56bfc062723c751e8b465ee728b)
Start importing Packages/com.unity.probuilder/Content/Icons/Scene/SelectionRect.png using Guid(493bda9d2800a4516b04e170719fe521) Importer(815301076,1909f56bfc062723c751e8b465ee728b)  -> (artifact id: 'a09eb3e9f5aa7e955cfda1acff6e009f') in 0.008165 seconds 
========================================================================
Received Import Request.
  Time since last request: 0.000020 seconds.
  path: Packages/com.unity.probuilder/Content/Icons/Scene/TextBackground.png
  artifactKey: Guid(efe0b4c986d4c46eaa935b7306936ebf) Importer(815301076,1909f56bfc062723c751e8b465ee728b)
Start importing Packages/com.unity.probuilder/Content/Icons/Scene/TextBackground.png using Guid(efe0b4c986d4c46eaa935b7306936ebf) Importer(815301076,1909f56bfc062723c751e8b465ee728b)  -> (artifact id: '4dbbb7d23129b08e978808eeec4f059e') in 0.008233 seconds 
========================================================================
Received Import Request.
  Time since last request: 1.494479 seconds.
  path: Packages/com.unity.probuilder/Content/Icons/Scripts
  artifactKey: Guid(6d064e435ff054c84ac72ba0b893c8c2) Importer(815301076,1909f56bfc062723c751e8b465ee728b)
Start importing Packages/com.unity.probuilder/Content/Icons/Scripts using Guid(6d064e435ff054c84ac72ba0b893c8c2) Importer(815301076,1909f56bfc062723c751e8b465ee728b)  -> (artifact id: '793ac2199889fda4052717fe666ec491') in 0.004421 seconds 
========================================================================
Received Import Request.
  Time since last request: 0.304651 seconds.
  path: Packages/com.unity.probuilder/Content/Icons/Scripts/MeshFilter Icon.asset
  artifactKey: Guid(432b3086cebdc438d9d33de3669fb063) Importer(815301076,1909f56bfc062723c751e8b465ee728b)
Start importing Packages/com.unity.probuilder/Content/Icons/Scripts/MeshFilter Icon.asset using Guid(432b3086cebdc438d9d33de3669fb063) Importer(815301076,1909f56bfc062723c751e8b465ee728b)  -> (artifact id: '4d04968a36dbf9f95c8ce3776ac170a1') in 0.023479 seconds 
========================================================================
Received Import Request.
  Time since last request: 1.433384 seconds.
  path: Packages/com.unity.probuilder/Content/Icons/Toolbar
  artifactKey: Guid(cbeb66094b9da46058bb06f5cb123ea0) Importer(815301076,1909f56bfc062723c751e8b465ee728b)
Start importing Packages/com.unity.probuilder/Content/Icons/Toolbar using Guid(cbeb66094b9da46058bb06f5cb123ea0) Importer(815301076,1909f56bfc062723c751e8b465ee728b)  -> (artifact id: '0496304d73b9d162fb6644defa422012') in 0.004261 seconds 
========================================================================
Received Import Request.
  Time since last request: 0.055556 seconds.
  path: Packages/com.unity.probuilder/Content/Icons/Toolbar/AltButton_Hover.png
  artifactKey: Guid(d4f4647229a9f47a3b8739dad2c59db5) Importer(815301076,1909f56bfc062723c751e8b465ee728b)
Start importing Packages/com.unity.probuilder/Content/Icons/Toolbar/AltButton_Hover.png using Guid(d4f4647229a9f47a3b8739dad2c59db5) Importer(815301076,1909f56bfc062723c751e8b465ee728b)  -> (artifact id: '3c9a7ce1c6c95f25e814fb2fe9142779') in 0.008185 seconds 
========================================================================
Received Import Request.
  Time since last request: 0.000013 seconds.
  path: Packages/com.unity.probuilder/Content/Icons/Toolbar/Selection_Invert.png
  artifactKey: Guid(1e81779d9a73a4572971700ad1ce0fe3) Importer(815301076,1909f56bfc062723c751e8b465ee728b)
Start importing Packages/com.unity.probuilder/Content/Icons/Toolbar/Selection_Invert.png using Guid(1e81779d9a73a4572971700ad1ce0fe3) Importer(815301076,1909f56bfc062723c751e8b465ee728b)  -> (artifact id: '61d7e70df734df8fc9a6b0dd2c9942fd') in 0.008676 seconds 
========================================================================
Received Import Request.
  Time since last request: 0.000014 seconds.
  path: Packages/com.unity.probuilder/Content/Icons/Toolbar/Pivot_CenterOnElements.png
  artifactKey: Guid(a112cd603fe664fb18e73b0700b4039f) Importer(815301076,1909f56bfc062723c751e8b465ee728b)
Start importing Packages/com.unity.probuilder/Content/Icons/Toolbar/Pivot_CenterOnElements.png using Guid(a112cd603fe664fb18e73b0700b4039f) Importer(815301076,1909f56bfc062723c751e8b465ee728b)  -> (artifact id: 'dca18ff18ab890af46ad391940a35a69') in 0.007781 seconds 
========================================================================
Received Import Request.
  Time since last request: 0.000014 seconds.
  path: Packages/com.unity.probuilder/Content/Icons/Toolbar/Selection_Rect_Complete.png
  artifactKey: Guid(07e89e2d154d04623b0fb96b6bfc29bf) Importer(815301076,1909f56bfc062723c751e8b465ee728b)
Start importing Packages/com.unity.probuilder/Content/Icons/Toolbar/Selection_Rect_Complete.png using Guid(07e89e2d154d04623b0fb96b6bfc29bf) Importer(815301076,1909f56bfc062723c751e8b465ee728b)  -> (artifact id: '67b22d67db687d5fb7b251a69dc4993c') in 0.007273 seconds 
========================================================================
Received Import Request.
  Time since last request: 0.000014 seconds.
  path: Packages/com.unity.probuilder/Content/Icons/Toolbar/Edge_Extrude.png
  artifactKey: Guid(17ca372dc70ce445795e5327fd14617d) Importer(815301076,1909f56bfc062723c751e8b465ee728b)
Start importing Packages/com.unity.probuilder/Content/Icons/Toolbar/Edge_Extrude.png using Guid(17ca372dc70ce445795e5327fd14617d) Importer(815301076,1909f56bfc062723c751e8b465ee728b)  -> (artifact id: '6781dc3766d9f38cfe0f22fbab2d1a7f') in 0.007827 seconds 
========================================================================
Received Import Request.
  Time since last request: 0.000016 seconds.
  path: Packages/com.unity.probuilder/Content/Icons/Toolbar/Pivot_CenterOnElements_disabled.png
  artifactKey: Guid(cb4e6fc765183463cb5ab3522bfc607e) Importer(815301076,1909f56bfc062723c751e8b465ee728b)
Start importing Packages/com.unity.probuilder/Content/Icons/Toolbar/Pivot_CenterOnElements_disabled.png using Guid(cb4e6fc765183463cb5ab3522bfc607e) Importer(815301076,1909f56bfc062723c751e8b465ee728b)  -> (artifact id: 'f214748faec01205063d2bd9bcfe1af3') in 0.008298 seconds 
========================================================================
Received Import Request.
  Time since last request: 0.000017 seconds.
  path: Packages/com.unity.probuilder/Content/Icons/Toolbar/Object_ConformNormals.png
  artifactKey: Guid(810f66354dd304a43bcebe1a55601513) Importer(815301076,1909f56bfc062723c751e8b465ee728b)
Start importing Packages/com.unity.probuilder/Content/Icons/Toolbar/Object_ConformNormals.png using Guid(810f66354dd304a43bcebe1a55601513) Importer(815301076,1909f56bfc062723c751e8b465ee728b)  -> (artifact id: '63a61c00fcd555b14644318650b27808') in 0.007473 seconds 
========================================================================
Received Import Request.
  Time since last request: 0.000021 seconds.
  path: Packages/com.unity.probuilder/Content/Icons/Toolbar/Object_Subdivide.png
  artifactKey: Guid(241e08ff056bb40ea90eeb5745c045f8) Importer(815301076,1909f56bfc062723c751e8b465ee728b)
Start importing Packages/com.unity.probuilder/Content/Icons/Toolbar/Object_Subdivide.png using Guid(241e08ff056bb40ea90eeb5745c045f8) Importer(815301076,1909f56bfc062723c751e8b465ee728b)  -> (artifact id: '6442f82a0f0bff922ec37e6e4c429e69') in 0.008011 seconds 
========================================================================
Received Import Request.
  Time since last request: 0.000022 seconds.
  path: Packages/com.unity.probuilder/Content/Icons/Toolbar/Selection_SelectByVertexColor.png
  artifactKey: Guid(fd32b78549c224927a6139e8252f89c4) Importer(815301076,1909f56bfc062723c751e8b465ee728b)
Start importing Packages/com.unity.probuilder/Content/Icons/Toolbar/Selection_SelectByVertexColor.png using Guid(fd32b78549c224927a6139e8252f89c4) Importer(815301076,1909f56bfc062723c751e8b465ee728b)  -> (artifact id: '788f9905733b06bbd129e27a3e0267b9') in 0.007364 seconds 
========================================================================
Received Import Request.
  Time since last request: 0.000016 seconds.
  path: Packages/com.unity.probuilder/Content/Icons/Toolbar/Face_Merge_disabled.png
  artifactKey: Guid(b101a01607718410bb1121fee004c8b3) Importer(815301076,1909f56bfc062723c751e8b465ee728b)
Start importing Packages/com.unity.probuilder/Content/Icons/Toolbar/Face_Merge_disabled.png using Guid(b101a01607718410bb1121fee004c8b3) Importer(815301076,1909f56bfc062723c751e8b465ee728b)  -> (artifact id: '46a1318baa118d85e7b9d80b9201d650') in 0.008155 seconds 
========================================================================
Received Import Request.
  Time since last request: 0.000019 seconds.
  path: Packages/com.unity.probuilder/Content/Icons/Toolbar/Face_ConformNormals.png
  artifactKey: Guid(414975dfc411e44d5873e1298b1badc4) Importer(815301076,1909f56bfc062723c751e8b465ee728b)
Start importing Packages/com.unity.probuilder/Content/Icons/Toolbar/Face_ConformNormals.png using Guid(414975dfc411e44d5873e1298b1badc4) Importer(815301076,1909f56bfc062723c751e8b465ee728b)  -> (artifact id: 'e84c1a63a248bc9621468de7a3ee98e7') in 0.008278 seconds 
========================================================================
Received Import Request.
  Time since last request: 0.000016 seconds.
  path: Packages/com.unity.probuilder/Content/Icons/Toolbar/NewPolyShape.png
  artifactKey: Guid(242269b6d09cb4348a4916c9b919480f) Importer(815301076,1909f56bfc062723c751e8b465ee728b)
Start importing Packages/com.unity.probuilder/Content/Icons/Toolbar/NewPolyShape.png using Guid(242269b6d09cb4348a4916c9b919480f) Importer(815301076,1909f56bfc062723c751e8b465ee728b)  -> (artifact id: 'c0acf971f1331fd9bce7e7425a1b91d2') in 0.009817 seconds 
========================================================================
Received Import Request.
  Time since last request: 0.000012 seconds.
  path: Packages/com.unity.probuilder/Content/Icons/Toolbar/Selection_SelectBySmoothingGroup_disabled.png
  artifactKey: Guid(8bec663da129b44709d5b7ff7ddd153c) Importer(815301076,1909f56bfc062723c751e8b465ee728b)
Start importing Packages/com.unity.probuilder/Content/Icons/Toolbar/Selection_SelectBySmoothingGroup_disabled.png using Guid(8bec663da129b44709d5b7ff7ddd153c) Importer(815301076,1909f56bfc062723c751e8b465ee728b)  -> (artifact id: 'acb35c0d02ad2b0a257fc53c535ae2c1') in 0.008351 seconds 
========================================================================
Received Import Request.
  Time since last request: 0.000012 seconds.
  path: Packages/com.unity.probuilder/Content/Icons/Toolbar/Object_Triangulate.png
  artifactKey: Guid(70c6b7d05bf524f3bac5f89a3f4c8194) Importer(815301076,1909f56bfc062723c751e8b465ee728b)
Start importing Packages/com.unity.probuilder/Content/Icons/Toolbar/Object_Triangulate.png using Guid(70c6b7d05bf524f3bac5f89a3f4c8194) Importer(815301076,1909f56bfc062723c751e8b465ee728b)  -> (artifact id: 'a5fc657cdc85cd5e7f3790f004aaf6b7') in 0.010363 seconds 
========================================================================
Received Import Request.
  Time since last request: 0.000014 seconds.
  path: Packages/com.unity.probuilder/Content/Icons/Toolbar/Panel_UVEditor.png
  artifactKey: Guid(55fa51605a4cb4f1081d7ac92acfe939) Importer(815301076,1909f56bfc062723c751e8b465ee728b)
Start importing Packages/com.unity.probuilder/Content/Icons/Toolbar/Panel_UVEditor.png using Guid(55fa51605a4cb4f1081d7ac92acfe939) Importer(815301076,1909f56bfc062723c751e8b465ee728b)  -> (artifact id: '7dde787e0e2e895eb246e19f0bd62e79') in 0.010268 seconds 
========================================================================
Received Import Request.
  Time since last request: 0.000014 seconds.
  path: Packages/com.unity.probuilder/Content/Icons/Toolbar/Face_ConformNormals_disabled.png
  artifactKey: Guid(ca1d1fcc0cd01419bba2407bfdc263f4) Importer(815301076,1909f56bfc062723c751e8b465ee728b)
Start importing Packages/com.unity.probuilder/Content/Icons/Toolbar/Face_ConformNormals_disabled.png using Guid(ca1d1fcc0cd01419bba2407bfdc263f4) Importer(815301076,1909f56bfc062723c751e8b465ee728b)  -> (artifact id: '4b76fd0e491779508fee6d06c7f78b09') in 0.008085 seconds 
========================================================================
Received Import Request.
  Time since last request: 0.000014 seconds.
  path: Packages/com.unity.probuilder/Content/Icons/Toolbar/Panel_Boolean.png
  artifactKey: Guid(1f012abb1184a47c48035dd54530fb6e) Importer(815301076,1909f56bfc062723c751e8b465ee728b)
Start importing Packages/com.unity.probuilder/Content/Icons/Toolbar/Panel_Boolean.png using Guid(1f012abb1184a47c48035dd54530fb6e) Importer(815301076,1909f56bfc062723c751e8b465ee728b)  -> (artifact id: '617ad1ad1f3074297d0f0981369fa99f') in 0.008631 seconds 
========================================================================
Received Import Request.
  Time since last request: 0.000014 seconds.
  path: Packages/com.unity.probuilder/Content/Icons/Toolbar/ExtrudeFace_FaceNormals_disabled.png
  artifactKey: Guid(504f22e2501944c509a1de50190e680e) Importer(815301076,1909f56bfc062723c751e8b465ee728b)
Start importing Packages/com.unity.probuilder/Content/Icons/Toolbar/ExtrudeFace_FaceNormals_disabled.png using Guid(504f22e2501944c509a1de50190e680e) Importer(815301076,1909f56bfc062723c751e8b465ee728b)  -> (artifact id: 'bf112bec148b383821a519e29cc57eb9') in 0.006955 seconds 
========================================================================
Received Import Request.
  Time since last request: 0.000013 seconds.
  path: Packages/com.unity.probuilder/Content/Icons/Toolbar/Selection_Ring_Face.png
  artifactKey: Guid(cac1fca893e56468c9d18e0492d55653) Importer(815301076,1909f56bfc062723c751e8b465ee728b)
Start importing Packages/com.unity.probuilder/Content/Icons/Toolbar/Selection_Ring_Face.png using Guid(cac1fca893e56468c9d18e0492d55653) Importer(815301076,1909f56bfc062723c751e8b465ee728b)  -> (artifact id: 'f350e796fb2fe70bd7e84bf8d41282e9') in 0.008794 seconds 
========================================================================
Received Import Request.
  Time since last request: 0.000013 seconds.
  path: Packages/com.unity.probuilder/Content/Icons/Toolbar/Object_ProBuilderize_disabled.png
  artifactKey: Guid(a4aab6c0e7ac6441c8bdf395d78415a0) Importer(815301076,1909f56bfc062723c751e8b465ee728b)
Start importing Packages/com.unity.probuilder/Content/Icons/Toolbar/Object_ProBuilderize_disabled.png using Guid(a4aab6c0e7ac6441c8bdf395d78415a0) Importer(815301076,1909f56bfc062723c751e8b465ee728b)  -> (artifact id: '7c59d4f6a35d8b4df2d528ad6bf85b6a') in 0.007209 seconds 
========================================================================
Received Import Request.
  Time since last request: 0.000015 seconds.
  path: Packages/com.unity.probuilder/Content/Icons/Toolbar/Pivot_Reset_disabled.png
  artifactKey: Guid(cc4d84aa3336c4f31ab4948641fffe9e) Importer(815301076,1909f56bfc062723c751e8b465ee728b)
Start importing Packages/com.unity.probuilder/Content/Icons/Toolbar/Pivot_Reset_disabled.png using Guid(cc4d84aa3336c4f31ab4948641fffe9e) Importer(815301076,1909f56bfc062723c751e8b465ee728b)  -> (artifact id: 'a7361b3f6158b9da6c7d43e2e45e84e0') in 0.007951 seconds 
========================================================================
Received Import Request.
  Time since last request: 0.000013 seconds.
  path: Packages/com.unity.probuilder/Content/Icons/Toolbar/Edge_Bevel_disabled.png
  artifactKey: Guid(856657b62858748498f0ca756ea934af) Importer(815301076,1909f56bfc062723c751e8b465ee728b)
Start importing Packages/com.unity.probuilder/Content/Icons/Toolbar/Edge_Bevel_disabled.png using Guid(856657b62858748498f0ca756ea934af) Importer(815301076,1909f56bfc062723c751e8b465ee728b)  -> (artifact id: '5ba0d6f09e5d9fdbc8c001db4b73a281') in 0.007507 seconds 
========================================================================
Received Import Request.
  Time since last request: 0.000013 seconds.
  path: Packages/com.unity.probuilder/Content/Icons/Toolbar/Selection_SelectByVertexColor_disabled.png
  artifactKey: Guid(da6f8820c1503491d877372224bd107e) Importer(815301076,1909f56bfc062723c751e8b465ee728b)
Start importing Packages/com.unity.probuilder/Content/Icons/Toolbar/Selection_SelectByVertexColor_disabled.png using Guid(da6f8820c1503491d877372224bd107e) Importer(815301076,1909f56bfc062723c751e8b465ee728b)  -> (artifact id: 'c9cf2f980a9efec97d3930860da78452') in 0.006972 seconds 
========================================================================
Received Import Request.
  Time since last request: 0.000013 seconds.
  path: Packages/com.unity.probuilder/Content/Icons/Toolbar/ProOnly.png
  artifactKey: Guid(6db74a7ca279d45b58ab5d9be550ded6) Importer(815301076,1909f56bfc062723c751e8b465ee728b)
Start importing Packages/com.unity.probuilder/Content/Icons/Toolbar/ProOnly.png using Guid(6db74a7ca279d45b58ab5d9be550ded6) Importer(815301076,1909f56bfc062723c751e8b465ee728b)  -> (artifact id: '64d23de98d7bfbe9f39f57ce0bb0da7a') in 0.007824 seconds 
========================================================================
Received Import Request.
  Time since last request: 0.000014 seconds.
  path: Packages/com.unity.probuilder/Content/Icons/Toolbar/Edge_Bevel.png
  artifactKey: Guid(43dee953c3e16437c905284d61f0b482) Importer(815301076,1909f56bfc062723c751e8b465ee728b)
Start importing Packages/com.unity.probuilder/Content/Icons/Toolbar/Edge_Bevel.png using Guid(43dee953c3e16437c905284d61f0b482) Importer(815301076,1909f56bfc062723c751e8b465ee728b)  -> (artifact id: 'e19f83dae2928b49d968682d57b28673') in 0.008488 seconds 
========================================================================
Received Import Request.
  Time since last request: 0.000015 seconds.
  path: Packages/com.unity.probuilder/Content/Icons/Toolbar/Eye_Off.png
  artifactKey: Guid(ed0f7a8b882ee4f6abefc9996d60afc2) Importer(815301076,1909f56bfc062723c751e8b465ee728b)
Start importing Packages/com.unity.probuilder/Content/Icons/Toolbar/Eye_Off.png using Guid(ed0f7a8b882ee4f6abefc9996d60afc2) Importer(815301076,1909f56bfc062723c751e8b465ee728b)  -> (artifact id: 'd59245fe43cc6c12fd8c8501a9fb295a') in 0.008006 seconds 
========================================================================
Received Import Request.
  Time since last request: 0.000025 seconds.
  path: Packages/com.unity.probuilder/Content/Icons/Toolbar/Panel_GeoDrawing.png
  artifactKey: Guid(d662a44726f8f4ae7bfe880c93229aa0) Importer(815301076,1909f56bfc062723c751e8b465ee728b)
Start importing Packages/com.unity.probuilder/Content/Icons/Toolbar/Panel_GeoDrawing.png using Guid(d662a44726f8f4ae7bfe880c93229aa0) Importer(815301076,1909f56bfc062723c751e8b465ee728b)  -> (artifact id: 'da3be932506692d3b268ee57e300de4d') in 0.007992 seconds 
========================================================================
Received Import Request.
  Time since last request: 0.000019 seconds.
  path: Packages/com.unity.probuilder/Content/Icons/Toolbar/Selection_ShiftDifference.png
  artifactKey: Guid(b502e988e29114734b0025a00dcd8c16) Importer(815301076,1909f56bfc062723c751e8b465ee728b)
Start importing Packages/com.unity.probuilder/Content/Icons/Toolbar/Selection_ShiftDifference.png using Guid(b502e988e29114734b0025a00dcd8c16) Importer(815301076,1909f56bfc062723c751e8b465ee728b)  -> (artifact id: '1200aac21089ee9a0e138fe7ac464874') in 0.007773 seconds 
========================================================================
Received Import Request.
  Time since last request: 0.000013 seconds.
  path: Packages/com.unity.probuilder/Content/Icons/Toolbar/Object_Merge_disabled.png
  artifactKey: Guid(c07b62d30e3124a66bca5735d1cbb0d9) Importer(815301076,1909f56bfc062723c751e8b465ee728b)
Start importing Packages/com.unity.probuilder/Content/Icons/Toolbar/Object_Merge_disabled.png using Guid(c07b62d30e3124a66bca5735d1cbb0d9) Importer(815301076,1909f56bfc062723c751e8b465ee728b)  -> (artifact id: 'e020fddede096e466aa1f2c4a0a75595') in 0.007774 seconds 
========================================================================
Received Import Request.
  Time since last request: 0.000013 seconds.
  path: Packages/com.unity.probuilder/Content/Icons/Toolbar/Selection_Invert_disabled.png
  artifactKey: Guid(0fe35217875224a76b74cc8207629d22) Importer(815301076,1909f56bfc062723c751e8b465ee728b)
Start importing Packages/com.unity.probuilder/Content/Icons/Toolbar/Selection_Invert_disabled.png using Guid(0fe35217875224a76b74cc8207629d22) Importer(815301076,1909f56bfc062723c751e8b465ee728b)  -> (artifact id: '01f3be59e788b72c3ef18cf81150acba') in 0.007978 seconds 
========================================================================
Received Import Request.
  Time since last request: 0.000014 seconds.
  path: Packages/com.unity.probuilder/Content/Icons/Toolbar/HandleAlign_Local.png
  artifactKey: Guid(a187dcc3eec2047b38062e5def2d4dd7) Importer(815301076,1909f56bfc062723c751e8b465ee728b)
Start importing Packages/com.unity.probuilder/Content/Icons/Toolbar/HandleAlign_Local.png using Guid(a187dcc3eec2047b38062e5def2d4dd7) Importer(815301076,1909f56bfc062723c751e8b465ee728b)  -> (artifact id: '9e0c452a435b6d9434c369ff7ea0e2ef') in 0.007640 seconds 
========================================================================
Received Import Request.
  Time since last request: 0.000014 seconds.
  path: Packages/com.unity.probuilder/Content/Icons/Toolbar/Eye_Off_Light.png
  artifactKey: Guid(cccc6eb3fc17b4849a884fe8daff10cc) Importer(815301076,1909f56bfc062723c751e8b465ee728b)
Start importing Packages/com.unity.probuilder/Content/Icons/Toolbar/Eye_Off_Light.png using Guid(cccc6eb3fc17b4849a884fe8daff10cc) Importer(815301076,1909f56bfc062723c751e8b465ee728b)  -> (artifact id: 'fea30533e70834fd07fae7413a5ab515') in 0.007379 seconds 
========================================================================
Received Import Request.
  Time since last request: 0.000016 seconds.
  path: Packages/com.unity.probuilder/Content/Icons/Toolbar/Selection_Loop_disabled.png
  artifactKey: Guid(f0334c0bc6d0e4053bbb3d22950b5ad5) Importer(815301076,1909f56bfc062723c751e8b465ee728b)
Start importing Packages/com.unity.probuilder/Content/Icons/Toolbar/Selection_Loop_disabled.png using Guid(f0334c0bc6d0e4053bbb3d22950b5ad5) Importer(815301076,1909f56bfc062723c751e8b465ee728b)  -> (artifact id: 'b0c1415a6ccaf2aab9a318324f2d8bfa') in 0.008054 seconds 
========================================================================
Received Import Request.
  Time since last request: 0.000012 seconds.
  path: Packages/com.unity.probuilder/Content/Icons/Toolbar/Pivot_CenterOnObject_disabled.png
  artifactKey: Guid(681feae1fa1564753add1c7f0d1f8201) Importer(815301076,1909f56bfc062723c751e8b465ee728b)
Start importing Packages/com.unity.probuilder/Content/Icons/Toolbar/Pivot_CenterOnObject_disabled.png using Guid(681feae1fa1564753add1c7f0d1f8201) Importer(815301076,1909f56bfc062723c751e8b465ee728b)  -> (artifact id: '55c90e090526f7f378af39525eed6705') in 0.007874 seconds 
========================================================================
Received Import Request.
  Time since last request: 0.000014 seconds.
  path: Packages/com.unity.probuilder/Content/Icons/Toolbar/Options.png
  artifactKey: Guid(62abaf77b3059466288eeb593d07d59a) Importer(815301076,1909f56bfc062723c751e8b465ee728b)
Start importing Packages/com.unity.probuilder/Content/Icons/Toolbar/Options.png using Guid(62abaf77b3059466288eeb593d07d59a) Importer(815301076,1909f56bfc062723c751e8b465ee728b)  -> (artifact id: 'cb332f4008bfe37e6f559f888017e6e7') in 0.008065 seconds 
========================================================================
Received Import Request.
  Time since last request: 0.000017 seconds.
  path: Packages/com.unity.probuilder/Content/Icons/Toolbar/Panel_Smoothing.png
  artifactKey: Guid(cdf1fb390ba0745ff99b8f37be0803e6) Importer(815301076,1909f56bfc062723c751e8b465ee728b)
Start importing Packages/com.unity.probuilder/Content/Icons/Toolbar/Panel_Smoothing.png using Guid(cdf1fb390ba0745ff99b8f37be0803e6) Importer(815301076,1909f56bfc062723c751e8b465ee728b)  -> (artifact id: '4c10f82a103f0cf8f3af934474f7d73e') in 0.008310 seconds 
========================================================================
Received Import Request.
  Time since last request: 0.000014 seconds.
  path: Packages/com.unity.probuilder/Content/Icons/Toolbar/Selection_Grow_disabled.png
  artifactKey: Guid(e15de6045960a4d53b088c0addcc390d) Importer(815301076,1909f56bfc062723c751e8b465ee728b)
Start importing Packages/com.unity.probuilder/Content/Icons/Toolbar/Selection_Grow_disabled.png using Guid(e15de6045960a4d53b088c0addcc390d) Importer(815301076,1909f56bfc062723c751e8b465ee728b)  -> (artifact id: 'db4cfe4083a8d3c6ac6a093f457a73e8') in 0.008196 seconds 
========================================================================
Received Import Request.
  Time since last request: 0.000014 seconds.
  path: Packages/com.unity.probuilder/Content/Icons/Toolbar/Face_FlipNormals_disabled.png
  artifactKey: Guid(737f5ea0ac9e84e078766b1d2a99b7f3) Importer(815301076,1909f56bfc062723c751e8b465ee728b)
Start importing Packages/com.unity.probuilder/Content/Icons/Toolbar/Face_FlipNormals_disabled.png using Guid(737f5ea0ac9e84e078766b1d2a99b7f3) Importer(815301076,1909f56bfc062723c751e8b465ee728b)  -> (artifact id: 'b4222bc2247fa61d69585fae9566209e') in 0.007649 seconds 
========================================================================
Received Import Request.
  Time since last request: 0.000014 seconds.
  path: Packages/com.unity.probuilder/Content/Icons/Toolbar/Button_Hover.png
  artifactKey: Guid(46d3dcf42ff5c4ccf805503767dae289) Importer(815301076,1909f56bfc062723c751e8b465ee728b)
Start importing Packages/com.unity.probuilder/Content/Icons/Toolbar/Button_Hover.png using Guid(46d3dcf42ff5c4ccf805503767dae289) Importer(815301076,1909f56bfc062723c751e8b465ee728b)  -> (artifact id: '93cc139d9c85c91bc5b7f852f888c5de') in 0.008321 seconds 
========================================================================
Received Import Request.
  Time since last request: 0.000017 seconds.
  path: Packages/com.unity.probuilder/Content/Icons/Toolbar/Edge_InsertLoop.png
  artifactKey: Guid(c84a11398243f4f019945e198b15e027) Importer(815301076,1909f56bfc062723c751e8b465ee728b)
Start importing Packages/com.unity.probuilder/Content/Icons/Toolbar/Edge_InsertLoop.png using Guid(c84a11398243f4f019945e198b15e027) Importer(815301076,1909f56bfc062723c751e8b465ee728b)  -> (artifact id: 'cdcf48989b4159c348b072ad96a2df8c') in 0.008203 seconds 
========================================================================
Received Import Request.
  Time since last request: 0.000024 seconds.
  path: Packages/com.unity.probuilder/Content/Icons/Toolbar/Eye_On.png
  artifactKey: Guid(b6d07916b2876498ebc65ab5a16ed9c5) Importer(815301076,1909f56bfc062723c751e8b465ee728b)
Start importing Packages/com.unity.probuilder/Content/Icons/Toolbar/Eye_On.png using Guid(b6d07916b2876498ebc65ab5a16ed9c5) Importer(815301076,1909f56bfc062723c751e8b465ee728b)  -> (artifact id: '6c0d48ede579adf76e0da73398fd8583') in 0.007825 seconds 
========================================================================
Received Import Request.
  Time since last request: 0.000016 seconds.
  path: Packages/com.unity.probuilder/Content/Icons/Toolbar/HandleAlign_World.png
  artifactKey: Guid(07353549ad6f54463b035ea6bcc87fc8) Importer(815301076,1909f56bfc062723c751e8b465ee728b)
Start importing Packages/com.unity.probuilder/Content/Icons/Toolbar/HandleAlign_World.png using Guid(07353549ad6f54463b035ea6bcc87fc8) Importer(815301076,1909f56bfc062723c751e8b465ee728b)  -> (artifact id: '5bfde68fbcd4f1f598b03cdfd59d4ec8') in 0.007552 seconds 
========================================================================
Received Import Request.
  Time since last request: 0.000013 seconds.
  path: Packages/com.unity.probuilder/Content/Icons/Toolbar/Button_Normal_Horizontal.png
  artifactKey: Guid(2784dca559ce34a9a8e44028c547a3a0) Importer(815301076,1909f56bfc062723c751e8b465ee728b)
Start importing Packages/com.unity.probuilder/Content/Icons/Toolbar/Button_Normal_Horizontal.png using Guid(2784dca559ce34a9a8e44028c547a3a0) Importer(815301076,1909f56bfc062723c751e8b465ee728b)  -> (artifact id: '0049ccbbc5bcdcf18ac806882a4caf64') in 0.007783 seconds 
========================================================================
Received Import Request.
  Time since last request: 0.000016 seconds.
  path: Packages/com.unity.probuilder/Content/Icons/Toolbar/Selection_Ring.png
  artifactKey: Guid(dda70ebc32c4c49b3a6187d6ded83f5b) Importer(815301076,1909f56bfc062723c751e8b465ee728b)
Start importing Packages/com.unity.probuilder/Content/Icons/Toolbar/Selection_Ring.png using Guid(dda70ebc32c4c49b3a6187d6ded83f5b) Importer(815301076,1909f56bfc062723c751e8b465ee728b)  -> (artifact id: 'c8c4085a4e150d1589f3f7a5f544361b') in 0.008363 seconds 
========================================================================
Received Import Request.
  Time since last request: 0.000021 seconds.
  path: Packages/com.unity.probuilder/Content/Icons/Toolbar/Offset.png
  artifactKey: Guid(80e67fafea209ad4aa1459b80c8db968) Importer(815301076,1909f56bfc062723c751e8b465ee728b)
Start importing Packages/com.unity.probuilder/Content/Icons/Toolbar/Offset.png using Guid(80e67fafea209ad4aa1459b80c8db968) Importer(815301076,1909f56bfc062723c751e8b465ee728b)  -> (artifact id: 'fd37777c3bb282b35e3f89324a8a36c4') in 0.007732 seconds 
========================================================================
Received Import Request.
  Time since last request: 0.000018 seconds.
  path: Packages/com.unity.probuilder/Content/Icons/Toolbar/Help.png
  artifactKey: Guid(85fe0ebd4e86846489f61740f277ec45) Importer(815301076,1909f56bfc062723c751e8b465ee728b)
Start importing Packages/com.unity.probuilder/Content/Icons/Toolbar/Help.png using Guid(85fe0ebd4e86846489f61740f277ec45) Importer(815301076,1909f56bfc062723c751e8b465ee728b)  -> (artifact id: '689a1057f19dabcb95bf1de145470286') in 0.010096 seconds 
========================================================================
Received Import Request.
  Time since last request: 0.000016 seconds.
  path: Packages/com.unity.probuilder/Content/Icons/Toolbar/Face_BreakSmoothing.png
  artifactKey: Guid(530fa8faf4a75475a91594dc67b3d727) Importer(815301076,1909f56bfc062723c751e8b465ee728b)
Start importing Packages/com.unity.probuilder/Content/Icons/Toolbar/Face_BreakSmoothing.png using Guid(530fa8faf4a75475a91594dc67b3d727) Importer(815301076,1909f56bfc062723c751e8b465ee728b)  -> (artifact id: '5f1612c74f1bd6d2eda97ae55a461829') in 0.007253 seconds 
========================================================================
Received Import Request.
  Time since last request: 0.000017 seconds.
  path: Packages/com.unity.probuilder/Content/Icons/Toolbar/Eye_On_Light.png
  artifactKey: Guid(3dff706792e13044cbec81860f71fb48) Importer(815301076,1909f56bfc062723c751e8b465ee728b)
Start importing Packages/com.unity.probuilder/Content/Icons/Toolbar/Eye_On_Light.png using Guid(3dff706792e13044cbec81860f71fb48) Importer(815301076,1909f56bfc062723c751e8b465ee728b)  -> (artifact id: '9acdf671ed502145a349b816db563f25') in 0.008165 seconds 
========================================================================
Received Import Request.
  Time since last request: 0.000015 seconds.
  path: Packages/com.unity.probuilder/Content/Icons/Toolbar/Edge_Extrude_disabled.png
  artifactKey: Guid(d9267088ae9cb49389e48118c2a3b389) Importer(815301076,1909f56bfc062723c751e8b465ee728b)
Start importing Packages/com.unity.probuilder/Content/Icons/Toolbar/Edge_Extrude_disabled.png using Guid(d9267088ae9cb49389e48118c2a3b389) Importer(815301076,1909f56bfc062723c751e8b465ee728b)  -> (artifact id: '3178f69b9127020838eaa556d35c0230') in 0.008554 seconds 
========================================================================
Received Import Request.
  Time since last request: 0.000017 seconds.
  path: Packages/com.unity.probuilder/Content/Icons/Toolbar/Face_Subdivide.png
  artifactKey: Guid(f39740293786844af83a632bff1665d9) Importer(815301076,1909f56bfc062723c751e8b465ee728b)
Start importing Packages/com.unity.probuilder/Content/Icons/Toolbar/Face_Subdivide.png using Guid(f39740293786844af83a632bff1665d9) Importer(815301076,1909f56bfc062723c751e8b465ee728b)  -> (artifact id: 'b0647f94ff4e451809ba6ad834cc3985') in 0.008793 seconds 
========================================================================
Received Import Request.
  Time since last request: 0.000018 seconds.
  path: Packages/com.unity.probuilder/Content/Icons/Toolbar/Object_Mirror.png
  artifactKey: Guid(f62ae14c596ce4e8baec2ac12e0325cb) Importer(815301076,1909f56bfc062723c751e8b465ee728b)
Start importing Packages/com.unity.probuilder/Content/Icons/Toolbar/Object_Mirror.png using Guid(f62ae14c596ce4e8baec2ac12e0325cb) Importer(815301076,1909f56bfc062723c751e8b465ee728b)  -> (artifact id: '46cad8302c9bef936b60f897035bedba') in 0.008293 seconds 
========================================================================
Received Import Request.
  Time since last request: 0.000014 seconds.
  path: Packages/com.unity.probuilder/Content/Icons/Toolbar/Mode_Object.png
  artifactKey: Guid(3cfa89a4662de4f0898745f39286b955) Importer(815301076,1909f56bfc062723c751e8b465ee728b)
Start importing Packages/com.unity.probuilder/Content/Icons/Toolbar/Mode_Object.png using Guid(3cfa89a4662de4f0898745f39286b955) Importer(815301076,1909f56bfc062723c751e8b465ee728b)  -> (artifact id: '2e12bc8dabfb8e08b463df8b68cd592d') in 0.007923 seconds 
========================================================================
Received Import Request.
  Time since last request: 0.000015 seconds.
  path: Packages/com.unity.probuilder/Content/Icons/Toolbar/Face_Merge.png
  artifactKey: Guid(9a25118aa31374ba3a5030600816a351) Importer(815301076,1909f56bfc062723c751e8b465ee728b)
Start importing Packages/com.unity.probuilder/Content/Icons/Toolbar/Face_Merge.png using Guid(9a25118aa31374ba3a5030600816a351) Importer(815301076,1909f56bfc062723c751e8b465ee728b)  -> (artifact id: 'f32cd19165580c4985a9367ed8c09238') in 0.008440 seconds 
========================================================================
Received Import Request.
  Time since last request: 0.000014 seconds.
  path: Packages/com.unity.probuilder/Content/Icons/Toolbar/ExtrudeFace_FaceNormals.png
  artifactKey: Guid(452fce3d684314606b2da9b5dbf4eb8e) Importer(815301076,1909f56bfc062723c751e8b465ee728b)
Start importing Packages/com.unity.probuilder/Content/Icons/Toolbar/ExtrudeFace_FaceNormals.png using Guid(452fce3d684314606b2da9b5dbf4eb8e) Importer(815301076,1909f56bfc062723c751e8b465ee728b)  -> (artifact id: '8bef134faffc6d0d7a5192a5afcee0da') in 0.008369 seconds 
========================================================================
Received Import Request.
  Time since last request: 0.000014 seconds.
  path: Packages/com.unity.probuilder/Content/Icons/Toolbar/Edge_Connect.png
  artifactKey: Guid(a8aaa3be9d93e4e979be2cdb9b36c5a7) Importer(815301076,1909f56bfc062723c751e8b465ee728b)
Start importing Packages/com.unity.probuilder/Content/Icons/Toolbar/Edge_Connect.png using Guid(a8aaa3be9d93e4e979be2cdb9b36c5a7) Importer(815301076,1909f56bfc062723c751e8b465ee728b)  -> (artifact id: 'b0e08ccd376d1dcbc6969068a05712d8') in 0.007557 seconds 
========================================================================
Received Import Request.
  Time since last request: 0.000013 seconds.
  path: Packages/com.unity.probuilder/Content/Icons/Toolbar/Face_Delete_disabled.png
  artifactKey: Guid(881426ae389ce4286a6761438a81f7a9) Importer(815301076,1909f56bfc062723c751e8b465ee728b)
Start importing Packages/com.unity.probuilder/Content/Icons/Toolbar/Face_Delete_disabled.png using Guid(881426ae389ce4286a6761438a81f7a9) Importer(815301076,1909f56bfc062723c751e8b465ee728b)  -> (artifact id: '4d51082960f3ec9b2aff7a0d6bff35f4') in 0.010332 seconds 
========================================================================
Received Import Request.
  Time since last request: 0.000016 seconds.
  path: Packages/com.unity.probuilder/Content/Icons/Toolbar/Mode_Vert.png
  artifactKey: Guid(550d1cbeeb52b4f8694139628f2604ef) Importer(815301076,1909f56bfc062723c751e8b465ee728b)
Start importing Packages/com.unity.probuilder/Content/Icons/Toolbar/Mode_Vert.png using Guid(550d1cbeeb52b4f8694139628f2604ef) Importer(815301076,1909f56bfc062723c751e8b465ee728b)  -> (artifact id: '53fc0ae3ad5f30383127176b99b5eae2') in 0.008584 seconds 
========================================================================
Received Import Request.
  Time since last request: 0.000018 seconds.
  path: Packages/com.unity.probuilder/Content/Icons/Toolbar/Face_Duplicate_disabled.png
  artifactKey: Guid(9fb527c1d5169144fac9f1e2a44989a7) Importer(815301076,1909f56bfc062723c751e8b465ee728b)
Start importing Packages/com.unity.probuilder/Content/Icons/Toolbar/Face_Duplicate_disabled.png using Guid(9fb527c1d5169144fac9f1e2a44989a7) Importer(815301076,1909f56bfc062723c751e8b465ee728b)  -> (artifact id: '536a2ff1dc3c16b57d6fea76f9b91904') in 0.007955 seconds 
========================================================================
Received Import Request.
  Time since last request: 0.000018 seconds.
  path: Packages/com.unity.probuilder/Content/Icons/Toolbar/ExtrudeFace_VertexNormals.png
  artifactKey: Guid(43ec922af57f445fab34eb16c76ee135) Importer(815301076,1909f56bfc062723c751e8b465ee728b)
Start importing Packages/com.unity.probuilder/Content/Icons/Toolbar/ExtrudeFace_VertexNormals.png using Guid(43ec922af57f445fab34eb16c76ee135) Importer(815301076,1909f56bfc062723c751e8b465ee728b)  -> (artifact id: 'ce2ea813938fabfcba63f9535c8c19a2') in 0.008062 seconds 
========================================================================
Received Import Request.
  Time since last request: 0.000015 seconds.
  path: Packages/com.unity.probuilder/Content/Icons/Toolbar/Face_FlipTri.png
  artifactKey: Guid(8160430d66b1b46058a38d6eb90f9c5d) Importer(815301076,1909f56bfc062723c751e8b465ee728b)
Start importing Packages/com.unity.probuilder/Content/Icons/Toolbar/Face_FlipTri.png using Guid(8160430d66b1b46058a38d6eb90f9c5d) Importer(815301076,1909f56bfc062723c751e8b465ee728b)  -> (artifact id: '8ea8b2057a24263ca0319e2efb7c2f39') in 0.008165 seconds 
========================================================================
Received Import Request.
  Time since last request: 0.000017 seconds.
  path: Packages/com.unity.probuilder/Content/Icons/Toolbar/Bezier_Aligned.png
  artifactKey: Guid(bf4846dc2a1a844a29268dbc71f1c454) Importer(815301076,1909f56bfc062723c751e8b465ee728b)
Start importing Packages/com.unity.probuilder/Content/Icons/Toolbar/Bezier_Aligned.png using Guid(bf4846dc2a1a844a29268dbc71f1c454) Importer(815301076,1909f56bfc062723c751e8b465ee728b)  -> (artifact id: 'e662db5365b82a2b9860f6b2ba390857') in 0.008287 seconds 
========================================================================
Received Import Request.
  Time since last request: 0.000026 seconds.
  path: Packages/com.unity.probuilder/Content/Icons/Toolbar/Bezier_Free.png
  artifactKey: Guid(da4df1da6f6124e98950375683b8fe1b) Importer(815301076,1909f56bfc062723c751e8b465ee728b)
Start importing Packages/com.unity.probuilder/Content/Icons/Toolbar/Bezier_Free.png using Guid(da4df1da6f6124e98950375683b8fe1b) Importer(815301076,1909f56bfc062723c751e8b465ee728b)  -> (artifact id: 'cd76c7caa5f2d18ddc42add2fce2ccd4') in 0.008254 seconds 
========================================================================
Received Import Request.
  Time since last request: 0.000017 seconds.
  path: Packages/com.unity.probuilder/Content/Icons/Toolbar/Object_Mirror_disabled.png
  artifactKey: Guid(23809919cfbb5422c8c41a5ab9109723) Importer(815301076,1909f56bfc062723c751e8b465ee728b)
Start importing Packages/com.unity.probuilder/Content/Icons/Toolbar/Object_Mirror_disabled.png using Guid(23809919cfbb5422c8c41a5ab9109723) Importer(815301076,1909f56bfc062723c751e8b465ee728b)  -> (artifact id: 'dad88aa327c15f10f739e0ded32def7e') in 0.008451 seconds 
========================================================================
Received Import Request.
  Time since last request: 0.000019 seconds.
  path: Packages/com.unity.probuilder/Content/Icons/Toolbar/Selection_SelectByMaterial_disabled.png
  artifactKey: Guid(07b70a092b6df4d37add639c429acb2b) Importer(815301076,1909f56bfc062723c751e8b465ee728b)
Start importing Packages/com.unity.probuilder/Content/Icons/Toolbar/Selection_SelectByMaterial_disabled.png using Guid(07b70a092b6df4d37add639c429acb2b) Importer(815301076,1909f56bfc062723c751e8b465ee728b)  -> (artifact id: 'ee6acfddcf105f86b91278e9ab333de4') in 0.007653 seconds 
========================================================================
Received Import Request.
  Time since last request: 0.000014 seconds.
  path: Packages/com.unity.probuilder/Content/Icons/Toolbar/NewBezierSpline.png
  artifactKey: Guid(2e64adba6c17a4993b85912f715560db) Importer(815301076,1909f56bfc062723c751e8b465ee728b)
Start importing Packages/com.unity.probuilder/Content/Icons/Toolbar/NewBezierSpline.png using Guid(2e64adba6c17a4993b85912f715560db) Importer(815301076,1909f56bfc062723c751e8b465ee728b)  -> (artifact id: 'c2cde7d8a1d8530f16cf3da44e928b6a') in 0.008709 seconds 
========================================================================
Received Import Request.
  Time since last request: 0.000018 seconds.
  path: Packages/com.unity.probuilder/Content/Icons/Toolbar/Object_Triangulate_disabled.png
  artifactKey: Guid(31913ad76661a4a7ab667ceabd697359) Importer(815301076,1909f56bfc062723c751e8b465ee728b)
Start importing Packages/com.unity.probuilder/Content/Icons/Toolbar/Object_Triangulate_disabled.png using Guid(31913ad76661a4a7ab667ceabd697359) Importer(815301076,1909f56bfc062723c751e8b465ee728b)  -> (artifact id: '5c9c41bc83835daf7191e986c5e3e002') in 0.009057 seconds 
========================================================================
Received Import Request.
  Time since last request: 0.000013 seconds.
  path: Packages/com.unity.probuilder/Content/Icons/Toolbar/Offset_disabled.png
  artifactKey: Guid(aca75d0125fbd4d4a89b5e9126a76d20) Importer(815301076,1909f56bfc062723c751e8b465ee728b)
Start importing Packages/com.unity.probuilder/Content/Icons/Toolbar/Offset_disabled.png using Guid(aca75d0125fbd4d4a89b5e9126a76d20) Importer(815301076,1909f56bfc062723c751e8b465ee728b)  -> (artifact id: 'bc1633c9566a83e06bbef506d3d85e1e') in 0.008170 seconds 
========================================================================
Received Import Request.
  Time since last request: 0.860984 seconds.
  path: Packages/com.unity.probuilder/Content/Icons/Tools
  artifactKey: Guid(ae94181be3f32484085bb1b8b672e9f3) Importer(815301076,1909f56bfc062723c751e8b465ee728b)
Start importing Packages/com.unity.probuilder/Content/Icons/Tools using Guid(ae94181be3f32484085bb1b8b672e9f3) Importer(815301076,1909f56bfc062723c751e8b465ee728b)  -> (artifact id: '28f90f93002cb50368fda31eb4cd95fe') in 0.004816 seconds 
========================================================================
Received Import Request.
  Time since last request: 0.034027 seconds.
  path: Packages/com.unity.probuilder/Content/Icons/Tools/EditShape.png
  artifactKey: Guid(cbfec015ad070dd4493bdf6c736c6e92) Importer(815301076,1909f56bfc062723c751e8b465ee728b)
Start importing Packages/com.unity.probuilder/Content/Icons/Tools/EditShape.png using Guid(cbfec015ad070dd4493bdf6c736c6e92) Importer(815301076,1909f56bfc062723c751e8b465ee728b)  -> (artifact id: '1a7debe7104ae06be65b877b971bcb39') in 0.016727 seconds 
========================================================================
Received Import Request.
  Time since last request: 0.000017 seconds.
  path: Packages/com.unity.probuilder/Content/Icons/Tools/EditShape_Light.png
  artifactKey: Guid(871495a638885fb4a8d84844bdd6aa55) Importer(815301076,1909f56bfc062723c751e8b465ee728b)
Start importing Packages/com.unity.probuilder/Content/Icons/Tools/EditShape_Light.png using Guid(871495a638885fb4a8d84844bdd6aa55) Importer(815301076,1909f56bfc062723c751e8b465ee728b)  -> (artifact id: '691b2805b7aa5beb66e294e6906af06f') in 0.007655 seconds 
========================================================================
Received Import Request.
  Time since last request: 8.978342 seconds.
  path: Packages/com.unity.probuilder/Content/Resources/Materials
  artifactKey: Guid(86a33916cf3294ac7ab58f89c2aa40b9) Importer(815301076,1909f56bfc062723c751e8b465ee728b)
Start importing Packages/com.unity.probuilder/Content/Resources/Materials using Guid(86a33916cf3294ac7ab58f89c2aa40b9) Importer(815301076,1909f56bfc062723c751e8b465ee728b)  -> (artifact id: '14951a3eddd9baf72b98b0d8964f3119') in 0.004400 seconds 
========================================================================
Received Import Request.
  Time since last request: 0.096565 seconds.
  path: Packages/com.unity.probuilder/Content/Resources/Materials/Collider.mat
  artifactKey: Guid(bbb235fff4f48426b863b36058ab66d2) Importer(815301076,1909f56bfc062723c751e8b465ee728b)
Start importing Packages/com.unity.probuilder/Content/Resources/Materials/Collider.mat using Guid(bbb235fff4f48426b863b36058ab66d2) Importer(815301076,1909f56bfc062723c751e8b465ee728b)  -> (artifact id: '34af097dcd687e7be568dbf2e175665a') in 0.027440 seconds 
========================================================================
Received Import Request.
  Time since last request: 0.000014 seconds.
  path: Packages/com.unity.probuilder/Content/Resources/Materials/UnlitVertexColor.mat
  artifactKey: Guid(29966c3c0907b49b58c4e59342d020cf) Importer(815301076,1909f56bfc062723c751e8b465ee728b)
Start importing Packages/com.unity.probuilder/Content/Resources/Materials/UnlitVertexColor.mat using Guid(29966c3c0907b49b58c4e59342d020cf) Importer(815301076,1909f56bfc062723c751e8b465ee728b)  -> (artifact id: 'b532e5d02badb759df5b812fa7d45aa3') in 0.023503 seconds 
========================================================================
Received Import Request.
  Time since last request: 0.000014 seconds.
  path: Packages/com.unity.probuilder/Content/Resources/Materials/InvisibleFace.mat
  artifactKey: Guid(978bbcf5050244f1b95128c04103f628) Importer(815301076,1909f56bfc062723c751e8b465ee728b)
Start importing Packages/com.unity.probuilder/Content/Resources/Materials/InvisibleFace.mat using Guid(978bbcf5050244f1b95128c04103f628) Importer(815301076,1909f56bfc062723c751e8b465ee728b)  -> (artifact id: 'a1f60c08a070a96148342d41e81382d3') in 0.021366 seconds 
========================================================================
Received Import Request.
  Time since last request: 0.000013 seconds.
  path: Packages/com.unity.probuilder/Content/Resources/Materials/ProBuilderDefault.mat
  artifactKey: Guid(c22777d6e868e4f2fb421913386b154e) Importer(815301076,1909f56bfc062723c751e8b465ee728b)
Start importing Packages/com.unity.probuilder/Content/Resources/Materials/ProBuilderDefault.mat using Guid(c22777d6e868e4f2fb421913386b154e) Importer(815301076,1909f56bfc062723c751e8b465ee728b)  -> (artifact id: 'ff55e2a13eee88511c54e6792cce0e42') in 0.132519 seconds 
========================================================================
Received Import Request.
  Time since last request: 1956.421333 seconds.
  path: Assets/New Terrain 1.asset
  artifactKey: Guid(232868f9303bd844291c9f5c6a31f7a2) Importer(815301076,1909f56bfc062723c751e8b465ee728b)
Start importing Assets/New Terrain 1.asset using Guid(232868f9303bd844291c9f5c6a31f7a2) Importer(815301076,1909f56bfc062723c751e8b465ee728b)  -> (artifact id: 'ba7991fe826c08d11727981118a17d11') in 0.008422 seconds 
========================================================================
Received Import Request.
  Time since last request: 1653.445976 seconds.
  path: Assets/Scenes/SampleScene.unity
  artifactKey: Guid(9fc0d4010bbf28b4594072e72b8655ab) Importer(815301076,1909f56bfc062723c751e8b465ee728b)
Start importing Assets/Scenes/SampleScene.unity using Guid(9fc0d4010bbf28b4594072e72b8655ab) Importer(815301076,1909f56bfc062723c751e8b465ee728b)  -> (artifact id: '561679a89d156fb4ff138cf1128a8958') in 0.004409 seconds 
========================================================================
Received Import Request.
  Time since last request: 1.696585 seconds.
  path: Assets/Scenes/Probuilder.unity
  artifactKey: Guid(52541382e232aec40b409008f1bebf7c) Importer(815301076,1909f56bfc062723c751e8b465ee728b)
Start importing Assets/Scenes/Probuilder.unity using Guid(52541382e232aec40b409008f1bebf7c) Importer(815301076,1909f56bfc062723c751e8b465ee728b)  -> (artifact id: '12f2e35017620afe6ccfac9329617d88') in 0.004856 seconds 
