<?xml version="1.0"?>
<COLLADA xmlns="http://www.collada.org/2005/11/COLLADASchema" version="1.4.1">
	<asset>
		<contributor>
			<author>Assimp</author>
			<authoring_tool>Assimp Exporter</authoring_tool>
		</contributor>
		<created>2021-10-27T15:19:23</created>
		<modified>2021-10-27T15:19:23</modified>
		<unit name="meter" meter="1.000000" />
		<up_axis>Y_UP</up_axis>
	</asset>
	<library_effects>
		<effect id="lambert1-fx" name="lambert1">
			<profile_COMMON>
				<technique sid="standard">
					<phong>
						<diffuse>
							<color sid="diffuse">0.500000   0.500000   0.500000   1.000000</color>
						</diffuse>
					</phong>
				</technique>
			</profile_COMMON>
		</effect>
	</library_effects>
	<library_materials>
		<material id="lambert1" name="lambert1">
			<instance_effect url="#lambert1-fx"/>
		</material>
	</library_materials>
	<library_geometries>
		<geometry id="meshId0" name="meshId0_name" >
			<mesh>
				<source id="meshId0-positions" name="meshId0-positions">
					<float_array id="meshId0-positions-array" count="4269"> 
						-58.108902 6.599998 -244.069183 -58.108902 6.599998 -217.868500 -58.108902 19.792570 -217.868500 -58.108902 19.792570 -244.069183 -58.108902 6.599998 -191.667786 -58.108902 19.792570 -191.667786 -58.108902 6.599998 -165.467087 -58.108902 19.792570 -165.467087 -58.108902 6.599998 -139.266388 -58.108902 19.792570 -139.266388 -58.108902 6.599998 -113.065689 -58.108902 19.792570 -113.065689 -56.450516 6.599998 -80.841148 -56.450516 19.792570 -80.841148 -49.634186 6.599998 -47.651428 -49.634186 19.792570 -47.651428 -37.709763 6.599998 -15.936642 -37.709763 19.792570 -15.936642 -20.970856 6.599998 13.522293 -20.970856 19.792570 13.522293 0.170341 6.599998 40.000000 0.170341 19.792570 40.000000 25.193291 6.599998 62.844505 25.193291 19.792570 62.844505 53.481842 6.599998 81.493309 53.481842 19.792570 81.493309 84.339424 6.599998 95.487190 84.339424 19.792570 95.487190 117.006210 6.599998 104.481621 117.006210 19.792570 104.481621 150.677887 6.599998 108.255089 150.677887 19.792570 108.255089 178.501434 6.599998 108.373085 178.501434 19.792570 108.373085 204.702118 6.599998 108.373085 204.702118 19.792570 108.373085 230.902817 6.599998 108.373085 230.902817 19.792570 108.373085 257.103516 6.599998 108.373085 257.103516 19.792570 108.373085 283.304199 6.599998 108.373085 283.304199 19.792570 108.373085 -58.108902 32.985142 -217.868500 -58.108902 32.985142 -244.069183 -58.108902 32.985142 -191.667786 -58.108902 32.985142 -165.467087 -58.108902 32.985142 -139.266388 -58.108902 32.985142 -113.065689 -56.450516 32.985142 -80.841148 -49.634186 32.985142 -47.651428 -37.709763 32.985142 -15.936642 -20.970856 32.985142 13.522293 0.170341 32.985142 40.000000 25.193291 32.985142 62.844505 53.481842 32.985142 81.493309 84.339424 32.985142 95.487190 117.006210 32.985142 104.481621 150.677887 32.985142 108.255089 178.501434 32.985142 108.373085 204.702118 32.985142 108.373085 230.902817 32.985142 108.373085 257.103516 32.985142 108.373085 283.304199 32.985142 108.373085 -58.108902 46.177711 -217.868500 
						-58.108902 46.177711 -244.069183 -58.108902 46.177711 -191.667786 -58.108902 46.177711 -165.467087 -58.108902 46.177711 -139.266388 -58.108902 46.177711 -113.065689 -56.450516 46.177711 -80.841148 -49.634186 46.177711 -47.651428 -37.709763 46.177711 -15.936642 -20.970856 46.177711 13.522293 0.170341 46.177711 40.000000 25.193291 46.177711 62.844505 53.481842 46.177711 81.493309 84.339424 46.177711 95.487190 117.006210 46.177711 104.481621 150.677887 46.177711 108.255089 178.501434 46.177711 108.373085 204.702118 46.177711 108.373085 230.902817 46.177711 108.373085 257.103516 46.177711 108.373085 283.304199 46.177711 108.373085 53.641853 85.755424 -244.069183 53.641853 85.755424 -217.868500 53.641853 79.422989 -217.868500 53.641853 79.422989 -244.069183 53.641853 85.755424 -191.667786 53.641853 79.422989 -191.667786 53.641853 85.755432 -165.467087 53.641853 79.422997 -165.467087 53.641853 85.755432 -139.266388 53.641853 79.422997 -139.266373 53.641853 85.755424 -113.369492 53.641853 79.422989 -113.369492 54.484024 85.755417 -94.666756 54.484024 79.422989 -94.666733 57.770622 85.755409 -78.663872 57.770622 79.422974 -78.663872 63.521297 85.755409 -63.369087 63.521297 79.422974 -63.369087 71.593803 85.755417 -49.162193 71.593826 79.422989 -49.162193 81.789360 85.755424 -36.393040 81.789360 79.422989 -36.393040 93.856949 85.755417 -25.376045 93.856949 79.422989 -25.376045 107.499405 85.755417 -16.382473 107.499405 79.422989 -16.382473 122.380783 85.755424 -9.633751 122.380783 79.422989 -9.633751 138.134705 85.755417 -5.296112 138.134705 79.422989 -5.296120 154.697296 85.755417 -3.439987 154.697296 79.422989 -3.439987 178.519104 85.755417 -3.377663 178.519104 79.422989 -3.377663 204.702118 85.755417 -3.377663 204.702118 79.422989 -3.377663 230.902817 85.755417 -3.377663 230.902817 79.422989 -3.377663 257.103516 85.755417 -3.377663 257.103516 79.422989 -3.377663 283.304199 85.755417 -3.377663 283.304199 79.422989 -3.377663 40.141861 72.562859 -244.069183 40.141861 72.562859 -217.868500 
						40.141861 59.370285 -217.868500 40.141861 59.370285 -244.069183 40.141861 72.562859 -191.667786 40.141861 59.370285 -191.667786 40.141861 72.562859 -165.467087 40.141861 59.370285 -165.467087 40.141861 72.562859 -139.266388 40.141861 59.370285 -139.266388 40.141861 72.562859 -113.065689 40.141861 59.370285 -113.065689 41.045639 72.562859 -92.994812 41.045639 59.370285 -92.994812 44.760368 72.562859 -74.907234 44.760368 59.370285 -74.907234 51.258896 72.562859 -57.623451 51.258896 59.370285 -57.623451 60.381187 72.562859 -41.569050 60.381187 59.370285 -41.569050 71.902626 72.562859 -27.139339 71.902626 59.370285 -27.139339 85.539520 72.562859 -14.689636 85.539520 59.370285 -14.689636 85.539520 72.562859 -14.689636 100.956108 72.562859 -4.526497 100.956108 59.370285 -4.526497 85.539520 59.370285 -14.689636 117.772720 72.562859 3.099838 117.772720 59.370285 3.099838 135.575348 72.562859 8.001579 135.575348 59.370285 8.001579 153.925583 72.562859 10.058037 153.925583 59.370285 10.058037 178.501434 72.562859 10.122337 178.501434 59.370285 10.122337 204.702118 72.562859 10.122337 204.702118 59.370285 10.122337 230.902817 72.562859 10.122337 230.902817 59.370285 10.122337 257.103516 72.562859 10.122337 257.103516 59.370285 10.122337 283.304199 72.562859 10.122337 283.304199 59.370285 10.122337 -18.058136 57.370285 -242.069153 -18.058136 57.370285 -217.868500 -18.058136 46.177711 -217.868500 -18.058136 46.177711 -242.069153 -18.058136 57.370285 -191.667786 -18.058136 46.177711 -191.667786 -18.058136 57.370285 -165.467087 -18.058136 46.177711 -165.467087 -18.058136 57.370285 -139.266388 -18.058136 46.177711 -139.266388 -18.058136 57.370285 -111.756004 -18.058136 46.177711 -111.756004 -16.888779 57.370285 -85.786934 -16.888779 46.177711 -85.786919 -11.328262 57.370285 -58.712002 -11.328262 46.177711 -58.712002 -1.605705 57.370285 -32.853416 -1.605721 46.177711 -32.853416 12.042313 57.370285 -8.834145 12.042313 46.177711 -8.834137 29.279755 57.370285 12.754417 29.279747 46.177711 12.754417 
						49.682182 57.370285 31.380661 49.682182 46.177711 31.380661 49.682182 57.370285 31.380661 72.747208 57.370285 46.585930 72.747208 46.177711 46.585930 49.682182 46.177711 31.380661 72.747208 57.370285 46.585930 97.906860 57.370285 57.995827 97.906860 46.177711 57.995827 72.747208 46.177711 46.585930 124.541672 57.370285 65.329399 124.541672 46.177711 65.329399 150.598724 57.370285 68.249535 150.598724 46.177711 68.249535 178.425293 57.370285 68.322334 178.425293 46.177711 68.322334 204.702118 57.370285 68.322334 204.702118 46.177711 68.322334 230.902817 57.370285 68.322334 230.902817 46.177711 68.322334 257.103516 57.370285 68.322334 257.103516 46.177711 68.322334 281.304199 57.370285 68.322334 281.304199 46.177711 68.322334 -18.058136 32.985142 -217.868500 -18.058136 32.985142 -242.069153 -18.058136 32.985142 -191.667786 -18.058136 32.985142 -165.467087 -18.058136 32.985142 -139.266388 -18.058136 32.985142 -111.756004 -16.888779 32.985142 -85.786934 -11.328262 32.985142 -58.712002 -1.605705 32.985142 -32.853409 12.042313 32.985142 -8.834145 29.279747 32.985142 12.754417 49.682182 32.985142 31.380661 72.747208 32.985142 46.585930 49.682182 32.985142 31.380661 97.906860 32.985142 57.995827 72.747208 32.985142 46.585930 124.541672 32.985142 65.329399 150.598724 32.985142 68.249535 178.425293 32.985142 68.322334 204.702118 32.985142 68.322334 230.902817 32.985142 68.322334 257.103516 32.985142 68.322334 281.304199 32.985142 68.322334 -18.058136 19.792574 -217.868500 -18.058136 19.792574 -242.069153 40.041855 31.485144 -216.368500 40.041855 31.485144 -191.667786 40.041855 21.292574 -191.667786 40.041855 21.292574 -216.368500 40.041855 31.485144 -165.467087 40.041855 21.292574 -165.467087 40.041855 31.485144 -139.266388 40.041855 21.292574 -139.266388 40.041855 31.485132 -113.063431 40.041862 21.292564 -113.063431 40.946098 31.485123 -92.982422 40.946091 21.292549 -92.982422 44.663994 31.485113 -74.879402 44.663994 21.292545 -74.879402 51.168068 31.485107 -57.580894 
						51.168060 21.292540 -57.580894 60.298134 31.485123 -41.512802 60.298134 21.292549 -41.512810 71.829391 31.485153 -27.070793 71.829391 21.292583 -27.070793 85.477898 31.485149 -14.610470 85.477913 21.292580 -14.610481 100.907639 31.485125 -4.438667 100.907639 21.292555 -4.438660 117.738602 31.485132 3.194176 117.738602 21.292562 3.194176 135.556366 31.485144 8.100075 135.556366 21.292574 8.100075 153.919861 31.485144 10.158012 153.919861 21.292574 10.158012 178.501297 31.485144 10.222343 178.501297 21.292574 10.222343 204.702118 31.485144 10.222336 204.702118 21.292574 10.222336 230.902817 31.485144 10.222336 230.902817 21.292574 10.222336 255.603516 31.485144 10.222336 255.603516 21.292574 10.222336 281.304199 19.792574 68.322334 257.103516 19.792574 68.322334 -18.058136 8.600002 -217.868500 -18.058136 8.600002 -242.069153 -18.058136 19.792574 -191.667786 -18.058136 8.600002 -191.667786 -18.058136 19.792574 -165.467087 -18.058136 8.600002 -165.467087 -18.058136 19.792574 -139.266388 -18.058136 8.600002 -139.266388 -18.058136 19.792574 -111.756004 -18.058136 8.600002 -111.756004 -16.888779 19.792574 -85.786934 -16.888779 8.600002 -85.786919 -11.328262 19.792574 -58.712002 -11.328262 8.600002 -58.712002 -1.605721 19.792574 -32.853409 -1.605721 8.600002 -32.853416 12.042313 19.792574 -8.834145 12.042297 8.600002 -8.834145 29.279747 19.792574 12.754417 29.279755 8.600002 12.754417 49.682190 19.792574 31.380661 49.682182 8.600002 31.380661 72.747208 19.792574 46.585930 72.747208 8.600002 46.585930 49.682182 8.600002 31.380661 72.747208 19.792574 46.585930 97.906860 19.792574 57.995827 97.906860 8.600002 57.995827 72.747208 8.600002 46.585930 124.541672 19.792574 65.329399 124.541672 8.600002 65.329399 150.598724 19.792574 68.249535 150.598724 8.600002 68.249535 178.425293 19.792574 68.322334 178.425293 8.600002 68.322334 204.702118 19.792574 68.322334 204.702118 8.600002 68.322334 230.902817 19.792574 68.322334 230.902817 8.600002 68.322334 
						257.103516 8.600002 68.322334 281.304199 8.600002 68.322334 40.141861 0.000000 -244.069183 40.141861 0.000000 -217.868500 -58.108902 0.000000 -217.868500 -58.108902 0.000000 -244.069183 40.141861 0.000000 -191.667786 -58.108902 0.000000 -191.667786 40.141861 0.000000 -165.467087 -58.108902 0.000000 -165.467087 40.141861 0.000000 -139.266388 -58.108902 0.000000 -139.266388 40.141861 0.000000 -113.065689 -58.108902 0.000000 -113.065689 41.045639 0.000000 -92.994812 -56.450516 0.000000 -80.841148 44.760368 0.000000 -74.907234 -49.634186 0.000000 -47.651428 51.258896 0.000000 -57.623451 -37.709763 0.000000 -15.936642 60.381187 0.000000 -41.569050 -20.970856 0.000000 13.522293 71.902626 0.000000 -27.139339 0.170341 0.000000 40.000000 85.539520 0.000000 -14.689636 25.193291 0.000000 62.844505 85.539520 0.000000 -14.689636 100.956108 0.000000 -4.526497 53.481842 0.000000 81.493309 25.193291 0.000000 62.844505 117.772720 0.000000 3.099838 84.339424 0.000000 95.487190 135.575348 0.000000 8.001579 117.006210 0.000000 104.481621 153.925583 0.000000 10.058037 150.677887 0.000000 108.255089 178.501434 0.000000 10.122337 178.501434 0.000000 108.373085 204.702118 0.000000 10.122337 204.702118 0.000000 108.373085 230.902817 0.000000 10.122337 230.902817 0.000000 108.373085 257.103516 0.000000 10.122337 257.103516 0.000000 108.373085 283.304199 0.000000 10.122337 283.304199 0.000000 108.373085 302.104187 6.599998 108.373085 302.104187 6.599998 10.122337 302.104187 19.792574 10.122337 302.104187 19.792570 108.373085 302.104187 32.985142 10.122337 302.104187 32.985142 108.373085 302.104187 46.177719 10.122337 302.104187 46.177719 108.373085 302.104187 59.370281 10.122337 302.104187 59.370281 101.777473 302.104187 52.774658 108.373085 40.141861 6.599998 -262.869141 -58.108902 6.599998 -262.869141 -58.108902 19.792570 -262.869141 40.141861 19.792574 -262.869141 -58.108902 32.985142 -262.869141 40.141861 32.985142 -262.869141 -58.108902 46.177711 -262.869141 
						40.141861 46.177711 -262.869141 -58.108902 52.774654 -262.869141 -51.513275 59.370281 -262.869141 40.141861 59.370285 -262.869141 -58.108902 65.965904 -262.869141 -58.108902 72.562851 -262.869141 40.141853 72.562859 -262.869141 -58.108902 72.562851 -244.069183 -58.108902 72.562851 -217.868500 -58.108902 79.422989 -217.868500 -58.108902 79.422989 -244.069183 -58.108902 72.562851 -191.667786 -58.108902 79.422989 -191.667786 -58.108902 72.562851 -165.467087 -58.108902 79.422989 -165.467087 -58.108902 72.562851 -139.266388 -58.108902 79.422989 -139.266388 -58.108902 72.562851 -113.065689 -58.108902 79.422989 -113.065689 -56.450516 72.562851 -80.841148 -56.450516 79.422989 -80.841148 -49.634186 72.562851 -47.651428 -49.634186 79.422989 -47.651428 -37.709763 72.562851 -15.936642 -37.709763 79.422989 -15.936642 -20.970856 72.562851 13.522293 -20.970856 79.422989 13.522293 0.170341 72.562851 40.000000 0.170341 79.422989 40.000000 25.193291 72.562851 62.844505 25.193291 79.422989 62.844505 53.481842 72.562851 81.493309 53.481842 79.422989 81.493309 84.339424 72.562851 95.487190 84.339424 79.422989 95.487190 117.006210 72.562851 104.481621 117.006210 79.422989 104.481621 150.677887 72.562851 108.255089 150.677887 79.422989 108.255089 178.501434 72.562851 108.373085 178.501434 79.422989 108.373085 204.702118 72.562851 108.373085 204.702118 79.422989 108.373085 230.902817 72.562851 108.373085 230.902817 79.422989 108.373085 257.103516 72.562851 108.373085 257.103516 79.422989 108.373085 283.304199 72.562851 108.373085 283.304199 79.422989 108.373085 302.104187 72.562866 108.373085 302.104187 72.562874 10.122337 302.104187 79.422989 10.122345 302.104187 79.422989 108.373085 257.103516 79.422989 10.122345 283.304199 79.422989 10.122345 230.902817 79.422989 10.122345 204.702118 79.422989 10.122345 178.501434 79.422989 10.122345 153.925583 79.422989 10.058037 135.575348 79.422989 8.001587 117.772720 79.422989 3.099838 100.956108 79.422989 -4.526497 85.539520 79.422989 -14.689632 71.902626 79.422989 -27.139339 
						85.539520 79.422989 -14.689632 60.381187 79.422989 -41.569050 51.258881 79.422989 -57.623451 44.760368 79.422989 -74.907234 41.045639 79.422989 -92.994804 40.141861 79.422989 -113.065689 40.141861 79.422989 -139.266373 40.141861 79.422989 -165.467087 40.141861 79.422989 -191.667786 40.141861 79.422989 -217.868500 40.141861 79.422989 -244.069183 -58.108902 79.422989 -262.869141 40.141853 79.422989 -262.869141 40.141861 85.755424 -244.069183 40.141861 85.755424 -217.868500 53.641853 85.755424 -217.868500 53.641853 85.755424 -244.069183 40.141861 79.422989 -217.868500 40.141861 79.422989 -244.069183 53.641853 79.422989 -244.069183 53.641853 79.422989 -217.868500 40.141861 79.422989 -244.069183 40.141861 85.755424 -244.069183 53.641853 85.755424 -244.069183 53.641853 79.422989 -244.069183 40.141861 85.755424 -191.667786 53.641853 85.755424 -191.667786 40.141861 79.422989 -191.667786 53.641853 79.422989 -191.667786 40.141861 85.755424 -165.467087 53.641853 85.755432 -165.467087 40.141861 79.422989 -165.467087 53.641853 79.422997 -165.467087 40.141861 85.755424 -139.266388 53.641853 85.755432 -139.266388 40.141861 79.422989 -139.266373 53.641853 79.422997 -139.266373 40.141861 85.755424 -113.065689 53.641853 85.755424 -113.369492 40.141861 79.422989 -113.065689 53.641853 79.422989 -113.369492 41.045639 85.755424 -92.994812 54.484024 85.755417 -94.666756 41.045639 79.422989 -92.994804 54.484024 79.422989 -94.666733 44.760368 85.755424 -74.907234 57.770622 85.755409 -78.663872 44.760368 79.422989 -74.907234 57.770622 79.422974 -78.663872 51.258896 85.755424 -57.623451 63.521297 85.755409 -63.369087 51.258881 79.422989 -57.623451 63.521297 79.422974 -63.369087 60.381187 85.755424 -41.569050 71.593803 85.755417 -49.162193 60.381187 79.422989 -41.569050 71.593826 79.422989 -49.162193 71.902626 85.755424 -27.139339 81.789360 85.755424 -36.393040 71.902626 79.422989 -27.139339 81.789360 79.422989 -36.393040 85.539520 85.755424 -14.689636 93.856949 85.755417 -25.376045 85.539520 79.422989 -14.689632 
						93.856949 79.422989 -25.376045 100.956108 85.755424 -4.526497 107.499405 85.755417 -16.382473 100.956108 79.422989 -4.526497 85.539520 79.422989 -14.689632 93.856949 79.422989 -25.376045 107.499405 79.422989 -16.382473 117.772720 85.755424 3.099838 122.380783 85.755424 -9.633751 117.772720 79.422989 3.099838 122.380783 79.422989 -9.633751 135.575348 85.755424 8.001579 138.134705 85.755417 -5.296112 135.575348 79.422989 8.001587 138.134705 79.422989 -5.296120 153.925583 85.755424 10.058037 154.697296 85.755417 -3.439987 153.925583 79.422989 10.058037 154.697296 79.422989 -3.439987 178.501434 85.755424 10.122337 178.519104 85.755417 -3.377663 178.501434 79.422989 10.122345 178.519104 79.422989 -3.377663 204.702118 85.755424 10.122337 204.702118 85.755417 -3.377663 204.702118 79.422989 10.122345 204.702118 79.422989 -3.377663 230.902817 85.755424 10.122337 230.902817 85.755417 -3.377663 230.902817 79.422989 10.122345 230.902817 79.422989 -3.377663 257.103516 85.755424 10.122337 257.103516 85.755417 -3.377663 257.103516 79.422989 10.122345 257.103516 79.422989 -3.377663 283.304199 85.755424 10.122337 283.304199 85.755417 -3.377663 283.304199 85.755424 10.122337 283.304199 79.422989 10.122345 283.304199 79.422989 -3.377663 283.304199 85.755417 -3.377663 283.304199 79.422989 10.122345 283.304199 79.422989 -3.377663 40.141861 59.370285 -244.069183 40.141861 59.370285 -217.868500 -18.058136 57.370285 -217.868500 -18.058136 57.370285 -242.069153 40.141861 46.177711 -244.069183 40.141861 59.370285 -244.069183 -18.058136 57.370285 -242.069153 -18.058136 46.177711 -242.069153 40.141861 59.370285 -191.667786 -18.058136 57.370285 -191.667786 40.141861 59.370285 -165.467087 -18.058136 57.370285 -165.467087 40.141861 59.370285 -139.266388 -18.058136 57.370285 -139.266388 40.141861 59.370285 -113.065689 -18.058136 57.370285 -111.756004 41.045639 59.370285 -92.994812 -16.888779 57.370285 -85.786934 44.760368 59.370285 -74.907234 -11.328262 57.370285 -58.712002 51.258896 59.370285 -57.623451 
						-1.605705 57.370285 -32.853416 60.381187 59.370285 -41.569050 12.042313 57.370285 -8.834145 71.902626 59.370285 -27.139339 29.279755 57.370285 12.754417 85.539520 59.370285 -14.689636 49.682182 57.370285 31.380661 85.539520 59.370285 -14.689636 100.956108 59.370285 -4.526497 72.747208 57.370285 46.585930 49.682182 57.370285 31.380661 117.772720 59.370285 3.099838 97.906860 57.370285 57.995827 135.575348 59.370285 8.001579 124.541672 57.370285 65.329399 153.925583 59.370285 10.058037 150.598724 57.370285 68.249535 178.501434 59.370285 10.122337 178.425293 57.370285 68.322334 178.501434 59.370285 10.122337 204.702118 59.370285 10.122337 204.702118 57.370285 68.322334 178.425293 57.370285 68.322334 204.702118 59.370285 10.122337 230.902817 59.370285 10.122337 230.902817 57.370285 68.322334 204.702118 57.370285 68.322334 257.103516 59.370285 10.122337 257.103516 57.370285 68.322334 283.304199 59.370285 10.122337 281.304199 57.370285 68.322334 283.304199 59.370285 10.122337 283.304199 46.177711 10.122337 281.304199 46.177711 68.322334 281.304199 57.370285 68.322334 40.141861 32.985142 -244.069183 -18.058136 32.985142 -242.069153 283.304199 32.985142 10.122337 281.304199 32.985142 68.322334 40.141861 19.792574 -244.069183 -18.058136 19.792574 -242.069153 283.304199 19.792574 10.122337 281.304199 19.792574 68.322334 40.141861 6.600002 -217.868500 40.141861 6.600002 -244.069183 -18.058136 8.600002 -242.069153 -18.058136 8.600002 -217.868500 40.141861 6.600002 -244.069183 -18.058136 8.600002 -242.069153 40.141861 6.600002 -191.667786 -18.058136 8.600002 -191.667786 40.141861 6.600002 -165.467087 -18.058136 8.600002 -165.467087 40.141861 6.600002 -139.266388 -18.058136 8.600002 -139.266388 40.141861 6.600002 -113.065689 -18.058136 8.600002 -111.756004 41.045639 6.600002 -92.994812 -16.888779 8.600002 -85.786919 44.760368 6.600002 -74.907234 -11.328262 8.600002 -58.712002 51.258896 6.600002 -57.623451 -1.605721 8.600002 -32.853416 60.381187 6.600002 -41.569050 
						12.042297 8.600002 -8.834145 71.902626 6.600002 -27.139339 29.279755 8.600002 12.754417 85.539520 6.600002 -14.689636 49.682182 8.600002 31.380661 100.956108 6.600002 -4.526497 85.539520 6.600002 -14.689636 49.682182 8.600002 31.380661 72.747208 8.600002 46.585930 117.772720 6.600002 3.099838 97.906860 8.600002 57.995827 135.575348 6.600002 8.001579 124.541672 8.600002 65.329399 153.925583 6.599998 10.058037 150.598724 8.600002 68.249535 178.501434 6.599998 10.122337 178.425293 8.600002 68.322334 204.702118 6.599998 10.122337 204.702118 8.600002 68.322334 230.902817 6.599998 10.122337 230.902817 8.600002 68.322334 257.103516 6.599998 10.122337 257.103516 8.600002 68.322334 283.304199 6.599998 10.122337 281.304199 8.600002 68.322334 283.304199 6.599998 10.122337 281.304199 8.600002 68.322334 40.141861 6.600002 -244.069183 40.141861 6.600002 -217.868500 40.141861 0.000000 -217.868500 40.141861 0.000000 -244.069183 -58.108902 0.000000 -244.069183 -58.108902 0.000000 -217.868500 40.141861 0.000000 -262.869141 -58.108902 0.000000 -262.869141 40.141861 6.600002 -191.667786 40.141861 0.000000 -191.667786 -58.108902 0.000000 -191.667786 40.141861 6.600002 -165.467087 40.141861 0.000000 -165.467087 -58.108902 0.000000 -165.467087 40.141861 6.600002 -139.266388 40.141861 0.000000 -139.266388 -58.108902 0.000000 -139.266388 40.141861 6.600002 -113.065689 40.141861 0.000000 -113.065689 -58.108902 0.000000 -113.065689 41.045639 6.600002 -92.994812 41.045639 0.000000 -92.994812 -56.450516 0.000000 -80.841148 44.760368 6.600002 -74.907234 44.760368 0.000000 -74.907234 -49.634186 0.000000 -47.651428 51.258896 6.600002 -57.623451 51.258896 0.000000 -57.623451 -37.709763 0.000000 -15.936642 60.381187 6.600002 -41.569050 60.381187 0.000000 -41.569050 -20.970856 0.000000 13.522293 71.902626 6.600002 -27.139339 71.902626 0.000000 -27.139339 0.170341 0.000000 40.000000 85.539520 6.600002 -14.689636 85.539520 0.000000 -14.689636 
						25.193291 0.000000 62.844505 85.539520 6.600002 -14.689636 100.956108 6.600002 -4.526497 100.956108 0.000000 -4.526497 85.539520 0.000000 -14.689636 53.481842 0.000000 81.493309 100.956108 6.600002 -4.526497 117.772720 6.600002 3.099838 117.772720 0.000000 3.099838 100.956108 0.000000 -4.526497 84.339424 0.000000 95.487190 135.575348 6.600002 8.001579 135.575348 0.000000 8.001579 117.006210 0.000000 104.481621 153.925583 6.599998 10.058037 153.925583 0.000000 10.058037 150.677887 0.000000 108.255089 178.501434 6.599998 10.122337 178.501434 0.000000 10.122337 178.501434 0.000000 108.373085 204.702118 6.599998 10.122337 204.702118 0.000000 10.122337 204.702118 0.000000 108.373085 230.902817 6.599998 10.122337 230.902817 0.000000 10.122337 230.902817 0.000000 108.373085 257.103516 6.599998 10.122337 257.103516 0.000000 10.122337 257.103516 0.000000 108.373085 283.304199 6.599998 10.122337 283.304199 0.000000 10.122337 302.104187 0.000000 108.373085 302.104187 0.000000 10.122337 283.304199 0.000000 108.373085 294.846649 6.599998 10.122337 294.846649 19.792574 10.122337 295.104218 19.792574 10.122337 295.104218 6.599998 10.122337 294.846649 19.792570 108.373085 294.846649 6.599998 108.373085 295.104218 6.599998 108.373085 295.104218 19.792570 108.373085 294.846649 32.985142 10.122337 295.104218 32.985142 10.122337 294.846649 32.985142 108.373085 295.104218 32.985142 108.373085 294.846649 46.177711 10.122337 295.104218 46.177711 10.122337 294.846649 46.177711 108.373085 295.104218 46.177711 108.373085 294.846649 59.370285 10.122337 295.104218 59.370285 10.122337 294.846649 72.562859 10.122337 295.104218 72.562859 10.122337 294.846619 79.422989 10.122345 294.846649 85.755424 10.122337 295.104218 85.755424 10.122337 295.104187 79.422989 10.122345 294.846649 79.422989 108.373085 294.846649 72.562851 108.373085 295.104218 72.562851 108.373085 295.104218 79.422989 108.373085 294.846649 0.000000 108.373085 295.104218 0.000000 108.373085 
						294.846649 0.000000 108.373085 294.846649 0.000000 10.122337 295.104218 0.000000 10.122337 295.104218 0.000000 108.373085 294.846649 0.000000 10.122337 295.104218 0.000000 10.122337 -58.108902 19.792570 -255.869171 -58.108902 6.599998 -255.869171 40.141861 19.792574 -244.069183 40.141861 6.599998 -255.869171 40.141861 19.792574 -255.869171 -58.108902 32.985142 -255.869171 40.141861 32.985142 -244.069183 40.141861 32.985142 -255.869171 -58.108902 46.177711 -255.869171 40.141861 46.177711 -244.069183 40.141861 46.177711 -255.869171 40.141861 59.370285 -255.869171 40.141853 72.562859 -255.869171 40.141861 85.755424 -244.069183 40.141853 79.422989 -255.869171 40.141861 85.755424 -255.869171 -58.108902 79.422989 -255.869171 -58.108902 72.562851 -255.869171 40.141861 0.000000 -255.869171 -58.108902 0.000000 -255.869171 40.141861 0.000000 -255.869171 -58.108902 0.000000 -255.869171 302.104187 65.965897 108.373085 -58.108902 52.774654 -244.069183 -58.108902 65.965904 -244.069183 -58.108902 65.965904 -255.869171 -58.108902 52.774654 -255.869171 -58.108902 52.774654 -217.868500 -58.108902 65.965904 -217.868500 -58.108902 52.774654 -191.667786 -58.108902 65.965904 -191.667786 -58.108902 52.774654 -165.467087 -58.108902 65.965904 -165.467087 -58.108902 52.774654 -139.266388 -58.108902 65.965904 -139.266388 -58.108902 52.774654 -113.065689 -58.108902 65.965904 -113.065689 -56.450516 52.774654 -80.841148 -56.450516 65.965904 -80.841148 -49.634186 52.774654 -47.651428 -49.634186 65.965904 -47.651428 -37.709763 52.774654 -15.936642 -37.709763 65.965904 -15.936642 -20.970856 52.774654 13.522293 -20.970856 65.965904 13.522293 0.170341 52.774654 40.000000 0.170341 65.965904 40.000000 25.193291 52.774654 62.844505 25.193291 65.965904 62.844505 53.481842 52.774654 81.493309 53.481842 65.965904 81.493309 84.339424 52.774654 95.487190 84.339424 65.965904 95.487190 117.006210 52.774654 104.481621 117.006210 65.965904 104.481621 150.677887 52.774654 108.255089 150.677887 65.965904 108.255089 178.501434 52.774654 108.373085 
						178.501434 65.965904 108.373085 204.702118 52.774654 108.373085 204.702118 65.965904 108.373085 230.902817 52.774654 108.373085 230.902817 65.965904 108.373085 257.103516 52.774654 108.373085 257.103516 65.965904 108.373085 283.304199 52.774654 108.373085 283.304199 65.965904 108.373085 294.846619 65.965904 108.373085 294.846649 52.774654 108.373085 295.104218 52.774654 108.373085 295.104218 59.370277 108.373085 295.104218 65.965904 108.373085 -54.608902 46.577713 -244.069183 -54.608902 46.577713 -217.868500 -54.608902 52.374657 -217.868500 -54.608902 52.374657 -244.069183 -54.608902 46.577713 -191.667786 -54.608902 52.374657 -191.667786 -54.608902 46.577713 -165.467087 -54.608902 52.374657 -165.467087 -54.608902 46.577713 -139.266388 -54.608902 52.374657 -139.266388 -54.608902 46.577713 -113.155701 -54.608902 52.374657 -113.155701 -52.968750 46.577713 -81.285683 -52.968750 52.374657 -81.285683 -46.261154 46.577713 -48.625374 -46.261154 52.374657 -48.625374 -34.530624 46.577713 -17.426250 -34.530624 52.374657 -17.426250 -18.063889 46.577713 11.553696 -18.063889 52.374657 11.553696 2.733582 46.577713 37.600883 2.733582 52.374657 37.600883 27.349663 46.577713 60.073952 27.349663 52.374657 60.073952 55.178246 46.577713 78.419533 55.178246 52.374657 78.419533 85.534103 46.577713 92.185890 85.534103 52.374657 92.185890 117.669746 46.577713 101.034065 117.669746 52.374657 101.034065 150.880798 46.577713 104.755928 150.880798 52.374657 104.755928 178.508850 46.577713 104.873085 178.508850 52.374657 104.873085 204.702118 46.577713 104.873100 204.702118 52.374657 104.873100 230.902817 46.577713 104.873100 230.902817 52.374657 104.873100 257.103516 46.577713 104.873100 257.103516 52.374657 104.873100 283.304199 46.577713 104.873100 283.304199 52.374657 104.873100 294.455414 52.374657 104.873100 294.455414 46.577713 104.873100 294.704224 46.577713 104.873100 294.704224 52.374657 104.873100 -54.608902 52.374657 -255.469147 -54.608902 46.577713 -255.469147 302.104187 59.370277 108.373085 -58.108902 46.577713 -217.868500 
						-58.108902 46.577713 -244.069183 -58.108902 52.374657 -244.069183 -58.108902 52.374657 -217.868500 -58.108902 46.577713 -191.667786 -58.108902 52.374657 -191.667786 -58.108902 46.577713 -165.467087 -58.108902 52.374657 -165.467087 -58.108902 46.577713 -139.266388 -58.108902 52.374657 -139.266388 -58.108902 46.577713 -113.065689 -58.108902 52.374657 -113.065689 -56.450516 46.577713 -80.841148 -56.450516 52.374657 -80.841148 -49.634186 46.577713 -47.651428 -49.634186 52.374657 -47.651428 -37.709763 46.577713 -15.936642 -37.709763 52.374657 -15.936642 -20.970856 46.577713 13.522293 -20.970856 52.374657 13.522293 0.170341 46.577713 40.000000 0.170341 52.374657 40.000000 25.193291 46.577713 62.844505 25.193291 52.374657 62.844505 53.481842 46.577713 81.493309 53.481842 52.374657 81.493309 84.339424 46.577713 95.487190 84.339424 52.374657 95.487190 117.006210 46.577713 104.481621 117.006210 52.374657 104.481621 150.677887 46.577713 108.255089 150.677887 52.374657 108.255089 178.501434 46.577713 108.373085 178.501434 52.374657 108.373085 204.702118 46.577713 108.373085 204.702118 52.374657 108.373085 230.902817 46.577713 108.373085 230.902817 52.374657 108.373085 257.103516 46.577713 108.373085 257.103516 52.374657 108.373085 283.304199 46.577713 108.373085 283.304199 52.374657 108.373085 294.704224 46.577713 108.373085 294.455414 46.577713 108.373085 294.704224 52.374657 108.373085 294.455414 52.374657 108.373085 -58.108902 52.374657 -255.469147 -58.108902 46.577713 -255.469147 -58.108902 46.577713 -244.069183 -58.108902 46.577713 -217.868500 -54.608902 46.577713 -217.868500 -54.608902 46.577713 -244.069183 -58.108902 52.374657 -217.868500 -58.108902 52.374657 -244.069183 -54.608902 52.374657 -244.069183 -54.608902 52.374657 -217.868500 -58.108902 46.577713 -191.667786 -54.608902 46.577713 -191.667786 -58.108902 52.374657 -191.667786 -54.608902 52.374657 -191.667786 -58.108902 46.577713 -165.467087 -54.608902 46.577713 -165.467087 -58.108902 52.374657 -165.467087 -54.608902 52.374657 -165.467087 -58.108902 46.577713 -139.266388 
						-54.608902 46.577713 -139.266388 -58.108902 52.374657 -139.266388 -54.608902 52.374657 -139.266388 -58.108902 46.577713 -113.065689 -54.608902 46.577713 -113.155701 -58.108902 52.374657 -113.065689 -54.608902 52.374657 -113.155701 -56.450516 46.577713 -80.841148 -52.968750 46.577713 -81.285683 -56.450516 52.374657 -80.841148 -52.968750 52.374657 -81.285683 -49.634186 46.577713 -47.651428 -46.261154 46.577713 -48.625374 -49.634186 52.374657 -47.651428 -46.261154 52.374657 -48.625374 -37.709763 46.577713 -15.936642 -34.530624 46.577713 -17.426250 -37.709763 52.374657 -15.936642 -34.530624 52.374657 -17.426250 -20.970856 46.577713 13.522293 -18.063889 46.577713 11.553696 -20.970856 52.374657 13.522293 -18.063889 52.374657 11.553696 0.170341 46.577713 40.000000 2.733582 46.577713 37.600883 0.170341 52.374657 40.000000 2.733582 52.374657 37.600883 25.193291 46.577713 62.844505 27.349663 46.577713 60.073952 25.193291 52.374657 62.844505 27.349663 52.374657 60.073952 53.481842 46.577713 81.493309 55.178246 46.577713 78.419533 53.481842 52.374657 81.493309 55.178246 52.374657 78.419533 84.339424 46.577713 95.487190 85.534103 46.577713 92.185890 84.339424 52.374657 95.487190 85.534103 52.374657 92.185890 117.006210 46.577713 104.481621 117.669746 46.577713 101.034065 117.006210 52.374657 104.481621 117.669746 52.374657 101.034065 150.677887 46.577713 108.255089 150.880798 46.577713 104.755928 150.677887 52.374657 108.255089 150.880798 52.374657 104.755928 178.501434 46.577713 108.373085 178.508850 46.577713 104.873085 178.501434 52.374657 108.373085 178.508850 52.374657 104.873085 204.702118 46.577713 108.373085 204.702118 46.577713 104.873100 204.702118 52.374657 108.373085 204.702118 52.374657 104.873100 230.902817 46.577713 108.373085 230.902817 46.577713 104.873100 230.902817 52.374657 108.373085 230.902817 52.374657 104.873100 257.103516 46.577713 108.373085 257.103516 46.577713 104.873100 257.103516 52.374657 108.373085 257.103516 52.374657 104.873100 283.304199 46.577713 108.373085 
						283.304199 46.577713 104.873100 283.304199 52.374657 108.373085 283.304199 52.374657 104.873100 294.455414 46.577713 108.373085 294.704224 46.577713 108.373085 294.704224 46.577713 104.873100 294.455414 46.577713 104.873100 294.704224 46.577713 108.373085 294.704224 52.374657 108.373085 294.704224 52.374657 104.873100 294.704224 46.577713 104.873100 294.704224 52.374657 108.373085 294.455414 52.374657 108.373085 294.455414 52.374657 104.873100 294.704224 52.374657 104.873100 -58.108902 52.374657 -255.469147 -54.608902 52.374657 -255.469147 -58.108902 52.374657 -255.469147 -58.108902 46.577713 -255.469147 -54.608902 46.577713 -255.469147 -54.608902 52.374657 -255.469147 -58.108902 46.577713 -255.469147 -54.608902 46.577713 -255.469147 -18.058136 31.485144 -191.667786 -18.058136 31.485144 -216.368500 -18.058136 21.292574 -216.368500 -18.058136 21.292574 -191.667786 -18.058136 31.485144 -165.467087 -18.058136 21.292574 -165.467087 -18.058136 31.485144 -139.266388 -18.058136 21.292574 -139.266388 -18.058136 31.485144 -111.756004 -18.058136 21.292574 -111.756004 -16.888779 31.485144 -85.786934 -16.888779 21.292574 -85.786934 -11.328262 31.485144 -58.712002 -11.328262 21.292574 -58.712002 -1.605705 31.485144 -32.853409 -1.605721 21.292574 -32.853409 12.042313 31.485144 -8.834145 12.042313 21.292574 -8.834145 29.279747 31.485144 12.754417 29.279747 21.292574 12.754417 49.682182 31.485144 31.380661 49.682190 21.292574 31.380661 72.747208 31.485144 46.585930 49.682182 31.485144 31.380661 72.747208 21.292574 46.585930 97.906860 31.485144 57.995827 72.747208 31.485144 46.585930 72.747208 21.292574 46.585930 97.906860 21.292574 57.995827 124.541672 31.485144 65.329399 124.541672 21.292574 65.329399 150.598724 31.485144 68.249535 150.598724 21.292574 68.249535 178.425293 31.485144 68.322334 178.425293 21.292574 68.322334 204.702118 31.485144 68.322334 204.702118 21.292574 68.322334 230.902817 31.485144 68.322334 230.902817 21.292574 68.322334 255.603516 31.485144 68.322334 255.603516 21.292574 68.322334 
						-18.058136 31.485144 -216.368500 -18.058136 31.485144 -191.667786 40.041855 31.485144 -191.667786 40.041855 31.485144 -216.368500 -18.058136 21.292574 -191.667786 -18.058136 21.292574 -216.368500 40.041855 21.292574 -216.368500 40.041855 21.292574 -191.667786 -18.058136 21.292574 -216.368500 -18.058136 31.485144 -216.368500 40.041855 31.485144 -216.368500 40.041855 21.292574 -216.368500 -18.058136 31.485144 -165.467087 40.041855 31.485144 -165.467087 -18.058136 21.292574 -165.467087 40.041855 21.292574 -165.467087 -18.058136 31.485144 -139.266388 40.041855 31.485144 -139.266388 -18.058136 21.292574 -139.266388 40.041855 21.292574 -139.266388 -18.058136 31.485144 -111.756004 40.041855 31.485132 -113.063431 -18.058136 21.292574 -111.756004 40.041862 21.292564 -113.063431 -16.888779 31.485144 -85.786934 40.946098 31.485123 -92.982422 -16.888779 21.292574 -85.786934 40.946091 21.292549 -92.982422 -11.328262 31.485144 -58.712002 44.663994 31.485113 -74.879402 -11.328262 21.292574 -58.712002 44.663994 21.292545 -74.879402 -1.605705 31.485144 -32.853409 51.168068 31.485107 -57.580894 -1.605721 21.292574 -32.853409 51.168060 21.292540 -57.580894 12.042313 31.485144 -8.834145 60.298134 31.485123 -41.512802 12.042313 21.292574 -8.834145 60.298134 21.292549 -41.512810 29.279747 31.485144 12.754417 71.829391 31.485153 -27.070793 29.279747 21.292574 12.754417 71.829391 21.292583 -27.070793 49.682182 31.485144 31.380661 85.477898 31.485149 -14.610470 49.682190 21.292574 31.380661 85.477913 21.292580 -14.610481 49.682182 31.485144 31.380661 72.747208 31.485144 46.585930 100.907639 31.485125 -4.438667 85.477898 31.485149 -14.610470 72.747208 21.292574 46.585930 49.682190 21.292574 31.380661 85.477913 21.292580 -14.610481 100.907639 21.292555 -4.438660 97.906860 31.485144 57.995827 117.738602 31.485132 3.194176 97.906860 21.292574 57.995827 117.738602 21.292562 3.194176 124.541672 31.485144 65.329399 135.556366 31.485144 8.100075 124.541672 21.292574 65.329399 135.556366 21.292574 8.100075 
						150.598724 31.485144 68.249535 153.919861 31.485144 10.158012 150.598724 21.292574 68.249535 153.919861 21.292574 10.158012 178.425293 31.485144 68.322334 178.501297 31.485144 10.222343 178.425293 21.292574 68.322334 178.501297 21.292574 10.222343 204.702118 31.485144 68.322334 204.702118 31.485144 10.222336 204.702118 21.292574 68.322334 204.702118 21.292574 10.222336 230.902817 31.485144 68.322334 230.902817 31.485144 10.222336 230.902817 21.292574 68.322334 230.902817 21.292574 10.222336 255.603516 31.485144 68.322334 255.603516 31.485144 10.222336 255.603516 31.485144 68.322334 255.603516 21.292574 68.322334 255.603516 21.292574 10.222336 255.603516 31.485144 10.222336 255.603516 21.292574 68.322334 255.603516 21.292574 10.222336 283.304199 19.792574 10.122337 283.304199 32.985142 10.122337 283.304199 46.177711 10.122337 283.304199 85.755424 10.122337 302.104187 19.792574 10.122337 302.104187 6.599998 10.122337 302.104187 6.599998 108.373085 302.104187 19.792570 108.373085 302.104187 32.985142 10.122337 302.104187 32.985142 108.373085 302.104187 46.177719 10.122337 302.104187 46.177719 108.373085 302.104187 59.370281 10.122337 302.104187 52.774658 108.373085 302.104187 85.755386 10.122337 302.104187 79.422989 10.122345 302.104187 72.562874 10.122337 302.104187 72.562866 108.373085 302.104187 79.422989 108.373085 302.104187 0.000000 108.373085 302.104187 0.000000 10.122337 302.104187 0.000000 108.373085 302.104187 0.000000 10.122337 302.104187 65.965897 108.373085 302.104187 59.370277 108.373085 -58.108902 19.792570 -262.869141 -58.108902 6.599998 -262.869141 40.141861 6.599998 -262.869141 40.141861 19.792574 -262.869141 -58.108902 32.985142 -262.869141 40.141861 32.985142 -262.869141 -58.108902 46.177711 -262.869141 40.141861 46.177711 -262.869141 -58.108902 52.774654 -262.869141 40.141861 59.370285 -262.869141 -58.108902 72.562851 -262.869141 -58.108902 65.965904 -262.869141 40.141853 72.562859 -262.869141 40.141853 79.422989 -262.869141 40.141861 85.755424 -262.869141 
						-58.108902 79.422989 -262.869141 40.141861 0.000000 -262.869141 -58.108902 0.000000 -262.869141 40.141861 0.000000 -262.869141 -58.108902 0.000000 -262.869141 -55.576202 85.755424 -244.069183 -56.358841 85.631470 -244.069183 -56.358841 85.631470 -217.868500 -55.576202 85.755424 -217.868500 -57.064880 85.271729 -244.069183 -57.064880 85.271729 -217.868500 -57.064880 85.271729 -244.069183 -57.625198 84.711411 -244.069183 -57.625198 84.711411 -217.868500 -57.064880 85.271729 -217.868500 -57.984940 84.005371 -244.069183 -57.984940 84.005371 -217.868500 -58.108902 83.222725 -244.069183 -58.108902 83.222725 -217.868500 -58.108902 83.222725 -191.667786 -58.108902 83.222725 -165.467087 -58.108902 83.222725 -139.266388 -58.108902 83.222725 -113.065689 -56.450516 83.222725 -80.841148 -49.634186 83.222725 -47.651428 -37.709763 83.222725 -15.936642 -20.970856 83.222725 13.522293 0.170341 83.222725 40.000000 25.193291 83.222725 62.844505 53.481842 83.222725 81.493309 84.339424 83.222725 95.487190 117.006210 83.222725 104.481621 150.677887 83.222725 108.255089 178.501434 83.222725 108.373085 204.702118 83.222725 108.373085 230.902817 83.222725 108.373085 257.103516 83.222725 108.373085 283.304199 83.222725 108.373085 -55.576202 85.755424 -191.667786 -55.576202 85.755424 -165.467087 -55.576202 85.755424 -139.266388 -55.576202 85.755424 -113.130829 -53.931000 85.755424 -81.162827 -47.193375 85.755424 -48.356201 -35.409241 85.755424 -17.014561 -18.867279 85.755424 12.097755 2.025169 85.755424 38.263931 26.753708 85.755424 60.839653 54.709412 85.755424 79.269035 85.203934 85.755424 93.098274 117.486366 85.755424 101.986870 150.824707 85.755424 105.722984 178.501434 85.755424 105.840385 204.702118 85.755424 105.840385 230.902817 85.755424 105.840385 257.103516 85.755424 105.840385 283.304199 85.755424 105.840385 294.846649 85.755424 10.122337 294.846649 85.755424 105.840385 295.104218 85.755424 105.840385 295.104218 85.755424 10.122337 294.846649 83.222725 108.373085 295.104218 83.222725 108.373085 -58.108902 83.222725 -255.869171 
						40.141861 85.755424 -255.869171 -55.576202 85.755424 -255.869171 302.104187 85.755386 105.840385 302.104187 85.755386 10.122337 302.104187 83.222687 108.373085 -58.108902 83.222725 -262.869141 40.141861 85.755424 -262.869141 -55.576202 85.755424 -262.869141 302.104187 83.222687 108.373085 302.104187 85.755386 10.122337 302.104187 85.755386 105.840385 302.104187 85.631416 106.623039 302.104187 85.271675 107.329079 302.104187 84.711365 107.889381 302.104187 84.005325 108.249123 -55.576202 85.755424 -262.869141 40.141861 85.755424 -262.869141 -58.108902 83.222725 -262.869141 -57.984940 84.005371 -262.869141 -57.625198 84.711411 -262.869141 -57.064880 85.271729 -262.869141 -56.358841 85.631470 -262.869141 -56.358841 85.631470 -255.869171 -57.064880 85.271729 -255.869171 -57.064880 85.271729 -255.869171 -57.625198 84.711411 -255.869171 -57.984940 84.005371 -255.869171 -57.984940 84.005371 -191.667786 -57.625198 84.711411 -191.667786 -57.064880 85.271729 -191.667786 -56.358841 85.631470 -191.667786 -57.064880 85.271729 -191.667786 -57.984940 84.005371 -165.467087 -57.625198 84.711411 -165.467087 -57.064880 85.271729 -165.467087 -56.358841 85.631470 -165.467087 -57.064880 85.271729 -165.467087 -57.984940 84.005371 -139.266388 -57.625198 84.711411 -139.266388 -57.064880 85.271729 -139.266388 -56.358841 85.631470 -139.266388 -57.064880 85.271729 -139.266388 -57.984940 84.005371 -113.068893 -57.625198 84.711411 -113.078125 -57.064880 85.271729 -113.092545 -56.358841 85.631470 -113.110687 -57.064880 85.271729 -113.092545 -56.327194 84.005371 -80.856888 -55.969330 84.711411 -80.902580 -55.411942 85.271729 -80.973747 -54.709579 85.631470 -81.063423 -55.411942 85.271729 -80.973747 -49.514725 84.005371 -47.685921 -49.168030 84.711411 -47.786026 -48.628036 85.271729 -47.941944 -47.947617 85.631470 -48.138416 -48.628036 85.271729 -47.941944 -37.597168 84.005371 -15.989395 -37.270401 84.711411 -16.142506 -36.761459 85.271729 -16.380978 -36.120132 85.631470 -16.681469 -36.761459 85.271729 -16.380978 -20.867905 84.005371 13.452568 -20.569107 84.711411 13.250229 
						-20.103745 85.271729 12.935074 -19.517334 85.631470 12.537964 -20.103745 85.271729 12.935074 0.261124 84.005371 39.915024 0.524590 84.711411 39.668434 0.934937 85.271729 39.284363 1.451996 85.631470 38.800407 0.934937 85.271729 39.284363 25.269669 84.005371 62.746376 25.491310 84.711411 62.461601 25.836525 85.271729 62.018074 26.271515 85.631470 61.459175 25.836525 85.271729 62.018074 53.541924 84.005371 81.384438 53.716286 84.711411 81.068504 53.987862 85.271729 80.576424 54.330070 85.631470 79.956367 53.987862 85.271729 80.576424 84.381737 84.005371 95.370277 84.504532 84.711411 95.030952 84.695786 85.271729 94.502449 84.936783 85.631470 93.836494 84.695786 85.271729 94.502449 117.029716 84.005371 104.359520 117.097923 84.711411 104.005165 117.204147 85.271729 103.453239 117.337982 85.631470 102.757790 117.204147 85.271729 103.453239 150.685059 84.005371 108.131172 150.705917 84.711411 107.771507 150.738388 85.271729 107.211327 150.779343 85.631470 106.505455 150.738388 85.271729 107.211327 178.501434 84.005371 108.249123 178.501434 84.711411 107.889381 178.501434 85.271729 107.329063 178.501434 85.631470 106.623039 178.501434 85.271729 107.329063 204.702118 84.005371 108.249123 204.702118 84.711411 107.889381 204.702118 85.271729 107.329079 204.702118 85.631470 106.623039 204.702118 85.271729 107.329079 230.902817 84.005371 108.249123 230.902817 84.711411 107.889381 230.902817 85.271729 107.329079 230.902817 85.631470 106.623039 230.902817 85.271729 107.329079 257.103516 84.005371 108.249123 257.103516 84.711411 107.889381 257.103516 85.271729 107.329079 257.103516 85.631470 106.623039 257.103516 85.271729 107.329079 283.304199 84.005371 108.249123 283.304199 84.711411 107.889381 283.304199 85.271729 107.329079 283.304199 85.631470 106.623039 283.304199 85.271729 107.329079 294.846649 84.005371 108.249123 294.846649 84.711411 107.889381 283.304199 84.711411 107.889381 294.846649 84.711411 107.889381 294.846649 85.271729 107.329079 294.846649 85.631470 106.623039 
						295.104218 84.005371 108.249123 295.104218 84.711411 107.889381 295.104218 84.711411 107.889381 295.104218 85.271729 107.329079 295.104218 85.631470 106.623039 -56.358841 85.631470 -262.869141 -57.064880 85.271729 -262.869141 -57.064880 85.271729 -262.869141 -57.625198 84.711411 -262.869141 -57.984940 84.005371 -262.869141 302.104187 84.005325 108.249123 302.104187 84.711365 107.889381 302.104187 84.711365 107.889381 302.104187 85.271675 107.329079 302.104187 85.631416 106.623039 
					</float_array>
					<technique_common>
						<accessor count="1423" offset="0" source="#meshId0-positions-array" stride="3">
							<param name="X" type="float" />
							<param name="Y" type="float" />
							<param name="Z" type="float" />
						</accessor>
					</technique_common>
				</source>
				<source id="meshId0-normals" name="meshId0-normals">
					<float_array id="meshId0-normals-array" count="4269"> 
						-1.000000 0.000000 0.000000 -1.000000 0.000000 0.000000 -1.000000 0.000000 0.000000 -1.000000 0.000000 0.000000 -1.000000 0.000000 0.000000 -1.000000 0.000000 0.000000 -1.000000 0.000000 0.000000 -1.000000 0.000000 0.000000 -1.000000 0.000000 0.000000 -1.000000 0.000000 0.000000 -0.999597 0.000000 0.028373 -0.999597 0.000000 0.028373 -0.991712 0.000000 0.128481 -0.991712 0.000000 0.128481 -0.960751 0.000000 0.277411 -0.960751 0.000000 0.277411 -0.905526 0.000000 0.424290 -0.905526 0.000000 0.424290 -0.828004 0.000000 0.560722 -0.828004 0.000000 0.560722 -0.730094 0.000000 0.683347 -0.730094 0.000000 0.683347 -0.614206 0.000000 0.789145 -0.614206 0.000000 0.789145 -0.483195 0.000000 0.875513 -0.483195 0.000000 0.875513 -0.340286 0.000000 0.940322 -0.340286 0.000000 0.940322 -0.188997 0.000000 0.981978 -0.188997 0.000000 0.981978 -0.063155 0.000000 0.998004 -0.063155 0.000000 0.998004 -0.002184 0.000000 0.999998 -0.002184 0.000000 0.999998 0.000000 0.000000 1.000000 0.000000 0.000000 1.000000 0.000000 0.000000 1.000000 0.000000 0.000000 1.000000 0.000000 0.000000 1.000000 0.000000 0.000000 1.000000 0.000000 0.000000 1.000000 0.000000 0.000000 1.000000 -1.000000 0.000000 0.000000 -1.000000 0.000000 0.000000 -1.000000 0.000000 0.000000 -1.000000 0.000000 0.000000 -1.000000 0.000000 0.000000 -0.999597 0.000000 0.028373 -0.991712 0.000000 0.128481 -0.960751 0.000000 0.277411 -0.905526 0.000000 0.424290 -0.828004 0.000000 0.560722 -0.730094 0.000000 0.683347 -0.614206 0.000000 0.789145 -0.483195 0.000000 0.875513 -0.340286 0.000000 0.940322 -0.188997 0.000000 0.981978 -0.063155 0.000000 0.998004 -0.002184 0.000000 0.999998 0.000000 0.000000 1.000000 0.000000 0.000000 1.000000 0.000000 0.000000 1.000000 0.000000 0.000000 1.000000 -1.000000 0.000000 0.000000 
						-1.000000 0.000000 0.000000 -1.000000 0.000000 0.000000 -1.000000 0.000000 0.000000 -1.000000 0.000000 0.000000 -0.999597 0.000000 0.028373 -0.991712 0.000000 0.128481 -0.960751 0.000000 0.277411 -0.905526 0.000000 0.424290 -0.828004 0.000000 0.560722 -0.730094 0.000000 0.683347 -0.614206 0.000000 0.789146 -0.483195 0.000000 0.875513 -0.340286 0.000000 0.940322 -0.188997 0.000000 0.981978 -0.063155 0.000000 0.998004 -0.002184 0.000000 0.999998 0.000000 0.000000 1.000000 0.000000 0.000000 1.000000 0.000000 0.000000 1.000000 0.000000 0.000000 1.000000 1.000000 0.000000 0.000000 1.000000 0.000000 0.000000 1.000000 0.000000 0.000000 1.000000 0.000000 0.000000 1.000000 0.000000 0.000000 1.000000 0.000000 0.000000 1.000000 0.000000 0.000000 1.000000 0.000000 0.000000 1.000000 -0.000000 0.000000 1.000000 -0.000000 0.000000 0.999822 -0.000000 -0.018880 0.999822 -0.000000 -0.018880 0.992998 -0.000000 -0.118132 0.992998 -0.000000 -0.118133 0.960749 -0.000000 -0.277419 0.960749 -0.000000 -0.277419 0.905526 0.000001 -0.424290 0.905526 0.000001 -0.424290 0.828005 0.000001 -0.560721 0.828005 0.000001 -0.560721 0.730094 0.000000 -0.683346 0.730094 0.000000 -0.683346 0.614206 0.000000 -0.789146 0.614206 0.000000 -0.789146 0.483195 0.000000 -0.875513 0.483195 0.000000 -0.875513 0.340286 0.000001 -0.940322 0.340286 0.000001 -0.940322 0.188234 0.000001 -0.982124 0.188234 0.000001 -0.982124 0.047451 0.000000 -0.998874 0.047451 0.000000 -0.998874 0.001246 -0.000001 -0.999999 0.001246 -0.000001 -0.999999 0.000000 -0.000001 -1.000000 0.000000 -0.000001 -1.000000 0.000000 -0.000001 -1.000000 0.000000 -0.000001 -1.000000 0.000000 -0.000001 -1.000000 0.000000 -0.000001 -1.000000 0.000000 -0.000001 -1.000000 0.000000 -0.000001 -1.000000 1.000000 0.000000 -0.000000 1.000000 0.000000 0.000000 
						1.000000 0.000000 0.000000 1.000000 0.000000 -0.000000 1.000000 0.000000 0.000000 1.000000 0.000000 0.000000 1.000000 -0.000000 0.000000 1.000000 0.000000 0.000000 1.000000 -0.000000 0.000000 1.000000 0.000000 0.000000 0.999809 -0.000000 -0.019528 0.999809 0.000000 -0.019528 0.992755 -0.000000 -0.120158 0.992755 0.000000 -0.120158 0.960751 0.000000 -0.277411 0.960751 0.000000 -0.277411 0.905526 0.000000 -0.424290 0.905526 0.000000 -0.424290 0.828004 0.000000 -0.560722 0.828004 0.000000 -0.560722 0.730094 0.000000 -0.683347 0.730094 0.000000 -0.683347 0.614206 0.000000 -0.789146 0.614206 0.000000 -0.789146 0.614206 0.000000 -0.789146 0.483195 0.000000 -0.875513 0.483195 0.000000 -0.875513 0.614206 0.000000 -0.789146 0.340285 0.000000 -0.940322 0.340286 0.000000 -0.940322 0.188997 0.000000 -0.981978 0.188997 0.000000 -0.981978 0.049345 0.000000 -0.998782 0.049345 0.000000 -0.998782 0.001266 0.000000 -0.999999 0.001266 0.000000 -0.999999 0.000000 0.000000 -1.000000 0.000000 0.000000 -1.000000 0.000000 0.000000 -1.000000 0.000000 0.000000 -1.000000 0.000000 0.000000 -1.000000 0.000000 0.000000 -1.000000 0.000000 0.000000 -1.000000 0.000000 0.000000 -1.000000 1.000000 0.000000 0.000000 1.000000 0.000000 0.000000 1.000000 0.000000 0.000000 1.000000 0.000000 0.000000 1.000000 0.000000 0.000000 1.000000 0.000000 0.000000 1.000000 0.000000 0.000000 1.000000 0.000000 0.000000 1.000000 0.000000 0.000000 1.000000 0.000000 0.000000 0.999761 -0.000000 -0.021861 0.999761 -0.000000 -0.021861 0.992047 -0.000001 -0.125864 0.992047 -0.000000 -0.125865 0.960757 -0.000001 -0.277392 0.960757 -0.000000 -0.277392 0.905526 -0.000001 -0.424290 0.905526 -0.000000 -0.424290 0.828004 -0.000001 -0.560721 0.828004 -0.000000 -0.560722 0.730094 -0.000001 -0.683347 0.730094 -0.000000 -0.683347 
						0.614206 -0.000000 -0.789145 0.614206 -0.000000 -0.789146 0.614206 -0.000000 -0.789145 0.483195 0.000000 -0.875513 0.483195 0.000000 -0.875513 0.614206 -0.000000 -0.789146 0.483195 0.000000 -0.875513 0.340286 0.000000 -0.940322 0.340286 -0.000000 -0.940322 0.483195 0.000000 -0.875513 0.191015 0.000000 -0.981587 0.191015 -0.000000 -0.981587 0.055459 0.000000 -0.998461 0.055459 0.000000 -0.998461 0.001346 0.000000 -0.999999 0.001346 0.000000 -0.999999 -0.000000 0.000000 -1.000000 -0.000000 0.000000 -1.000000 0.000000 0.000000 -1.000000 0.000000 0.000000 -1.000000 0.000000 0.000000 -1.000000 0.000000 0.000000 -1.000000 0.000000 0.000000 -1.000000 0.000000 0.000000 -1.000000 1.000000 0.000000 0.000000 1.000000 0.000000 0.000000 1.000000 0.000000 0.000000 1.000000 0.000000 0.000000 1.000000 0.000000 0.000000 0.999761 0.000000 -0.021861 0.992047 0.000000 -0.125864 0.960757 0.000000 -0.277392 0.905526 0.000000 -0.424290 0.828004 0.000000 -0.560722 0.730094 0.000000 -0.683347 0.614206 0.000000 -0.789146 0.483195 0.000000 -0.875513 0.614206 0.000000 -0.789146 0.340286 -0.000000 -0.940322 0.483195 0.000000 -0.875513 0.191014 -0.000000 -0.981587 0.055459 0.000000 -0.998461 0.001346 0.000000 -0.999999 -0.000000 0.000000 -1.000000 0.000000 0.000000 -1.000000 0.000000 0.000000 -1.000000 0.000000 0.000000 -1.000000 1.000000 0.000000 0.000000 1.000000 0.000000 0.000000 1.000000 0.000000 0.000000 1.000000 0.000000 0.000000 1.000000 0.000000 0.000000 1.000000 0.000000 0.000000 1.000000 0.000000 0.000000 1.000000 0.000000 0.000000 1.000000 0.000000 -0.000000 1.000000 0.000000 -0.000000 0.999809 -0.000000 -0.019533 0.999809 -0.000000 -0.019533 0.992753 -0.000001 -0.120172 0.992753 -0.000001 -0.120172 0.960751 -0.000000 -0.277411 0.960751 -0.000000 -0.277411 0.905526 -0.000000 -0.424290 
						0.905526 -0.000000 -0.424290 0.828004 0.000000 -0.560722 0.828005 0.000000 -0.560722 0.730094 0.000000 -0.683346 0.730094 0.000000 -0.683346 0.614206 0.000000 -0.789145 0.614206 0.000000 -0.789146 0.483195 -0.000000 -0.875513 0.483195 -0.000000 -0.875513 0.340285 -0.000000 -0.940322 0.340285 -0.000000 -0.940322 0.189002 0.000000 -0.981977 0.189002 0.000000 -0.981977 0.049358 0.000000 -0.998781 0.049358 0.000000 -0.998781 0.001267 0.000000 -0.999999 0.001267 0.000000 -0.999999 -0.000000 0.000000 -1.000000 -0.000000 0.000000 -1.000000 0.000000 0.000000 -1.000000 0.000000 0.000000 -1.000000 0.000000 0.000000 -1.000000 0.000000 0.000000 -1.000000 0.000000 0.000000 -1.000000 0.000000 0.000000 -1.000000 1.000000 0.000000 0.000000 1.000000 0.000000 0.000000 1.000000 0.000000 0.000000 1.000000 0.000000 0.000000 1.000000 0.000000 0.000000 1.000000 0.000000 0.000000 1.000000 0.000000 0.000000 1.000000 0.000000 0.000000 0.999761 0.000000 -0.021861 0.999761 0.000000 -0.021861 0.992047 0.000000 -0.125864 0.992047 0.000000 -0.125865 0.960757 0.000000 -0.277392 0.960757 0.000000 -0.277392 0.905526 -0.000000 -0.424290 0.905526 -0.000000 -0.424290 0.828004 -0.000000 -0.560722 0.828004 -0.000000 -0.560722 0.730094 0.000000 -0.683347 0.730094 0.000000 -0.683347 0.614206 0.000000 -0.789146 0.614206 0.000000 -0.789145 0.483195 0.000000 -0.875513 0.483195 0.000000 -0.875513 0.614206 0.000000 -0.789145 0.483195 0.000000 -0.875513 0.340286 0.000000 -0.940322 0.340285 0.000000 -0.940322 0.483195 0.000000 -0.875513 0.191014 0.000000 -0.981587 0.191014 0.000000 -0.981587 0.055459 0.000000 -0.998461 0.055459 0.000000 -0.998461 0.001346 0.000000 -0.999999 0.001346 0.000000 -0.999999 -0.000000 0.000000 -1.000000 -0.000000 0.000000 -1.000000 0.000000 0.000000 -1.000000 0.000000 0.000000 -1.000000 
						0.000000 0.000000 -1.000000 0.000000 0.000000 -1.000000 0.000000 -1.000000 0.000000 0.000000 -1.000000 0.000000 0.000000 -1.000000 0.000000 0.000000 -1.000000 0.000000 0.000000 -1.000000 0.000000 0.000000 -1.000000 0.000000 0.000000 -1.000000 0.000000 0.000000 -1.000000 0.000000 0.000000 -1.000000 0.000000 0.000000 -1.000000 0.000000 0.000000 -1.000000 0.000000 0.000000 -1.000000 0.000000 0.000000 -1.000000 0.000000 0.000000 -1.000000 0.000000 0.000000 -1.000000 0.000000 0.000000 -1.000000 0.000000 0.000000 -1.000000 0.000000 0.000000 -1.000000 0.000000 0.000000 -1.000000 0.000000 0.000000 -1.000000 0.000000 0.000000 -1.000000 0.000000 0.000000 -1.000000 0.000000 0.000000 -1.000000 0.000000 0.000000 -1.000000 0.000000 0.000000 -1.000000 0.000000 0.000000 -1.000000 0.000000 0.000000 -1.000000 0.000000 0.000000 -1.000000 0.000000 0.000000 -1.000000 0.000000 0.000000 -1.000000 0.000000 0.000000 -1.000000 0.000000 0.000000 -1.000000 0.000000 0.000000 -1.000000 0.000000 0.000000 -1.000000 0.000000 0.000000 -1.000000 0.000000 0.000000 -1.000000 0.000000 0.000000 -1.000000 0.000000 0.000000 -1.000000 0.000000 0.000000 -1.000000 0.000000 0.000000 -1.000000 0.000000 0.000000 -1.000000 0.000000 0.000000 -1.000000 0.000000 0.000000 -1.000000 0.000000 0.000000 -1.000000 0.000000 1.000000 0.000000 0.000000 1.000000 0.000000 0.000000 1.000000 0.000000 0.000000 1.000000 0.000000 0.000000 1.000000 0.000000 0.000000 1.000000 0.000000 0.000000 1.000000 -0.000000 0.000000 1.000000 -0.000000 0.000000 1.000000 -0.000000 0.000000 1.000000 -0.000000 0.000000 1.000000 -0.000000 0.000000 0.000000 0.000000 -1.000000 0.000000 0.000000 -1.000000 0.000000 0.000000 -1.000000 0.000000 0.000000 -1.000000 0.000000 0.000000 -1.000000 0.000000 0.000000 -1.000000 0.000000 0.000000 -1.000000 
						0.000000 0.000000 -1.000000 0.000000 0.000000 -1.000000 0.000000 0.000000 -1.000000 0.000000 0.000000 -1.000000 0.000000 0.000000 -1.000000 0.000000 0.000000 -1.000000 0.000000 0.000000 -1.000000 -1.000000 0.000000 0.000000 -1.000000 0.000000 0.000000 -1.000000 0.000000 0.000000 -1.000000 0.000000 0.000000 -1.000000 0.000000 0.000000 -1.000000 0.000000 0.000000 -1.000000 0.000000 0.000000 -1.000000 0.000000 0.000000 -1.000000 0.000000 0.000000 -1.000000 0.000000 0.000000 -0.999597 0.000000 0.028373 -0.999597 0.000000 0.028373 -0.991712 0.000000 0.128481 -0.991712 0.000000 0.128481 -0.960751 0.000000 0.277411 -0.960751 0.000000 0.277411 -0.905526 0.000000 0.424290 -0.905526 0.000000 0.424290 -0.828004 0.000000 0.560722 -0.828004 0.000000 0.560722 -0.730094 0.000000 0.683347 -0.730094 0.000000 0.683347 -0.614206 0.000000 0.789146 -0.614206 0.000000 0.789146 -0.483195 0.000000 0.875513 -0.483195 0.000000 0.875513 -0.340285 0.000000 0.940322 -0.340285 0.000000 0.940322 -0.188997 0.000000 0.981978 -0.188997 0.000000 0.981978 -0.063155 0.000000 0.998004 -0.063155 0.000000 0.998004 -0.002184 0.000000 0.999998 -0.002184 0.000000 0.999998 0.000000 0.000000 1.000000 0.000000 0.000000 1.000000 0.000000 0.000000 1.000000 0.000000 0.000000 1.000000 0.000000 0.000000 1.000000 0.000000 0.000000 1.000000 0.000000 0.000000 1.000000 0.000000 0.000000 1.000000 1.000000 0.000001 0.000000 1.000000 0.000001 0.000000 1.000000 0.000001 0.000000 1.000000 0.000001 0.000000 0.000000 0.000001 -1.000000 0.000000 0.000000 -1.000000 0.000000 0.000001 -1.000000 0.000000 0.000001 -1.000000 0.001266 0.000000 -0.999999 0.049345 0.000000 -0.998782 0.188997 0.000000 -0.981978 0.340285 0.000000 -0.940322 0.483195 0.000000 -0.875513 0.614206 0.000001 -0.789146 0.730094 0.000000 -0.683346 
						0.614206 0.000001 -0.789146 0.828004 0.000000 -0.560722 0.905526 0.000000 -0.424290 0.960751 0.000000 -0.277411 0.992755 -0.000000 -0.120158 0.999809 -0.000000 -0.019528 1.000000 -0.000000 0.000000 1.000000 -0.000000 0.000000 1.000000 0.000000 0.000000 1.000000 0.000000 0.000000 1.000000 0.000000 -0.000000 0.000000 0.000000 -1.000000 0.000000 0.000000 -1.000000 0.000000 1.000000 0.000000 0.000000 1.000000 0.000000 0.000000 1.000000 0.000000 0.000000 1.000000 0.000000 0.000000 -1.000000 0.000000 0.000000 -1.000000 0.000000 0.000000 -1.000000 0.000000 0.000000 -1.000000 0.000000 0.000000 0.000000 -1.000000 0.000000 0.000000 -1.000000 0.000000 0.000000 -1.000000 0.000000 0.000000 -1.000000 -0.000000 1.000000 -0.000000 -0.000000 1.000000 -0.000000 0.000000 -1.000000 0.000000 0.000000 -1.000000 0.000000 -0.000000 1.000000 -0.000000 -0.000000 1.000000 -0.000000 0.000000 -1.000000 0.000000 0.000000 -1.000000 0.000000 -0.000000 1.000000 0.000000 -0.000000 1.000000 0.000000 0.000000 -1.000000 0.000000 0.000000 -1.000000 0.000000 -0.000000 1.000000 -0.000000 -0.000000 1.000000 0.000000 0.000000 -1.000000 -0.000000 0.000000 -1.000000 -0.000000 0.000000 1.000000 -0.000000 0.000001 1.000000 0.000000 -0.000001 -1.000000 -0.000000 -0.000001 -1.000000 -0.000000 0.000000 1.000000 -0.000000 0.000001 1.000000 -0.000000 -0.000001 -1.000000 0.000000 -0.000001 -1.000000 0.000000 0.000000 1.000000 -0.000000 0.000001 1.000000 -0.000000 -0.000001 -1.000000 0.000001 -0.000001 -1.000000 0.000001 0.000000 1.000000 -0.000000 0.000000 1.000000 -0.000000 -0.000000 -1.000000 0.000000 -0.000000 -1.000000 0.000000 0.000000 1.000000 -0.000000 0.000000 1.000000 -0.000000 -0.000000 -1.000000 -0.000000 -0.000000 -1.000000 -0.000000 0.000000 1.000000 0.000000 0.000000 1.000000 -0.000000 -0.000000 -1.000000 0.000000 
						-0.000000 -1.000000 0.000000 0.000000 1.000000 -0.000000 0.000000 1.000000 -0.000001 -0.000000 -1.000000 0.000000 -0.000000 -1.000000 0.000000 -0.000000 -1.000000 0.000000 -0.000000 -1.000000 0.000000 0.000000 1.000000 -0.000000 0.000000 1.000000 -0.000001 -0.000000 -1.000000 0.000000 -0.000000 -1.000000 0.000000 0.000000 1.000000 -0.000000 0.000000 1.000000 -0.000001 -0.000000 -1.000000 0.000000 -0.000000 -1.000000 0.000000 0.000000 1.000000 -0.000000 0.000000 1.000000 -0.000001 -0.000000 -1.000000 0.000001 -0.000000 -1.000000 0.000001 0.000000 1.000000 -0.000000 0.000000 1.000000 -0.000001 -0.000000 -1.000000 0.000001 -0.000000 -1.000000 0.000001 0.000000 1.000000 -0.000000 0.000000 1.000000 -0.000001 0.000000 -1.000000 0.000001 0.000000 -1.000000 0.000001 0.000000 1.000000 -0.000000 0.000000 1.000000 -0.000000 0.000000 -1.000000 0.000000 0.000000 -1.000000 0.000000 0.000000 1.000000 -0.000000 0.000000 1.000000 -0.000000 0.000000 -1.000000 0.000000 0.000000 -1.000000 0.000000 0.000000 1.000000 0.000000 0.000000 1.000000 0.000000 1.000000 -0.000003 0.000000 1.000000 -0.000003 0.000000 1.000000 -0.000003 0.000000 1.000000 -0.000003 0.000000 0.000000 -1.000000 0.000000 0.000000 -1.000000 0.000000 0.034344 -0.999410 0.000000 0.034344 -0.999410 0.000000 0.034344 -0.999410 0.000000 0.034344 -0.999410 0.000000 0.034344 0.000000 0.999410 0.034344 0.000000 0.999410 0.034344 0.000000 0.999410 0.034344 0.000000 0.999410 0.034344 -0.999410 0.000000 0.034344 -0.999410 0.000000 0.034344 -0.999410 0.000000 0.034344 -0.999410 0.000000 0.034344 -0.999410 0.000000 0.034344 -0.999410 0.000000 0.034328 -0.999410 -0.000713 0.034328 -0.999410 -0.000713 0.033976 -0.999414 -0.004228 0.033976 -0.999414 -0.004228 0.032895 -0.999414 -0.009497 0.032895 -0.999414 -0.009497 0.031004 -0.999414 -0.014527 
						0.031004 -0.999414 -0.014527 0.028349 -0.999414 -0.019198 0.028349 -0.999414 -0.019198 0.024997 -0.999414 -0.023397 0.024997 -0.999414 -0.023397 0.021029 -0.999414 -0.027019 0.021029 -0.999414 -0.027019 0.021029 -0.999414 -0.027019 0.016544 -0.999414 -0.029976 0.016544 -0.999414 -0.029976 0.021029 -0.999414 -0.027019 0.011651 -0.999414 -0.032195 0.011651 -0.999414 -0.032195 0.006512 -0.999414 -0.033613 0.006512 -0.999414 -0.033613 0.001809 -0.999412 -0.034246 0.001809 -0.999412 -0.034246 0.000045 -0.999410 -0.034344 0.000045 -0.999410 -0.034344 0.000045 -0.999410 -0.034344 -0.000000 -0.999410 -0.034344 -0.000000 -0.999410 -0.034344 0.000045 -0.999410 -0.034344 -0.000000 -0.999410 -0.034344 0.000000 -0.999410 -0.034344 0.000000 -0.999410 -0.034344 -0.000000 -0.999410 -0.034344 0.000000 -0.999410 -0.034344 0.000000 -0.999410 -0.034344 0.000000 -0.999410 -0.034344 0.000000 -0.999410 -0.034344 -0.999410 0.000000 -0.034344 -0.999410 0.000000 -0.034344 -0.999410 0.000000 -0.034344 -0.999410 0.000000 -0.034344 0.034344 0.000000 0.999410 0.034344 0.000000 0.999410 -0.999410 0.000000 -0.034344 -0.999410 0.000000 -0.034344 0.034344 0.000000 0.999410 0.034344 0.000000 0.999410 -0.999410 0.000000 -0.034344 -0.999410 0.000000 -0.034344 0.034344 0.999410 0.000000 0.034344 0.999410 0.000000 0.034344 0.999410 0.000000 0.034344 0.999410 0.000000 0.034344 0.000000 0.999410 0.034344 0.000000 0.999410 0.034344 0.999410 0.000000 0.034344 0.999410 0.000000 0.034344 0.999410 0.000000 0.034344 0.999410 0.000000 0.034344 0.999410 0.000000 0.034344 0.999410 0.000000 0.034328 0.999410 -0.000713 0.034328 0.999410 -0.000713 0.033976 0.999414 -0.004228 0.033976 0.999414 -0.004228 0.032895 0.999414 -0.009498 0.032895 0.999414 -0.009498 0.031004 0.999414 -0.014527 0.031004 0.999414 -0.014527 0.028349 0.999414 -0.019198 
						0.028349 0.999414 -0.019198 0.024997 0.999414 -0.023397 0.024997 0.999414 -0.023397 0.021029 0.999414 -0.027019 0.021029 0.999414 -0.027019 0.016544 0.999414 -0.029976 0.021029 0.999414 -0.027019 0.021029 0.999414 -0.027019 0.016544 0.999414 -0.029976 0.011651 0.999414 -0.032195 0.011651 0.999414 -0.032195 0.006512 0.999414 -0.033613 0.006512 0.999414 -0.033613 0.001809 0.999412 -0.034246 0.001809 0.999412 -0.034246 0.000045 0.999410 -0.034344 0.000045 0.999410 -0.034344 -0.000000 0.999410 -0.034344 -0.000000 0.999410 -0.034344 0.000000 0.999410 -0.034344 0.000000 0.999410 -0.034344 0.000000 0.999410 -0.034344 0.000000 0.999410 -0.034344 -0.999410 0.000000 -0.034344 -0.999410 0.000000 -0.034344 0.000000 0.999410 -0.034344 0.000000 0.999410 -0.034344 1.000000 0.000000 0.000000 1.000000 0.000000 0.000000 1.000000 0.000000 0.000000 1.000000 0.000000 0.000000 -1.000000 0.000000 0.000000 -1.000000 0.000000 0.000000 0.000000 0.000000 -1.000000 0.000000 0.000000 -1.000000 1.000000 0.000000 0.000000 1.000000 0.000000 0.000000 -1.000000 0.000000 0.000000 1.000000 0.000000 0.000000 1.000000 0.000000 0.000000 -1.000000 0.000000 0.000000 1.000000 0.000000 0.000000 1.000000 0.000000 0.000000 -1.000000 0.000000 0.000000 0.999809 0.000000 -0.019528 0.999809 0.000000 -0.019528 -0.999597 0.000000 0.028373 0.992755 0.000000 -0.120158 0.992755 0.000000 -0.120158 -0.991712 0.000000 0.128481 0.960751 0.000000 -0.277411 0.960751 0.000000 -0.277411 -0.960751 0.000000 0.277411 0.905526 0.000000 -0.424290 0.905526 0.000000 -0.424290 -0.905526 0.000000 0.424290 0.828004 0.000000 -0.560722 0.828004 0.000000 -0.560722 -0.828004 0.000000 0.560722 0.730094 0.000000 -0.683347 0.730094 0.000000 -0.683347 -0.730094 0.000000 0.683347 0.614206 0.000000 -0.789146 0.614206 0.000000 -0.789146 
						-0.614206 0.000000 0.789145 0.614206 0.000000 -0.789146 0.483195 0.000000 -0.875513 0.483195 0.000000 -0.875513 0.614206 0.000000 -0.789146 -0.483195 0.000000 0.875513 0.483195 0.000000 -0.875513 0.340285 0.000000 -0.940322 0.340285 0.000000 -0.940322 0.483195 0.000000 -0.875513 -0.340286 0.000000 0.940322 0.188997 0.000000 -0.981978 0.188997 0.000000 -0.981978 -0.188997 0.000000 0.981978 0.049345 0.000000 -0.998782 0.049345 0.000000 -0.998782 -0.063154 0.000000 0.998004 0.001266 0.000000 -0.999999 0.001266 0.000000 -0.999999 -0.002184 0.000000 0.999998 0.000000 0.000000 -1.000000 0.000000 0.000000 -1.000000 0.000000 0.000000 1.000000 0.000000 0.000000 -1.000000 0.000000 0.000000 -1.000000 0.000000 0.000000 1.000000 0.000000 0.000000 -1.000000 0.000000 0.000000 -1.000000 0.000000 0.000000 1.000000 0.000000 0.000000 -1.000000 0.000000 0.000000 -1.000000 1.000000 0.000000 0.000000 1.000000 0.000000 0.000000 0.000000 0.000000 1.000000 0.000000 0.000000 -1.000000 0.000000 0.000000 -1.000000 0.000000 0.000000 -1.000000 0.000000 0.000000 -1.000000 0.000000 0.000000 1.000000 0.000000 0.000000 1.000000 0.000000 0.000000 1.000000 0.000000 0.000000 1.000000 0.000000 0.000000 -1.000000 -0.000000 0.000000 -1.000000 0.000000 0.000000 1.000000 0.000000 0.000000 1.000000 0.000000 0.000000 -1.000000 -0.000000 0.000000 -1.000000 0.000000 0.000000 1.000000 0.000000 0.000000 1.000000 0.000000 0.000000 -1.000000 0.000000 0.000000 -1.000000 0.000000 0.000000 -1.000000 0.000000 0.000000 -1.000000 0.000000 -0.000000 -1.000000 0.000000 -0.000001 -1.000000 0.000000 -0.000001 -1.000000 0.000000 0.000000 -1.000000 0.000000 0.000000 1.000000 0.000000 0.000000 1.000000 0.000001 0.000000 1.000000 0.000000 0.000000 1.000000 0.000000 0.000000 1.000000 0.000000 0.000000 1.000000 
						0.000000 -1.000000 0.000000 0.000000 -1.000000 0.000000 0.000000 -1.000000 0.000000 0.000000 -1.000000 0.000000 0.000000 0.000000 -1.000000 0.000000 0.000000 -1.000000 -1.000000 0.000000 0.000000 -1.000000 0.000000 0.000000 1.000000 0.000000 0.000000 1.000000 0.000000 0.000000 1.000000 0.000000 0.000000 -1.000000 0.000000 0.000000 1.000000 0.000000 0.000000 1.000000 0.000000 0.000000 -1.000000 0.000000 0.000000 1.000000 0.000000 0.000000 1.000000 0.000000 0.000000 1.000000 0.000000 -0.000000 1.000000 0.000000 -0.000000 1.000000 0.000000 -0.000000 1.000000 0.000000 -0.000000 1.000000 0.000000 -0.000000 -1.000000 0.000000 0.000000 -1.000000 0.000000 0.000000 1.000000 0.000000 0.000000 0.000000 -1.000000 0.000000 0.000000 -1.000000 0.000000 -1.000000 0.000000 0.000000 1.000000 0.000000 0.000000 -1.000000 0.000000 0.000000 -1.000000 0.000000 0.000000 -1.000000 0.000000 0.000000 -1.000000 0.000000 0.000000 -1.000000 0.000000 0.000000 -1.000000 0.000000 0.000000 -1.000000 0.000000 0.000000 -1.000000 0.000000 0.000000 -1.000000 0.000000 0.000000 -1.000000 0.000000 0.000000 -1.000000 0.000000 0.000000 -1.000000 0.000000 0.000000 -0.999597 0.000000 0.028373 -0.999597 0.000000 0.028373 -0.991712 0.000000 0.128481 -0.991712 0.000000 0.128481 -0.960751 0.000000 0.277411 -0.960751 0.000000 0.277411 -0.905526 0.000000 0.424290 -0.905526 0.000000 0.424290 -0.828004 0.000000 0.560722 -0.828004 0.000000 0.560722 -0.730094 0.000000 0.683347 -0.730094 0.000000 0.683347 -0.614206 0.000000 0.789145 -0.614206 0.000000 0.789145 -0.483195 0.000000 0.875513 -0.483195 0.000000 0.875513 -0.340286 0.000000 0.940322 -0.340286 0.000000 0.940322 -0.188997 0.000000 0.981978 -0.188997 0.000000 0.981978 -0.063155 0.000000 0.998004 -0.063155 0.000000 0.998004 -0.002184 0.000000 0.999998 
						-0.002184 0.000000 0.999998 0.000000 0.000000 1.000000 0.000000 0.000000 1.000000 0.000000 0.000000 1.000000 0.000000 0.000000 1.000000 0.000000 0.000000 1.000000 0.000000 0.000000 1.000000 0.000000 0.000000 1.000000 0.000000 0.000000 1.000000 0.000000 0.000000 1.000000 0.000000 0.000000 1.000000 0.000000 0.000000 1.000000 0.000000 0.000000 1.000000 0.000001 0.000000 1.000000 -1.000000 0.000000 0.000000 -1.000000 0.000000 0.000000 -1.000000 0.000000 0.000000 -1.000000 0.000000 0.000000 -1.000000 0.000000 0.000000 -1.000000 0.000000 0.000000 -1.000000 0.000000 0.000000 -1.000000 0.000000 0.000000 -1.000000 0.000000 0.000000 -1.000000 0.000000 0.000000 -0.999600 0.000000 0.028276 -0.999600 0.000000 0.028276 -0.991736 0.000000 0.128293 -0.991736 0.000000 0.128293 -0.960755 0.000000 0.277399 -0.960755 0.000000 0.277399 -0.905526 0.000000 0.424290 -0.905526 0.000000 0.424290 -0.828004 0.000000 0.560722 -0.828004 0.000000 0.560722 -0.730094 0.000000 0.683347 -0.730094 0.000000 0.683347 -0.614206 0.000000 0.789146 -0.614206 0.000000 0.789146 -0.483195 0.000000 0.875513 -0.483195 0.000000 0.875513 -0.340285 0.000000 0.940322 -0.340285 0.000000 0.940322 -0.188896 0.000000 0.981997 -0.188896 0.000000 0.981997 -0.062976 0.000000 0.998015 -0.062976 0.000000 0.998015 -0.002177 0.000000 0.999998 -0.002177 0.000000 0.999998 -0.000000 0.000000 1.000000 -0.000000 0.000000 1.000000 0.000000 0.000000 1.000000 0.000000 0.000000 1.000000 0.000000 0.000000 1.000000 0.000000 0.000000 1.000000 0.000000 0.000000 1.000000 0.000000 0.000000 1.000000 0.000000 0.000000 1.000000 0.000000 0.000000 1.000000 0.000000 0.000000 1.000000 0.000000 0.000000 1.000000 -1.000000 0.000000 0.000000 -1.000000 0.000000 0.000000 1.000000 0.000000 0.000000 -1.000000 0.000000 0.000000 
						-1.000000 0.000002 0.000000 -1.000000 0.000000 0.000000 -1.000000 0.000000 0.000000 -1.000000 0.000000 0.000000 -1.000000 0.000000 0.000000 -1.000000 0.000000 0.000000 -1.000000 0.000000 0.000000 -1.000000 0.000000 0.000000 -1.000000 0.000000 0.000000 -0.999597 0.000000 0.028373 -0.999597 0.000000 0.028373 -0.991712 0.000000 0.128481 -0.991712 0.000000 0.128480 -0.960751 0.000000 0.277411 -0.960752 0.000000 0.277410 -0.905526 0.000000 0.424291 -0.905526 0.000000 0.424291 -0.828004 0.000000 0.560722 -0.828003 0.000000 0.560723 -0.730093 0.000000 0.683347 -0.730092 0.000000 0.683348 -0.614204 0.000000 0.789148 -0.614206 0.000000 0.789146 -0.483194 0.000000 0.875513 -0.483196 0.000000 0.875512 -0.340286 0.000000 0.940322 -0.340286 0.000000 0.940322 -0.188997 0.000000 0.981978 -0.188997 0.000000 0.981978 -0.063155 0.000000 0.998004 -0.063155 0.000000 0.998004 -0.002184 0.000000 0.999998 -0.002184 0.000000 0.999998 0.000000 0.000000 1.000000 0.000000 0.000000 1.000000 0.000000 0.000000 1.000000 0.000000 0.000000 1.000000 0.000000 0.000000 1.000000 0.000000 0.000000 1.000000 0.000000 0.000000 1.000000 0.000000 0.000000 1.000000 0.000016 0.000000 1.000000 0.000000 0.000000 1.000000 0.000016 0.000000 1.000000 0.000000 0.000000 1.000000 -1.000000 0.000000 0.000000 -1.000000 0.000003 0.000000 0.000000 1.000000 0.000000 0.000000 1.000000 0.000000 0.000000 1.000000 0.000000 0.000000 1.000000 0.000000 0.000000 -1.000000 0.000000 0.000000 -1.000000 0.000000 0.000000 -1.000000 0.000000 0.000000 -1.000000 0.000000 0.000000 1.000000 0.000000 0.000000 1.000000 0.000000 0.000000 -1.000000 0.000000 0.000000 -1.000000 0.000000 0.000000 1.000000 0.000000 0.000000 1.000000 0.000000 0.000000 -1.000000 0.000000 0.000000 -1.000000 0.000000 0.000000 1.000000 0.000000 
						0.000000 1.000000 0.000000 0.000000 -1.000000 0.000000 0.000000 -1.000000 0.000000 0.000000 1.000000 0.000000 0.000000 1.000000 0.000000 0.000000 -1.000000 0.000000 0.000000 -1.000000 0.000000 0.000000 1.000000 -0.000000 0.000000 1.000000 -0.000000 0.000000 -1.000000 0.000000 0.000000 -1.000000 0.000000 0.000000 1.000000 -0.000000 0.000000 1.000000 -0.000000 0.000000 -1.000000 -0.000000 0.000000 -1.000000 0.000000 0.000000 1.000000 -0.000000 0.000000 1.000000 -0.000000 0.000000 -1.000000 -0.000000 0.000000 -1.000000 -0.000000 0.000000 1.000000 -0.000000 0.000000 1.000000 -0.000000 0.000000 -1.000000 -0.000001 0.000000 -1.000000 -0.000001 0.000000 1.000000 0.000000 0.000000 1.000000 0.000000 0.000000 -1.000000 -0.000000 0.000000 -1.000000 -0.000000 0.000000 1.000000 -0.000000 0.000000 1.000000 -0.000000 0.000000 -1.000000 0.000000 0.000000 -1.000000 0.000000 0.000000 1.000000 0.000000 0.000000 1.000000 0.000000 0.000000 -1.000000 -0.000000 0.000000 -1.000000 -0.000000 0.000000 1.000000 0.000001 0.000000 1.000000 0.000001 0.000000 -1.000000 0.000000 0.000000 -1.000000 0.000000 0.000000 1.000000 0.000000 0.000000 1.000000 0.000000 0.000000 -1.000000 0.000001 0.000000 -1.000000 0.000001 0.000000 1.000000 -0.000000 0.000000 1.000000 -0.000000 0.000000 -1.000000 0.000000 0.000000 -1.000000 0.000000 0.000000 1.000000 -0.000000 0.000000 1.000000 -0.000000 0.000000 -1.000000 -0.000000 0.000000 -1.000000 -0.000000 0.000000 1.000000 -0.000000 0.000000 1.000000 -0.000000 0.000000 -1.000000 0.000000 0.000000 -1.000000 0.000000 0.000000 1.000000 0.000000 0.000000 1.000000 0.000000 0.000000 -1.000000 0.000000 0.000000 -1.000000 0.000000 0.000000 1.000000 0.000000 0.000000 1.000000 0.000000 0.000000 -1.000000 0.000000 0.000000 -1.000000 0.000000 0.000000 1.000000 0.000000 
						0.000000 1.000000 0.000000 0.000000 -1.000000 0.000000 0.000000 -1.000000 0.000000 0.000000 1.000000 0.000000 0.000000 1.000000 0.000000 0.000000 1.000000 0.000000 0.000000 1.000000 0.000000 -1.000000 0.000000 0.000000 -1.000000 0.000000 0.000000 -1.000000 0.000000 0.000000 -1.000000 0.000000 0.000000 0.000000 -1.000000 0.000000 0.000000 -1.000000 0.000000 0.000000 -1.000000 0.000000 0.000000 -1.000000 0.000000 0.000000 -1.000000 0.000000 0.000000 -1.000000 0.000000 0.000000 0.000000 1.000000 0.000000 0.000000 1.000000 0.000000 0.000000 1.000000 0.000000 0.000000 1.000000 0.000000 1.000000 0.000000 0.000000 1.000000 0.000000 1.000000 0.000000 0.000000 1.000000 0.000000 0.000000 1.000000 0.000000 0.000000 1.000000 0.000000 0.000000 1.000000 0.000000 0.000000 1.000000 0.000000 0.000000 1.000000 0.000000 0.000000 1.000000 0.000000 0.000000 0.999761 0.000000 -0.021861 0.999761 0.000000 -0.021860 0.992047 0.000000 -0.125864 0.992047 0.000000 -0.125864 0.960757 0.000000 -0.277391 0.960757 0.000000 -0.277391 0.905526 0.000000 -0.424290 0.905526 0.000000 -0.424290 0.828005 0.000000 -0.560721 0.828004 0.000000 -0.560722 0.730094 0.000000 -0.683346 0.730094 0.000000 -0.683347 0.614206 0.000000 -0.789146 0.614206 0.000000 -0.789145 0.483195 0.000000 -0.875513 0.614206 0.000000 -0.789146 0.483195 0.000000 -0.875513 0.340286 0.000000 -0.940322 0.483195 0.000000 -0.875513 0.483195 0.000000 -0.875513 0.340286 0.000000 -0.940322 0.191014 0.000000 -0.981587 0.191014 0.000000 -0.981587 0.055459 0.000000 -0.998461 0.055459 0.000000 -0.998461 0.001346 0.000000 -0.999999 0.001346 0.000000 -0.999999 -0.000000 0.000000 -1.000000 -0.000000 0.000000 -1.000000 0.000000 0.000000 -1.000000 0.000000 0.000000 -1.000000 0.000000 0.000000 -1.000000 0.000000 0.000000 -1.000000 
						0.000000 1.000000 0.000000 0.000000 1.000000 0.000000 0.000000 1.000000 0.000000 0.000000 1.000000 0.000000 0.000000 -1.000000 0.000000 0.000000 -1.000000 0.000000 0.000000 -1.000000 0.000000 0.000000 -1.000000 0.000000 0.000000 0.000000 -1.000000 0.000000 0.000000 -1.000000 0.000000 0.000000 -1.000000 0.000000 0.000000 -1.000000 0.000000 1.000000 0.000000 0.000000 1.000000 0.000000 0.000000 -1.000000 0.000000 0.000000 -1.000000 0.000000 0.000000 1.000000 0.000000 0.000000 1.000000 0.000000 -0.000000 -1.000000 -0.000000 -0.000000 -1.000000 -0.000000 0.000000 1.000000 0.000000 0.000000 1.000000 0.000000 -0.000000 -1.000000 -0.000000 -0.000000 -1.000000 -0.000000 0.000000 1.000000 0.000000 0.000000 1.000000 0.000000 -0.000000 -1.000000 -0.000000 -0.000000 -1.000000 -0.000000 0.000001 1.000000 -0.000000 0.000001 1.000000 -0.000000 -0.000001 -1.000000 0.000000 -0.000001 -1.000000 0.000000 0.000000 1.000000 -0.000000 0.000000 1.000000 -0.000000 -0.000000 -1.000000 0.000000 -0.000000 -1.000000 0.000000 -0.000000 1.000000 -0.000000 -0.000000 1.000000 -0.000000 0.000000 -1.000000 0.000001 0.000000 -1.000000 0.000001 -0.000000 1.000000 -0.000000 -0.000000 1.000000 -0.000000 0.000000 -1.000000 0.000000 0.000000 -1.000000 0.000000 0.000000 1.000000 0.000000 0.000000 1.000000 0.000000 -0.000000 -1.000000 -0.000000 -0.000000 -1.000000 -0.000000 0.000000 1.000000 0.000000 0.000000 1.000000 -0.000000 0.000000 1.000000 -0.000000 0.000000 1.000000 0.000000 -0.000000 -1.000000 0.000000 -0.000000 -1.000000 -0.000000 -0.000000 -1.000000 -0.000000 -0.000000 -1.000000 0.000000 -0.000000 1.000000 -0.000000 -0.000000 1.000000 -0.000000 0.000000 -1.000000 0.000000 0.000000 -1.000000 0.000000 -0.000000 1.000000 -0.000000 -0.000000 1.000000 -0.000000 0.000000 -1.000000 0.000000 0.000000 -1.000000 0.000000 
						0.000000 1.000000 0.000000 0.000000 1.000000 0.000000 0.000000 -1.000000 0.000000 0.000000 -1.000000 0.000000 0.000000 1.000000 0.000000 0.000000 1.000000 0.000000 0.000000 -1.000000 -0.000000 0.000000 -1.000000 -0.000000 0.000000 1.000000 0.000000 0.000000 1.000000 0.000000 0.000000 -1.000000 -0.000000 0.000000 -1.000000 -0.000000 0.000000 1.000000 0.000000 0.000000 1.000000 0.000000 0.000000 -1.000000 0.000000 0.000000 -1.000000 0.000000 0.000000 1.000000 0.000000 0.000000 1.000000 0.000000 1.000000 0.000000 0.000000 1.000000 0.000000 0.000000 1.000000 0.000000 0.000000 1.000000 0.000000 0.000000 0.000000 -1.000000 0.000000 0.000000 -1.000000 0.000000 0.000000 0.000000 -1.000000 0.000000 0.000000 -1.000000 0.000000 0.000000 -1.000000 0.000000 -0.000001 -1.000000 0.000000 0.000000 -1.000000 0.000000 0.000000 -1.000000 0.000000 0.000000 1.000000 0.000000 0.000000 1.000000 -0.000000 0.000000 -1.000000 0.000000 0.000000 1.000000 -0.000000 0.000000 -1.000000 0.000000 0.000000 1.000000 0.000000 0.000000 -1.000000 -0.000001 0.000000 1.000000 0.000000 -0.000001 -1.000000 0.000000 0.000000 -1.000000 0.000000 0.000000 -1.000000 0.000001 0.000000 1.000000 0.000000 0.000000 1.000000 0.000000 0.000000 1.000000 0.000000 -1.000000 0.000000 0.000000 -1.000000 0.000000 0.000000 0.000000 -1.000000 0.000000 0.000000 1.000000 -0.000001 0.000000 1.000000 -1.000000 0.000000 0.000000 -1.000000 0.000000 0.000000 1.000000 0.000000 0.000000 1.000000 0.000000 0.000000 -1.000000 0.000000 0.000000 1.000000 0.000000 0.000000 -1.000000 0.000000 0.000000 1.000000 0.000000 0.000000 -1.000000 0.000000 0.000000 1.000000 0.000000 0.000000 -1.000000 0.000000 0.000000 -1.000000 0.000000 0.000000 1.000000 0.000000 0.000000 1.000000 0.000000 0.000000 1.000000 0.000000 0.000000 
						-1.000000 0.000000 0.000000 1.000000 0.000000 0.000000 0.000000 -1.000000 0.000000 0.000000 -1.000000 0.000000 -1.000000 0.000000 0.000000 -0.001285 0.999999 0.000000 -0.309017 0.951057 0.000000 -0.309017 0.951057 0.000000 -0.001285 0.999999 0.000000 -0.587783 0.809019 0.000000 -0.587783 0.809019 0.000000 -0.587783 0.809019 0.000000 -0.809016 0.587786 0.000000 -0.809016 0.587786 0.000000 -0.587783 0.809019 0.000000 -0.951056 0.309019 0.000000 -0.951056 0.309018 0.000000 -0.999634 0.027041 0.000000 -0.999634 0.027041 0.000000 -0.999634 0.027041 0.000000 -0.999634 0.027041 0.000000 -0.999634 0.027041 0.000000 -0.999233 0.026989 0.028363 -0.991352 0.026943 0.128434 -0.960403 0.026942 0.277310 -0.905198 0.026942 0.424136 -0.827703 0.026942 0.560519 -0.729829 0.026942 0.683099 -0.613984 0.026942 0.788859 -0.483020 0.026942 0.875195 -0.340162 0.026942 0.939981 -0.188929 0.026943 0.981621 -0.063131 0.026956 0.997641 -0.002183 0.027036 0.999632 0.000000 0.027042 0.999634 0.000000 0.027042 0.999634 0.000000 0.027042 0.999634 0.000000 0.027042 0.999634 -0.001285 0.999999 0.000000 -0.001285 0.999999 0.000000 -0.001284 0.999999 0.000000 -0.001477 0.999999 0.000042 -0.001762 0.999998 0.000228 -0.001755 0.999998 0.000507 -0.001654 0.999998 0.000775 -0.001512 0.999998 0.001024 -0.001333 0.999998 0.001248 -0.001122 0.999998 0.001441 -0.000882 0.999998 0.001599 -0.000621 0.999998 0.001717 -0.000345 0.999998 0.001794 -0.000102 0.999999 0.001610 -0.000003 0.999999 0.001327 0.000000 0.999999 0.001285 0.000000 0.999999 0.001285 0.000000 0.999999 0.001285 0.000000 0.999999 0.001285 0.000000 1.000000 0.000000 0.000000 0.999999 0.001285 0.000006 0.999999 0.001285 0.000006 1.000000 0.000000 0.000000 0.027042 0.999634 0.000001 0.027042 0.999634 -0.999634 0.027041 0.000000 
						0.000000 1.000000 0.000000 -0.001285 0.999999 0.000000 0.000007 0.999999 0.001285 0.000007 1.000000 0.000000 0.000001 0.027042 0.999634 -0.999634 0.027041 0.000000 0.000000 1.000000 0.000000 -0.001285 0.999999 0.000000 1.000000 -0.000001 0.000000 1.000000 -0.000001 0.000000 1.000000 -0.000001 0.000000 1.000000 -0.000001 0.000000 1.000000 -0.000001 0.000000 1.000000 -0.000001 0.000000 1.000000 -0.000001 0.000000 -0.000000 0.000000 -1.000000 -0.000000 0.000000 -1.000000 -0.000000 0.000000 -1.000000 -0.000000 0.000000 -1.000000 -0.000000 0.000000 -1.000000 -0.000000 0.000000 -1.000000 -0.000000 0.000000 -1.000000 -0.309018 0.951056 0.000000 -0.587783 0.809019 0.000000 -0.587783 0.809019 0.000000 -0.809016 0.587786 0.000000 -0.951056 0.309017 0.000000 -0.951056 0.309018 0.000000 -0.809016 0.587786 0.000000 -0.587783 0.809019 0.000000 -0.309017 0.951057 0.000000 -0.587783 0.809019 0.000000 -0.951056 0.309018 0.000000 -0.809016 0.587786 0.000000 -0.587783 0.809019 0.000000 -0.309017 0.951057 0.000000 -0.587783 0.809019 0.000000 -0.951059 0.309008 0.000000 -0.809027 0.587772 0.000000 -0.587802 0.809005 0.000000 -0.309044 0.951048 0.000000 -0.587802 0.809005 0.000000 -0.950901 0.308315 0.026986 -0.809531 0.586628 0.022967 -0.589187 0.807824 0.016708 -0.311239 0.950291 0.008821 -0.589187 0.807824 0.016708 -0.943660 0.307509 0.122246 -0.804200 0.585159 0.104166 -0.586881 0.806098 0.076001 -0.312629 0.949012 0.040476 -0.586881 0.806098 0.076001 -0.914210 0.307471 0.263972 -0.779144 0.585083 0.224972 -0.568685 0.805999 0.164202 -0.303101 0.948931 0.087517 -0.568685 0.805999 0.164202 -0.861660 0.307472 0.403737 -0.734358 0.585083 0.344088 -0.535998 0.805998 0.251146 -0.285680 0.948930 0.133859 -0.535998 0.805998 0.251146 -0.787893 0.307471 0.533559 -0.671490 0.585082 0.454731 
						-0.490111 0.805997 0.331902 -0.261223 0.948930 0.176901 -0.490111 0.805997 0.331902 -0.694728 0.307471 0.650243 -0.592087 0.585082 0.554176 -0.432156 0.805998 0.404486 -0.230334 0.948931 0.215586 -0.432156 0.805998 0.404486 -0.584454 0.307471 0.750916 -0.498105 0.585082 0.639977 -0.363559 0.805997 0.467111 -0.193773 0.948930 0.248965 -0.363559 0.805997 0.467111 -0.459789 0.307471 0.833100 -0.391858 0.585081 0.710019 -0.286012 0.805998 0.518232 -0.152440 0.948930 0.276213 -0.286012 0.805998 0.518232 -0.323802 0.307471 0.894770 -0.275963 0.585082 0.762577 -0.201422 0.805999 0.556593 -0.107355 0.948930 0.296658 -0.201422 0.805999 0.556593 -0.179837 0.307477 0.934407 -0.153259 0.585093 0.796353 -0.111851 0.806009 0.581239 -0.059608 0.948937 0.309782 -0.111851 0.806009 0.581239 -0.060081 0.307777 0.949560 -0.051169 0.585685 0.808922 -0.037287 0.806771 0.589687 -0.019783 0.949546 0.313002 -0.037287 0.806771 0.589687 -0.002077 0.308934 0.951081 -0.001766 0.587649 0.809114 -0.001283 0.808885 0.587966 -0.000675 0.950973 0.309273 -0.001283 0.808885 0.587966 0.000000 0.309017 0.951056 0.000000 0.587783 0.809019 -0.000000 0.809019 0.587782 -0.000000 0.951057 0.309016 -0.000000 0.809019 0.587782 0.000000 0.309017 0.951057 0.000000 0.587782 0.809019 0.000000 0.809019 0.587782 0.000000 0.951057 0.309016 0.000000 0.809019 0.587782 0.000000 0.309017 0.951057 0.000000 0.587782 0.809019 0.000000 0.809019 0.587782 0.000000 0.951057 0.309016 0.000000 0.809019 0.587782 0.000000 0.309017 0.951056 0.000000 0.587784 0.809018 0.000000 0.809019 0.587782 0.000000 0.951057 0.309017 0.000000 0.809019 0.587782 0.000000 0.309017 0.951056 0.000000 0.587784 0.809018 0.000000 0.587784 0.809018 0.000000 0.587784 0.809018 0.000000 0.809020 0.587781 0.000000 0.951056 0.309018 
						0.000001 0.309019 0.951056 0.000003 0.587783 0.809019 0.000003 0.587783 0.809019 0.000005 0.809018 0.587784 0.000006 0.951056 0.309018 -0.309018 0.951056 0.000000 -0.587783 0.809019 0.000000 -0.587783 0.809019 0.000000 -0.809016 0.587786 0.000000 -0.951056 0.309018 0.000000 0.000002 0.309018 0.951056 0.000004 0.587782 0.809019 0.000004 0.587782 0.809019 0.000005 0.809017 0.587785 0.000006 0.951056 0.309018 
					</float_array>
					<technique_common>
						<accessor count="1423" offset="0" source="#meshId0-normals-array" stride="3">
							<param name="X" type="float" />
							<param name="Y" type="float" />
							<param name="Z" type="float" />
						</accessor>
					</technique_common>
				</source>
				<source id="meshId0-tangents" name="meshId0-tangents">
					<float_array id="meshId0-tangents-array" count="4269"> 
						0.000000 0.000000 1.000000 0.000000 0.000000 1.000000 0.000000 0.000000 1.000000 0.000000 0.000000 1.000000 0.000000 0.000000 1.000000 0.000000 0.000000 1.000000 0.000000 0.000000 1.000000 0.000000 0.000000 1.000000 0.000000 0.000000 1.000000 0.000000 0.000000 1.000000 0.028373 0.000000 0.999597 0.028373 0.000000 0.999597 0.128481 0.000000 0.991712 0.128481 0.000000 0.991712 0.277411 0.000000 0.960751 0.277411 0.000000 0.960751 0.424290 0.000000 0.905526 0.424290 0.000000 0.905526 0.560722 0.000000 0.828004 0.560722 0.000000 0.828004 0.683347 -0.000000 0.730094 0.683347 -0.000000 0.730094 0.789145 -0.000000 0.614206 0.789145 -0.000000 0.614206 0.875513 -0.000000 0.483195 0.875513 -0.000000 0.483195 0.940322 0.000000 0.340286 0.940322 0.000000 0.340286 0.981978 0.000000 0.188997 0.981978 0.000000 0.188997 0.998004 -0.000000 0.063155 0.998004 0.000000 0.063155 0.999998 -0.000000 0.002184 0.999998 -0.000000 0.002184 1.000000 -0.000000 0.000000 1.000000 0.000000 0.000000 1.000000 0.000000 0.000000 1.000000 0.000000 0.000000 1.000000 0.000000 0.000000 1.000000 0.000000 0.000000 1.000000 0.000000 0.000000 1.000000 0.000000 0.000000 0.000000 0.000000 1.000000 0.000000 0.000000 1.000000 0.000000 0.000000 1.000000 0.000000 0.000000 1.000000 0.000000 0.000000 1.000000 0.028373 0.000000 0.999597 0.128481 0.000000 0.991712 0.277411 0.000000 0.960751 0.424290 0.000000 0.905526 0.560722 0.000000 0.828004 0.683347 -0.000000 0.730094 0.789145 -0.000000 0.614206 0.875513 -0.000000 0.483195 0.940322 0.000000 0.340286 0.981978 0.000000 0.188997 0.998004 0.000000 0.063155 0.999998 0.000000 0.002184 1.000000 0.000000 0.000000 1.000000 0.000000 0.000000 1.000000 0.000000 0.000000 1.000000 0.000000 0.000000 0.000000 0.000000 1.000000 
						0.000000 0.000000 1.000000 0.000000 0.000000 1.000000 0.000000 0.000000 1.000000 0.000000 0.000000 1.000000 0.028373 0.000000 0.999597 0.128481 0.000000 0.991712 0.277411 0.000000 0.960751 0.424290 0.000000 0.905526 0.560722 0.000000 0.828004 0.683347 -0.000000 0.730094 0.789146 -0.000000 0.614206 0.875513 -0.000000 0.483195 0.940322 0.000000 0.340286 0.981978 0.000000 0.188997 0.998004 0.000000 0.063155 0.999998 0.000000 0.002184 1.000000 0.000000 0.000000 1.000000 0.000000 0.000000 1.000000 0.000000 0.000000 1.000000 0.000000 0.000000 0.000000 0.999999 0.001150 0.000000 0.999999 0.001149 0.000000 0.999999 0.001150 0.000000 0.999999 0.001150 0.000000 0.999999 0.001150 0.000000 0.999999 0.001151 0.000000 0.999999 0.001151 0.000000 0.999999 0.001149 0.000000 0.999999 0.001148 0.000000 0.999999 0.001148 0.000022 0.999999 0.001149 0.000022 0.999999 0.001149 0.000137 0.999999 0.001145 0.000138 0.999999 0.001154 0.000331 0.999999 0.001145 0.000336 0.999999 0.001162 0.000532 0.999999 0.001138 0.000545 0.999999 0.001164 0.000765 0.999999 0.001131 0.000793 0.999999 0.001173 0.001054 0.999999 0.001127 0.000933 0.999999 0.000997 0.000991 0.999999 0.000771 0.000305 1.000000 0.000237 -0.000094 1.000000 -0.000052 -0.000772 1.000000 -0.000426 -0.000894 0.999999 -0.000323 -0.001071 0.999999 -0.000387 -0.001085 0.999999 -0.000207 -0.001074 0.999999 -0.000205 -0.001082 0.999999 -0.000051 -0.001080 0.999999 -0.000051 -0.001079 0.999999 -0.000002 -0.001078 0.999999 -0.000002 -0.001078 0.999999 -0.000001 -0.001079 0.999999 -0.000001 -0.001081 0.999999 -0.000001 -0.001083 0.999999 -0.000001 -0.001085 0.999999 -0.000001 -0.001085 0.999999 -0.000001 -0.001084 0.999999 -0.000001 -0.001081 0.999999 -0.000001 0.000000 1.000000 0.000000 0.000000 1.000000 0.000000 
						0.000000 1.000000 0.000000 0.000000 1.000000 -0.000000 0.000000 1.000000 0.000000 0.000000 1.000000 0.000000 0.000000 1.000000 0.000000 0.000000 1.000000 0.000000 0.000000 1.000000 0.000001 0.000000 1.000000 0.000000 0.000000 1.000000 0.000000 0.000000 1.000000 0.000000 0.000000 1.000000 0.000001 0.000000 1.000000 0.000000 -0.000000 1.000000 -0.000000 0.000000 1.000000 0.000000 -0.000000 1.000000 -0.000000 0.000000 1.000000 0.000000 -0.000000 1.000000 0.000000 0.000000 1.000000 0.000000 -0.000001 1.000000 -0.000001 0.000000 1.000000 0.000000 -0.000003 1.000000 -0.000002 0.000000 1.000000 0.000000 -0.000011 1.000000 -0.000008 -0.000014 1.000000 -0.000007 -0.000012 1.000000 -0.000006 -0.000006 1.000000 -0.000004 -0.000018 1.000000 -0.000007 -0.000016 1.000000 -0.000006 -0.000018 1.000000 -0.000003 -0.000016 1.000000 -0.000003 -0.000020 1.000000 -0.000001 -0.000017 1.000000 -0.000001 -0.000021 1.000000 0.000000 -0.000015 1.000000 -0.000000 -0.000019 1.000000 0.000000 -0.000015 1.000000 0.000000 -0.000021 1.000000 0.000000 -0.000016 1.000000 0.000000 -0.000020 1.000000 0.000000 -0.000016 1.000000 0.000000 -0.000018 1.000000 0.000000 -0.000017 1.000000 0.000000 0.000000 1.000000 0.000000 0.000000 1.000000 0.000000 0.000000 1.000000 0.000000 0.000000 1.000000 0.000000 0.000000 1.000000 0.000000 0.000000 1.000000 0.000000 0.000000 1.000000 0.000000 0.000000 1.000000 0.000000 0.000000 1.000000 0.000000 0.000000 1.000000 0.000000 0.000000 1.000000 -0.000000 0.000000 1.000000 0.000000 0.000001 1.000000 0.000001 0.000000 1.000000 0.000000 0.000001 1.000000 0.000001 0.000000 1.000000 -0.000000 0.000001 1.000000 -0.000000 0.000001 1.000000 0.000001 0.000004 1.000000 0.000005 0.000000 1.000000 0.000000 0.000003 1.000000 0.000002 -0.000001 1.000000 -0.000001 
						0.000000 1.000000 -0.000000 -0.000000 1.000000 -0.000000 0.000000 1.000000 -0.000000 -0.000000 1.000000 0.000000 0.000000 1.000000 0.000000 0.000000 1.000000 -0.000000 -0.000000 -1.000000 -0.000000 -0.000000 -1.000000 -0.000000 0.000000 -1.000000 0.000000 -0.000000 -1.000000 -0.000000 0.000000 -1.000000 -0.000000 -0.000000 -1.000000 0.000000 -0.000000 -1.000000 -0.000000 -0.000000 -1.000000 -0.000000 -0.000000 -1.000000 -0.000000 0.000000 -1.000000 -0.000000 0.000000 -1.000000 0.000000 0.000000 -1.000000 0.000000 0.000000 -1.000000 0.000000 0.000000 -1.000000 0.000000 0.000000 -1.000000 0.000000 0.000000 -1.000000 0.000000 0.000000 -1.000000 0.000000 0.000000 -1.000000 0.000000 -0.000000 1.000000 0.000007 0.000000 1.000000 0.000000 -0.000000 1.000000 0.000010 0.000000 1.000000 0.000000 0.000000 1.000000 0.000000 -0.000000 1.000000 -0.000000 -0.000000 1.000000 -0.000001 -0.000000 1.000000 -0.000000 -0.000001 1.000000 -0.000001 -0.000002 1.000000 -0.000002 -0.000000 1.000000 0.000000 -0.000000 1.000000 0.000000 0.000000 1.000000 0.000000 -0.000000 1.000000 0.000000 0.000000 -1.000000 0.000000 0.000000 -1.000000 -0.000000 -0.000000 -1.000000 0.000000 0.000000 -1.000000 0.000000 0.000000 -1.000000 0.000000 0.000000 -1.000000 0.000000 0.000011 -1.000000 0.000000 0.000013 -1.000000 0.000000 0.000000 -1.000000 0.000000 0.000000 1.000000 -0.000010 0.000000 1.000000 0.000000 0.000000 0.518472 -0.855095 0.000000 0.518483 -0.855088 0.000000 0.518488 -0.855085 0.000000 0.518482 -0.855088 0.000000 0.518485 -0.855087 0.000000 0.518485 -0.855087 -0.000000 0.518487 -0.855085 -0.000000 0.518490 -0.855084 -0.016703 0.518451 -0.854944 -0.016704 0.518340 -0.855012 -0.102881 0.516780 -0.849914 -0.103056 0.514365 -0.851357 -0.239249 0.506165 -0.828587 -0.240170 0.500464 -0.831778 -0.370881 0.485708 -0.791540 
						-0.372999 0.476615 -0.796059 -0.499366 0.454830 -0.737403 -0.502949 0.442097 -0.742693 -0.622409 0.412793 -0.664988 -0.627432 0.396175 -0.670354 -0.736555 0.358947 -0.573274 -0.742622 0.338279 -0.577996 -0.811783 0.374545 -0.448023 -0.790251 0.430449 -0.436139 -0.818809 0.491682 -0.296312 -0.815005 0.498778 -0.294936 -0.844865 0.509667 -0.162612 -0.842634 0.513483 -0.162182 -0.854621 0.517531 -0.042234 -0.854208 0.518216 -0.042213 -0.855085 0.518487 -0.001083 -0.855084 0.518488 -0.001083 -0.855087 0.518485 0.000000 -0.855088 0.518483 0.000000 -0.855088 0.518484 0.000000 -0.855087 0.518485 0.000000 -0.855087 0.518485 0.000000 -0.855085 0.518488 0.000000 0.000000 -1.000000 0.000000 -0.000010 -1.000000 -0.000000 0.000000 1.000000 0.000000 0.000000 1.000000 0.000000 0.000000 1.000000 -0.000008 0.000000 1.000000 0.000000 0.000000 1.000000 0.000000 0.000000 1.000000 0.000000 0.000000 1.000000 0.000000 0.000000 1.000000 0.000000 -0.000000 1.000000 0.000000 -0.000000 1.000000 0.000001 -0.000000 1.000000 0.000001 -0.000000 1.000000 0.000001 -0.000000 1.000000 0.000000 -0.000000 1.000000 0.000000 0.000000 1.000000 0.000000 0.000000 1.000000 0.000001 0.000000 1.000000 0.000000 0.000000 1.000000 0.000000 -0.000052 1.000000 -0.000056 0.000007 1.000000 0.000007 -0.000446 1.000000 -0.000347 0.000024 1.000000 0.000018 -0.001050 0.999999 -0.000580 -0.001048 0.999999 -0.000578 -0.000960 0.999999 -0.000747 0.000000 -1.000000 -0.000000 0.000000 -1.000000 -0.000000 -0.000000 -1.000000 -0.000000 -0.000000 -1.000000 -0.000000 0.000000 -1.000000 -0.000000 0.000000 -1.000000 -0.000000 0.000000 -1.000000 0.000000 0.000000 -1.000000 0.000000 0.000000 -1.000000 0.000000 0.000000 -1.000000 0.000000 0.000000 -1.000000 0.000000 0.000000 -1.000000 0.000000 -0.000013 -1.000000 0.000000 0.000000 -1.000000 0.000000 
						0.000000 -1.000000 0.000000 0.000000 -1.000000 0.000000 0.983662 0.000000 -0.180023 0.983662 0.000000 -0.180023 0.983662 0.000000 -0.180023 0.983662 0.000000 -0.180023 0.983662 0.000000 -0.180023 0.983662 0.000000 -0.180023 0.983662 0.000000 -0.180023 0.983662 0.000000 -0.180023 0.983662 0.000000 -0.180023 0.983662 0.000000 -0.180023 0.983662 0.000000 -0.180023 0.983662 0.000000 -0.180023 0.983662 0.000000 -0.180023 0.983662 0.000000 -0.180023 0.983662 0.000000 -0.180023 0.983662 0.000000 -0.180023 0.983662 0.000000 -0.180023 0.983662 0.000000 -0.180023 0.983662 0.000000 -0.180023 0.983662 0.000000 -0.180023 0.983662 0.000000 -0.180023 0.983662 0.000000 -0.180023 0.983662 0.000000 -0.180023 0.983662 0.000000 -0.180023 0.993737 0.000000 0.111743 0.993737 0.000000 0.111747 0.993737 0.000000 0.111748 0.993737 0.000000 0.111745 0.993737 0.000000 0.111747 0.993737 0.000000 0.111746 0.993737 0.000000 0.111746 0.993737 0.000000 0.111747 0.993737 0.000000 0.111746 0.993737 0.000000 0.111746 0.993737 0.000000 0.111747 0.993737 0.000000 0.111747 0.993737 0.000000 0.111747 0.993737 0.000000 0.111747 0.993737 0.000000 0.111747 0.993737 0.000000 0.111747 0.993737 0.000000 0.111747 0.993737 0.000000 0.111747 0.993737 0.000000 0.111747 0.993737 0.000000 0.111748 0.000000 1.000000 0.000000 0.000000 1.000000 0.000000 0.000000 1.000000 0.000000 0.000000 1.000000 0.000000 0.000000 1.000000 0.000000 0.000000 1.000000 0.000000 0.000000 1.000000 0.000000 0.000000 1.000000 0.000000 0.000000 1.000000 0.000000 0.000000 1.000000 -0.000000 0.000000 1.000000 0.000001 -1.000000 0.000000 0.000000 -1.000000 -0.000000 0.000000 -1.000000 -0.000000 0.000000 -1.000000 -0.000000 0.000000 -1.000000 -0.000000 0.000000 -1.000000 -0.000000 0.000000 -1.000000 0.000000 0.000000 
						-1.000000 -0.000000 0.000000 -1.000000 -0.000000 0.000000 -1.000000 -0.000000 0.000000 -1.000000 0.000000 0.000000 -1.000000 -0.000000 0.000000 -1.000000 -0.000000 -0.000000 -1.000000 -0.000000 -0.000000 0.000000 0.000000 1.000000 0.000000 0.000000 1.000000 0.000000 0.000000 1.000000 0.000000 0.000000 1.000000 0.000000 0.000000 1.000000 0.000000 0.000000 1.000000 0.000000 0.000000 1.000000 0.000000 0.000000 1.000000 0.000000 0.000000 1.000000 0.000000 0.000000 1.000000 0.028373 0.000000 0.999597 0.028373 0.000000 0.999597 0.128481 0.000000 0.991712 0.128481 0.000000 0.991712 0.277411 0.000000 0.960751 0.277411 0.000000 0.960751 0.424290 0.000000 0.905526 0.424290 0.000000 0.905526 0.560722 0.000000 0.828004 0.560722 0.000000 0.828004 0.683347 0.000000 0.730094 0.683347 0.000000 0.730094 0.789146 0.000000 0.614206 0.789146 -0.000000 0.614206 0.875513 0.000000 0.483195 0.875513 -0.000000 0.483195 0.940322 0.000000 0.340286 0.940322 0.000000 0.340285 0.981978 0.000000 0.188997 0.981978 0.000000 0.188997 0.998004 0.000000 0.063155 0.998004 0.000000 0.063155 0.999998 0.000000 0.002184 0.999998 0.000000 0.002184 1.000000 0.000000 0.000000 1.000000 0.000000 0.000000 1.000000 0.000000 0.000000 1.000000 0.000000 0.000000 1.000000 0.000000 0.000000 1.000000 0.000000 0.000000 1.000000 0.000000 0.000000 1.000000 0.000000 0.000000 -0.000001 1.000000 0.000000 -0.000001 1.000000 -0.000000 -0.000001 1.000000 -0.000001 -0.000001 1.000000 0.000000 -0.000027 1.000000 0.000001 -0.000019 1.000000 0.000000 -0.000025 1.000000 0.000001 -0.000024 1.000000 0.000001 -0.000025 1.000000 0.000000 -0.000021 1.000000 -0.000001 -0.000022 1.000000 -0.000004 -0.000022 1.000000 -0.000008 -0.000017 1.000000 -0.000009 -0.000011 1.000000 -0.000008 -0.000000 1.000000 0.000000 
						-0.000004 1.000000 -0.000003 -0.000000 1.000000 -0.000000 -0.000000 1.000000 -0.000000 0.000000 1.000000 0.000001 0.000000 1.000000 0.000001 0.000000 1.000000 0.000001 0.000000 1.000000 0.000001 0.000000 1.000000 0.000000 0.000000 1.000000 0.000000 0.000000 1.000000 0.000000 0.000000 1.000000 0.000000 -1.000000 0.000000 -0.000000 -1.000000 -0.000000 -0.000000 0.179772 0.000000 0.983708 0.179777 0.000000 0.983707 0.179776 0.000000 0.983708 0.179752 0.000000 0.983712 -0.180777 0.000000 -0.983524 -0.180778 0.000000 -0.983524 -0.180778 0.000000 -0.983524 -0.180777 0.000000 -0.983524 0.000000 -1.000000 0.000000 0.000000 -1.000000 0.000000 0.000000 -1.000000 0.000000 0.000000 -1.000000 0.000000 0.179841 0.000000 0.983696 0.179863 0.000000 0.983692 -0.180779 -0.000000 -0.983524 -0.180778 -0.000000 -0.983524 0.179946 0.000000 0.983676 0.179977 0.000000 0.983671 -0.180777 -0.000000 -0.983524 -0.180779 -0.000000 -0.983524 0.180119 -0.000000 0.983645 0.180125 -0.000000 0.983644 -0.180778 -0.000000 -0.983524 -0.180777 -0.000000 -0.983524 0.180299 0.000000 0.983612 0.180265 -0.000000 0.983618 -0.180777 0.000000 -0.983524 -0.180778 0.000000 -0.983524 0.180768 0.000000 0.983526 0.180718 -0.000000 0.983535 -0.180777 0.000000 -0.983524 -0.180778 0.000000 -0.983524 0.181417 0.000000 0.983406 0.181483 0.000000 0.983394 -0.180777 -0.000000 -0.983524 -0.180775 -0.000000 -0.983524 0.182007 0.000000 0.983297 0.182060 0.000000 0.983287 -0.180781 -0.000001 -0.983523 -0.180779 -0.000001 -0.983524 0.182517 0.000000 0.983203 0.182587 0.000000 0.983190 -0.180777 -0.000000 -0.983524 -0.180781 -0.000000 -0.983523 0.183007 0.000000 0.983112 0.183261 0.000000 0.983064 -0.180773 0.000000 -0.983525 -0.180774 0.000000 -0.983525 0.183166 -0.000000 0.983082 0.183246 0.000000 0.983067 -0.180777 -0.000000 -0.983524 
						-0.180773 -0.000000 -0.983525 0.182783 0.000000 0.983153 0.182707 0.000000 0.983167 0.115178 -0.000000 -0.993345 0.115176 -0.000000 -0.993345 0.115172 -0.000000 -0.993345 0.115177 -0.000000 -0.993345 0.182521 0.000000 0.983202 0.182521 0.000000 0.983202 0.115174 -0.000000 -0.993345 0.115177 -0.000000 -0.993345 0.182520 0.000000 0.983202 0.182519 0.000001 0.983202 0.115170 -0.000000 -0.993346 0.115172 -0.000000 -0.993345 0.182519 0.000000 0.983202 0.182519 0.000001 0.983202 0.115172 -0.000001 -0.993345 0.115173 -0.000001 -0.993345 0.182520 0.000000 0.983202 0.182521 0.000001 0.983202 0.115173 -0.000001 -0.993345 0.115173 -0.000001 -0.993345 0.182521 0.000000 0.983202 0.182522 0.000000 0.983202 0.115172 -0.000001 -0.993345 0.115174 -0.000001 -0.993345 0.182521 0.000000 0.983202 0.182519 0.000000 0.983202 0.115172 -0.000000 -0.993346 0.115172 -0.000000 -0.993346 0.182519 0.000000 0.983202 0.182514 0.000000 0.983203 0.115176 0.000000 -0.993345 0.115174 0.000000 -0.993345 0.182517 0.000000 0.983203 0.182514 0.000000 0.983203 0.000003 1.000000 -0.000001 0.000003 1.000000 -0.000001 0.000003 1.000000 -0.000001 0.000003 1.000000 -0.000001 0.115178 0.000000 -0.993345 0.115176 0.000000 -0.993345 0.000000 0.000000 -1.000000 0.000000 0.000000 -1.000000 0.000000 0.000000 -1.000000 0.000000 0.000000 -1.000000 0.000000 1.000000 0.000000 0.000000 1.000000 0.000000 0.000000 1.000000 0.000000 0.000000 1.000000 0.000000 0.000000 0.000000 -1.000000 0.000000 0.000000 -1.000000 0.000000 0.000000 -1.000000 0.000000 0.000000 -1.000000 0.000000 0.000000 -1.000000 0.000000 0.000000 -1.000000 -0.015005 0.000198 -0.999887 -0.029985 -0.000316 -0.999550 -0.097347 0.000901 -0.995250 -0.149494 -0.000900 -0.988762 -0.252149 0.000897 -0.967688 -0.302482 -0.000898 -0.953155 -0.400425 0.000897 -0.916329 
						-0.447864 -0.000897 -0.894101 -0.538840 0.000897 -0.842408 -0.582218 -0.000897 -0.813032 -0.663988 0.000897 -0.747743 -0.702236 -0.000897 -0.711944 -0.738582 0.002685 -0.674158 -0.738582 0.002685 -0.674158 -0.834850 -0.002685 -0.550472 -0.862555 0.000897 -0.505962 -0.887869 -0.000897 -0.460096 -0.834849 -0.002685 -0.550472 -0.931086 0.000897 -0.364799 -0.948913 -0.000897 -0.315538 -0.981977 -0.000042 -0.188999 -0.981977 -0.000042 -0.188999 -0.999242 -0.000474 -0.038935 -0.997169 0.000772 -0.075191 0.001299 0.034344 -0.999409 -0.637837 0.026422 -0.769718 0.001299 0.034344 -0.999409 0.294338 -0.032823 0.955138 -0.294727 0.032818 -0.955018 -0.637837 0.026422 -0.769718 0.294338 -0.032823 0.955138 0.294727 -0.032818 0.955018 -0.294727 0.032818 -0.955018 -0.294727 0.032818 -0.955018 0.324719 -0.032483 0.945253 -0.707107 0.024285 -0.706690 -0.034324 -0.034324 0.998821 -0.831792 0.019064 -0.554760 -0.000001 1.000000 0.000032 -0.000001 1.000000 0.000029 -0.000001 1.000000 0.000032 -0.000001 1.000000 0.000029 0.000000 1.000000 0.000000 0.000000 1.000000 0.000000 -0.000001 1.000000 0.000034 -0.000001 1.000000 0.000034 0.000000 1.000000 0.000000 0.000000 1.000000 0.000000 -0.000001 1.000000 0.000035 -0.000001 1.000000 0.000034 -0.999373 0.034343 0.008582 -0.998821 0.034324 0.034324 -0.999263 0.034339 0.017164 -0.999410 0.034344 0.000000 0.000000 1.000000 0.000000 0.000000 1.000000 0.000000 -0.999410 0.034344 0.000000 -0.999410 0.034344 0.000000 -0.999410 0.034344 0.000000 -0.999410 0.034344 0.000000 -0.999410 0.034344 0.000000 -0.999394 0.034343 0.005621 -0.999298 0.034335 0.014990 -0.997831 0.034314 0.056184 -0.989950 0.034234 0.137215 -0.991767 0.034238 0.123391 -0.944379 0.034191 0.327076 -0.973391 0.034191 0.226586 -0.881587 0.034191 0.470782 -0.925931 0.034191 0.376141 -0.797087 0.034191 0.602896 
						-0.855690 0.034191 0.516358 -0.692959 0.034191 0.720166 -0.764379 0.034191 0.643860 -0.613846 0.034238 0.788683 -0.673835 0.034133 0.738093 -0.436500 0.034191 0.899054 -0.550077 0.034133 0.834416 -0.613846 0.034238 0.788683 -0.528004 0.034191 0.848554 -0.290483 0.034191 0.956269 -0.388760 0.034191 0.920704 -0.145225 0.034203 0.988807 -0.239944 0.034194 0.970184 -0.038479 0.034290 0.998671 -0.101191 0.034253 0.994277 -0.000872 0.034344 0.999410 -0.019893 0.034338 0.999212 -0.000000 0.034344 0.999410 -0.000436 0.034344 0.999410 0.000000 0.034344 0.999410 0.000000 0.034344 0.999410 -0.011443 0.034342 0.999345 0.000000 0.034344 0.999410 -0.000001 1.000000 0.000038 -0.000001 1.000000 0.000038 -0.034324 0.034324 0.998821 -0.017164 0.034339 0.999263 0.000000 1.000000 0.000000 0.000000 1.000000 0.000000 0.000000 1.000000 0.000000 0.000000 1.000000 0.000000 0.000000 0.000000 1.000000 0.000000 0.000000 1.000000 -1.000000 0.000000 0.000000 -1.000000 0.000000 0.000000 0.000000 1.000000 0.000000 0.000000 1.000000 0.000000 0.000000 0.000000 1.000000 0.000000 1.000000 0.000000 0.000000 1.000000 0.000000 0.000000 0.000000 1.000000 0.000000 1.000000 0.000000 0.000000 1.000000 0.000000 0.000000 0.000000 1.000000 0.000000 1.000000 0.000000 0.000000 1.000000 0.000000 0.028373 0.000000 0.999597 0.000000 1.000000 0.000000 0.000000 1.000000 0.000000 0.128481 0.000000 0.991712 0.000000 1.000000 0.000000 0.000000 1.000000 0.000000 0.277411 0.000000 0.960751 0.000000 1.000000 0.000000 0.000000 1.000000 0.000000 0.424290 0.000000 0.905526 0.000000 1.000000 0.000000 0.000000 1.000000 0.000000 0.560722 0.000000 0.828004 0.000000 1.000000 0.000000 0.000000 1.000000 0.000000 0.683347 -0.000000 0.730094 0.000000 1.000000 0.000000 0.000000 1.000000 0.000000 
						0.789145 -0.000000 0.614206 0.000000 1.000000 0.000000 0.000000 1.000000 0.000000 0.000000 1.000000 0.000000 0.000000 1.000000 0.000000 0.875513 -0.000000 0.483195 -0.000015 1.000000 -0.000008 -0.000016 1.000000 -0.000006 -0.000016 1.000000 -0.000006 -0.000015 1.000000 -0.000008 0.940322 0.000000 0.340286 -0.000016 1.000000 -0.000003 -0.000016 1.000000 -0.000003 0.981978 0.000000 0.188997 -0.000016 1.000000 -0.000001 -0.000016 1.000000 -0.000001 0.998004 -0.000000 0.063154 -0.000016 1.000000 -0.000000 -0.000016 1.000000 -0.000000 0.999998 -0.000000 0.002184 -0.000016 1.000000 0.000000 -0.000015 1.000000 0.000000 1.000000 -0.000000 0.000000 -0.000013 1.000000 0.000000 -0.000013 1.000000 0.000000 1.000000 0.000000 0.000000 -0.000015 1.000000 0.000000 -0.000017 1.000000 0.000000 1.000000 0.000000 0.000000 -0.000017 1.000000 0.000000 -0.000020 1.000000 0.000000 0.000000 1.000000 0.000000 0.000000 1.000000 0.000000 1.000000 0.000000 0.000000 -0.000016 1.000000 0.000000 -0.000016 1.000000 0.000000 -0.000016 1.000000 0.000000 -0.000016 1.000000 0.000000 1.000000 0.000000 0.000000 1.000000 0.000000 0.000000 1.000000 0.000000 0.000000 1.000000 0.000000 0.000000 -0.000015 1.000000 0.000000 -0.000015 1.000000 0.000000 1.000000 0.000000 0.000000 1.000000 0.000000 -0.000000 -0.000015 1.000000 0.000000 -0.000015 1.000000 0.000000 1.000000 0.000000 0.000000 1.000000 0.000005 -0.000000 -0.000016 1.000000 0.000000 -0.000016 1.000000 -0.000000 -0.000018 1.000000 0.000000 -0.000018 1.000000 0.000000 -0.000018 1.000000 -0.000000 -0.000019 1.000000 -0.000001 -0.000014 1.000000 -0.000001 -0.000018 1.000000 -0.000000 1.000000 0.000000 0.000000 1.000000 0.000000 0.000000 1.000000 -0.000001 -0.000001 1.000000 -0.000000 -0.000000 1.000000 0.000000 0.000000 1.000000 0.000000 0.000000 
						0.993737 0.000000 0.111742 0.993738 0.000000 0.111739 0.993737 0.000000 0.111742 0.993738 0.000000 0.111738 -0.000017 1.000000 0.000000 -0.000016 1.000000 0.000000 0.000000 0.000000 1.000000 0.000000 0.000000 1.000000 0.000000 1.000000 0.000000 0.000000 1.000000 0.000000 0.000000 1.000000 0.000000 0.000000 0.000000 1.000000 0.000000 1.000000 0.000000 0.000000 1.000000 0.000000 -0.000000 -0.000012 1.000000 0.000000 1.000000 0.000000 0.000000 1.000000 0.000000 0.000000 1.000000 -0.000000 0.000000 1.000000 -0.000000 0.000000 1.000000 0.000000 0.000000 1.000000 0.000000 0.000000 1.000000 0.000000 0.000000 0.000000 1.000000 0.000000 0.000000 1.000000 0.000000 1.000000 0.000000 0.983662 0.000000 -0.180023 0.983662 0.000000 -0.180023 0.000000 0.000000 1.000000 0.000000 1.000000 -0.000001 0.000000 0.000000 1.000000 0.000000 0.000000 1.000000 0.000000 0.000000 1.000000 0.000000 -0.000009 1.000000 0.000000 0.000000 1.000000 0.000000 0.000000 1.000000 0.000000 0.000000 1.000000 0.000000 0.000000 1.000000 0.000000 0.000000 1.000000 0.000000 0.000000 1.000000 0.000000 0.000000 1.000000 0.000000 0.000000 1.000000 0.028373 0.000000 0.999597 0.028373 0.000000 0.999597 0.128481 0.000000 0.991712 0.128481 0.000000 0.991712 0.277411 0.000000 0.960751 0.277411 0.000000 0.960751 0.424290 0.000000 0.905526 0.424290 0.000000 0.905526 0.560722 0.000000 0.828004 0.560722 0.000000 0.828004 0.683347 -0.000000 0.730094 0.683347 0.000000 0.730094 0.789145 -0.000000 0.614206 0.789145 0.000000 0.614206 0.875513 -0.000000 0.483195 0.875513 0.000000 0.483195 0.940322 0.000000 0.340286 0.940322 0.000000 0.340286 0.981978 0.000000 0.188997 0.981978 0.000000 0.188997 0.998004 0.000000 0.063155 0.998004 0.000000 0.063155 0.999998 0.000000 0.002184 
						0.999998 0.000000 0.002184 1.000000 0.000000 0.000000 1.000000 0.000000 0.000000 1.000000 0.000000 0.000000 1.000000 0.000000 0.000000 1.000000 0.000000 0.000000 1.000000 0.000000 0.000000 1.000000 0.000000 0.000000 1.000000 0.000000 0.000000 1.000000 0.000000 -0.000000 1.000000 -0.000002 -0.000000 1.000000 0.000011 -0.000000 1.000000 -0.000002 -0.000000 1.000000 -0.000002 -0.000001 0.000000 0.000000 1.000000 0.000000 0.000000 1.000000 0.000000 0.000000 1.000000 0.000000 0.000000 1.000000 0.000000 0.000000 1.000000 0.000000 0.000000 1.000000 0.000000 0.000000 1.000000 0.000000 0.000000 1.000000 0.000000 0.000000 1.000000 0.000000 0.000000 1.000000 0.028276 0.000000 0.999600 0.028276 0.000000 0.999600 0.128293 0.000000 0.991736 0.128293 0.000000 0.991736 0.277399 0.000000 0.960755 0.277399 0.000000 0.960755 0.424290 0.000000 0.905526 0.424290 0.000000 0.905526 0.560722 0.000000 0.828004 0.560722 0.000000 0.828004 0.683347 0.000000 0.730094 0.683347 0.000000 0.730094 0.789146 0.000000 0.614206 0.789146 0.000000 0.614206 0.875513 0.000000 0.483195 0.875513 0.000000 0.483195 0.940322 0.000000 0.340285 0.940322 0.000000 0.340285 0.981997 0.000000 0.188896 0.981997 0.000000 0.188896 0.998015 0.000000 0.062976 0.998015 0.000000 0.062976 0.999998 0.000000 0.002177 0.999998 0.000000 0.002177 1.000000 0.000000 0.000000 1.000000 0.000000 0.000000 1.000000 0.000000 0.000000 1.000000 0.000000 0.000000 1.000000 0.000000 0.000000 1.000000 0.000000 0.000000 1.000000 0.000000 0.000000 1.000000 0.000000 0.000000 1.000000 0.000000 0.000000 1.000000 0.000000 0.000000 1.000000 0.000000 0.000000 1.000000 0.000000 0.000000 0.000000 0.000000 1.000000 0.000000 0.000000 1.000000 0.000000 1.000000 0.000000 0.000000 0.000000 1.000000 
						0.000000 0.000000 1.000000 0.000000 0.000000 1.000000 0.000000 0.000000 1.000000 0.000000 0.000000 1.000000 0.000000 0.000000 1.000000 0.000000 0.000000 1.000000 0.000000 0.000000 1.000000 0.000000 0.000000 1.000000 0.000000 0.000000 1.000000 0.028373 0.000000 0.999597 0.028373 0.000000 0.999597 0.128481 0.000000 0.991712 0.128480 0.000000 0.991712 0.277411 0.000000 0.960751 0.277410 0.000000 0.960752 0.424291 0.000000 0.905526 0.424291 0.000000 0.905526 0.560722 0.000000 0.828004 0.560723 0.000000 0.828003 0.683347 -0.000000 0.730093 0.683348 0.000000 0.730092 0.789148 -0.000000 0.614204 0.789146 -0.000000 0.614206 0.875513 -0.000000 0.483194 0.875512 -0.000000 0.483196 0.940322 0.000000 0.340286 0.940322 0.000000 0.340286 0.981978 0.000000 0.188997 0.981978 0.000000 0.188997 0.998004 0.000000 0.063155 0.998004 0.000000 0.063155 0.999998 0.000000 0.002184 0.999998 0.000000 0.002184 1.000000 0.000000 0.000000 1.000000 0.000000 0.000000 1.000000 0.000000 0.000000 1.000000 0.000000 0.000000 1.000000 0.000000 0.000000 1.000000 0.000000 0.000000 1.000000 0.000000 0.000000 1.000000 0.000000 0.000000 1.000000 0.000021 -0.000016 1.000000 0.000000 0.000000 1.000000 0.000017 -0.000016 1.000000 0.000000 0.000000 0.000000 -0.000020 1.000000 -0.000000 -0.000005 1.000000 -0.015794 0.000000 -0.999875 -0.015790 0.000000 -0.999875 -0.015791 0.000000 -0.999875 -0.015790 0.000000 -0.999875 -0.006376 0.000000 -0.999980 -0.006378 0.000000 -0.999980 -0.006378 0.000000 -0.999980 -0.006377 0.000000 -0.999980 -0.015790 0.000000 -0.999875 -0.015788 0.000000 -0.999875 -0.006378 0.000000 -0.999980 -0.006378 0.000000 -0.999980 -0.015789 0.000000 -0.999875 -0.015790 0.000000 -0.999875 -0.006377 0.000000 -0.999980 -0.006378 0.000000 -0.999980 -0.015791 0.000000 -0.999875 
						-0.015791 0.000000 -0.999875 -0.006378 0.000000 -0.999980 -0.006377 0.000000 -0.999980 -0.015788 0.000000 -0.999875 -0.015790 0.000000 -0.999875 -0.006378 0.000000 -0.999980 -0.006379 0.000000 -0.999980 -0.015786 -0.000000 -0.999875 -0.015787 -0.000000 -0.999875 -0.006379 -0.000000 -0.999980 -0.006376 -0.000000 -0.999980 -0.015786 -0.000000 -0.999875 -0.015787 -0.000000 -0.999875 -0.006380 0.000000 -0.999980 -0.006383 -0.000000 -0.999980 -0.015787 -0.000000 -0.999875 -0.015788 -0.000000 -0.999875 -0.006375 0.000000 -0.999980 -0.006376 0.000000 -0.999980 -0.015788 -0.000000 -0.999875 -0.015786 -0.000000 -0.999875 -0.006386 0.000001 -0.999980 -0.006379 0.000001 -0.999980 -0.015728 0.000000 -0.999876 -0.014678 0.000000 -0.999892 -0.006216 0.000000 -0.999981 -0.006399 0.000000 -0.999979 -0.012050 -0.000000 -0.999927 -0.008323 -0.000000 -0.999965 -0.005209 -0.000000 -0.999986 -0.005819 -0.000000 -0.999983 -0.005549 0.000000 -0.999985 -0.004338 0.000000 -0.999991 -0.004611 0.000000 -0.999989 -0.004801 0.000000 -0.999988 -0.004283 0.000001 -0.999991 -0.004286 0.000001 -0.999991 -0.004625 -0.000000 -0.999989 -0.004623 -0.000000 -0.999989 -0.004305 0.000000 -0.999991 -0.004317 0.000000 -0.999991 -0.004616 -0.000001 -0.999989 -0.004613 -0.000001 -0.999989 -0.004311 -0.000000 -0.999991 -0.004297 -0.000000 -0.999991 -0.004600 -0.000000 -0.999989 -0.004593 -0.000000 -0.999989 -0.004290 -0.000000 -0.999991 -0.004292 -0.000000 -0.999991 -0.004592 0.000000 -0.999989 -0.004594 0.000000 -0.999989 -0.004300 -0.000000 -0.999991 -0.004296 -0.000000 -0.999991 -0.004602 0.000000 -0.999989 -0.004591 0.000000 -0.999989 -0.004283 0.000000 -0.999991 -0.004281 0.000000 -0.999991 -0.004614 0.000000 -0.999989 -0.004614 0.000000 -0.999989 -0.004291 0.000000 -0.999991 -0.004291 0.000000 -0.999991 -0.004597 0.000000 -0.999989 -0.004602 0.000000 -0.999989 -0.004281 0.000000 -0.999991 
						-0.004281 0.000000 -0.999991 -0.004612 0.000000 -0.999989 -0.004606 0.000000 -0.999989 -0.004280 0.000000 -0.999991 -0.003800 0.000000 -0.999993 -0.003330 0.000000 -0.999994 -0.003967 0.000000 -0.999992 0.000000 -0.003303 -0.999995 0.000000 -0.001089 -0.999999 0.000000 0.001124 -0.999999 0.000000 -0.001089 -0.999999 -0.001096 0.000000 -0.999999 -0.003762 0.000000 -0.999993 -0.004670 0.000000 -0.999989 -0.002912 0.000000 -0.999996 -0.006379 0.000000 -0.999980 -0.006375 0.000000 -0.999980 -1.000000 0.000000 0.000000 -1.000000 0.000000 0.000000 -1.000000 0.000000 0.000000 -1.000000 0.000000 0.000000 -0.015799 0.000000 -0.999875 -0.015797 0.000000 -0.999875 -0.000000 1.000000 0.000000 -0.000000 1.000000 0.000020 0.000000 1.000000 -0.000015 0.000000 1.000000 0.000000 0.000000 1.000000 0.000000 0.000000 1.000000 0.000000 0.000000 1.000000 0.000000 0.000000 1.000000 0.000000 0.000000 1.000000 0.000000 0.000000 1.000000 0.000000 0.000000 1.000000 0.000000 0.000000 1.000000 0.000000 0.000000 1.000000 0.000000 0.000000 1.000000 0.000000 0.000000 1.000000 0.000000 0.000000 1.000000 0.000000 0.000000 1.000000 0.000000 0.000000 1.000000 0.000000 0.000000 1.000000 0.000000 0.000000 1.000000 0.000000 0.000000 1.000000 0.000000 -0.000268 1.000000 -0.000209 0.000000 1.000000 0.000000 0.000000 1.000000 0.000000 -0.000756 1.000000 -0.000417 0.000000 -1.000000 0.000000 0.000000 -1.000000 0.000000 0.000000 -1.000000 0.000000 0.000000 -1.000000 0.000000 0.000000 -1.000000 0.000000 0.000000 -1.000000 0.000000 0.000000 -1.000000 0.000000 0.000000 -1.000000 0.000000 0.000000 -1.000000 0.000000 0.000000 -1.000000 0.000000 0.000000 -1.000000 0.000000 0.000000 -1.000000 0.000000 0.000000 -1.000000 0.000000 0.000000 -1.000000 0.000000 0.000019 -1.000000 0.000000 -0.000026 -1.000000 -0.000000 
						-0.219488 0.000000 -0.975615 -0.219488 0.000000 -0.975615 -0.219487 0.000000 -0.975615 -0.219487 0.000000 -0.975615 -0.204860 0.000000 -0.978791 -0.204860 0.000000 -0.978791 -0.204860 0.000000 -0.978791 -0.204860 0.000000 -0.978791 -0.204860 0.978791 0.000000 -0.204862 0.978791 0.000000 -0.204865 0.978790 0.000000 -0.204862 0.978791 0.000000 -0.219487 0.000000 -0.975615 -0.219488 0.000000 -0.975615 -0.204859 0.000000 -0.978791 -0.204859 0.000000 -0.978791 -0.219487 0.000000 -0.975615 -0.219489 0.000000 -0.975615 -0.204860 0.000000 -0.978791 -0.204860 0.000000 -0.978791 -0.219487 0.000000 -0.975615 -0.219487 0.000000 -0.975615 -0.204860 0.000000 -0.978791 -0.204860 0.000000 -0.978791 -0.219490 0.000000 -0.975615 -0.219489 0.000000 -0.975615 -0.204859 0.000000 -0.978792 -0.204860 0.000000 -0.978791 -0.219489 0.000000 -0.975615 -0.219486 0.000000 -0.975616 -0.204861 0.000000 -0.978791 -0.204860 0.000000 -0.978791 -0.219485 -0.000000 -0.975616 -0.219485 -0.000000 -0.975616 -0.204860 -0.000000 -0.978791 -0.204861 -0.000000 -0.978791 -0.219486 -0.000000 -0.975616 -0.219487 -0.000000 -0.975615 -0.204860 -0.000001 -0.978791 -0.204860 -0.000001 -0.978791 -0.219489 -0.000000 -0.975615 -0.219490 -0.000000 -0.975615 -0.204860 -0.000000 -0.978791 -0.204859 -0.000000 -0.978791 -0.219490 0.000000 -0.975615 -0.219489 0.000000 -0.975615 -0.204863 0.000000 -0.978791 -0.204860 0.000000 -0.978791 -0.490434 0.000000 -0.871478 -0.490818 0.000000 -0.871262 -0.490911 0.000000 -0.871210 -0.490116 0.000000 -0.871657 0.547933 -0.000000 -0.836522 0.548569 0.000000 -0.836105 0.548816 0.000000 -0.835943 0.548431 -0.000000 -0.836196 -0.492577 -0.000000 -0.870269 -0.492794 -0.000000 -0.870146 0.546493 -0.000000 -0.837464 0.547249 -0.000000 -0.836970 -0.495185 -0.000000 -0.868788 -0.495583 -0.000000 -0.868560 0.545928 -0.000000 -0.837832 0.544444 -0.000000 -0.838797 
						-0.498384 0.000000 -0.866957 -0.499142 0.000000 -0.866520 0.542967 -0.000000 -0.839754 0.538876 -0.000000 -0.842385 -0.502430 0.000000 -0.864618 -0.503595 0.000000 -0.863940 0.535998 0.000000 -0.844219 0.533273 0.000000 -0.845943 -0.507234 0.000000 -0.861808 -0.508568 0.000000 -0.861022 0.530383 0.000000 -0.847758 0.531602 0.000000 -0.846994 -0.512477 0.000000 -0.858701 -0.513764 0.000000 -0.857932 0.525287 0.000000 -0.850925 0.526508 0.000000 -0.850170 -0.515715 0.000000 -0.856760 -0.514935 0.000000 -0.857229 0.000000 0.521786 -0.853076 0.000000 0.519540 -0.854446 0.000000 0.517291 -0.855810 0.000000 0.519540 -0.854446 0.524143 0.000000 -0.851630 0.523327 0.000000 -0.852132 -0.000016 1.000000 0.000000 -0.000015 1.000000 0.000000 -0.000015 1.000000 0.000000 -0.000016 1.000000 -0.000001 -0.000016 1.000000 0.000000 -0.000016 1.000000 0.000000 1.000000 0.000000 0.000000 1.000000 0.000000 0.000000 -0.000015 1.000000 0.000000 1.000000 0.000000 -0.000000 -0.000016 1.000000 0.000000 1.000000 0.000000 -0.000000 -0.000016 1.000000 -0.000000 1.000000 -0.000003 0.000001 -0.000012 1.000000 -0.000001 -0.000016 1.000000 -0.000000 -0.000018 1.000000 0.000000 1.000000 -0.000001 -0.000001 1.000000 -0.000001 -0.000000 1.000000 0.000000 0.000000 0.993736 0.000000 0.111750 0.993737 0.000000 0.111746 -0.000016 1.000000 0.000000 1.000000 0.000003 -0.000000 1.000000 -0.000001 0.000001 0.000000 0.000000 1.000000 0.000000 0.000000 1.000000 0.000000 1.000000 0.000000 0.000000 1.000000 0.000000 0.000000 0.000000 1.000000 0.000000 1.000000 0.000000 0.000000 0.000000 1.000000 0.000000 1.000000 0.000000 0.000000 0.000000 1.000000 0.000000 1.000000 0.000000 0.000000 0.000000 1.000000 0.000000 0.000000 1.000000 0.000000 1.000000 0.000000 0.000000 1.000000 0.000000 0.000000 1.000000 0.000000 
						0.000000 0.000000 1.000000 0.000000 1.000000 0.000000 0.983662 0.000000 -0.180023 0.983662 0.000000 -0.180023 0.000000 0.000000 1.000000 0.178509 0.000229 0.983938 0.168941 0.054892 0.984096 0.168947 0.054894 0.984095 0.178734 0.000230 0.983897 0.143707 0.104409 0.984097 0.143713 0.104413 0.984096 0.000000 0.000000 1.000000 0.000000 0.000000 1.000000 0.000000 0.000000 1.000000 0.000000 0.000000 1.000000 0.000000 0.000000 1.000000 0.000000 0.000000 1.000000 0.000000 0.000000 1.000000 0.000000 0.000000 1.000000 0.000000 0.000000 1.000000 0.000000 0.000000 1.000000 0.000000 0.000000 1.000000 0.028377 0.000159 0.999597 0.128497 0.000630 0.991710 0.277429 0.000707 0.960746 0.424307 0.000707 0.905518 0.560738 0.000707 0.827993 0.683361 0.000707 0.730081 0.789157 0.000707 0.614192 0.875522 0.000707 0.483178 0.940328 0.000707 0.340268 0.981981 0.000707 0.188978 0.998005 0.000625 0.063137 0.999998 0.000021 0.002184 1.000000 0.000000 0.000000 1.000000 0.000000 0.000000 1.000000 0.000000 0.000000 1.000000 0.000000 0.000000 0.178760 0.000230 0.983893 0.178851 0.000230 0.983876 0.178964 0.000230 0.983856 0.179485 0.000224 0.983761 0.180258 0.000094 0.983619 0.181745 -0.000179 0.983346 0.183271 -0.000459 0.983062 0.184593 -0.000727 0.982815 0.185646 -0.000979 0.982616 0.185169 -0.001209 0.982706 0.183223 -0.001410 0.983070 0.182452 -0.001575 0.983214 0.182486 -0.001701 0.983207 0.182518 -0.001565 0.983201 0.182485 -0.001304 0.983208 0.182499 -0.001263 0.983205 0.182510 -0.001263 0.983203 0.182488 -0.001263 0.983207 0.182502 -0.001263 0.983205 0.182522 0.000000 0.983202 0.182501 -0.001263 0.983205 0.182494 -0.001264 0.983206 0.182512 -0.000001 0.983204 1.000000 0.000000 0.000000 1.000000 -0.000001 -0.000000 0.000000 0.000000 1.000000 
						0.179768 0.000000 0.983709 0.178715 0.000230 0.983901 0.182550 -0.001264 0.983196 0.182518 -0.000001 0.983202 1.000000 -0.000001 -0.000001 0.000000 0.000000 1.000000 0.179762 0.000000 0.983710 0.179067 0.000230 0.983837 0.000001 1.000000 -0.000019 0.000001 1.000000 -0.000001 0.000001 1.000000 0.000000 0.000001 1.000000 -0.000017 0.000001 1.000000 0.000015 0.000001 1.000000 0.000034 0.000001 1.000000 -0.000018 -1.000000 -0.000000 0.000000 -1.000000 0.000000 0.000000 -1.000000 -0.000001 0.000000 -1.000000 -0.000000 0.000000 -1.000000 0.000001 0.000000 -1.000000 -0.000002 0.000000 -1.000000 -0.000002 0.000000 0.168932 0.054889 0.984098 0.143704 0.104406 0.984098 0.000000 0.000000 1.000000 0.000000 0.000000 1.000000 0.000000 0.000000 1.000000 0.000000 0.000000 1.000000 0.000000 0.000000 1.000000 0.000000 0.000000 1.000000 0.168982 0.054906 0.984089 0.143760 0.104447 0.984085 0.000000 0.000000 1.000000 0.000000 0.000000 1.000000 0.000000 0.000000 1.000000 0.169070 0.054934 0.984072 0.143831 0.104499 0.984069 0.000000 0.000000 1.000000 0.000000 0.000000 1.000000 0.000000 0.000000 1.000000 0.169175 0.054974 0.984052 0.143906 0.104559 0.984052 0.028115 -0.000782 0.999604 0.027446 -0.001262 0.999623 0.021030 -0.005339 0.999765 0.171163 0.046924 0.984125 0.148784 0.088145 0.984933 0.128298 -0.000541 0.991736 0.127834 -0.000868 0.991795 0.110978 -0.012895 0.993739 0.177681 0.016567 0.983949 0.166811 0.028525 0.985576 0.277411 0.000000 0.960751 0.277410 0.000001 0.960752 0.260978 -0.012511 0.965264 0.187415 -0.030686 0.981801 0.197041 -0.060326 0.978537 0.424291 -0.000000 0.905526 0.424290 0.000000 0.905526 0.408767 -0.012514 0.912553 0.196653 -0.078659 0.977313 0.225068 -0.150296 0.962682 0.560722 -0.000000 0.828004 0.560722 -0.000000 0.828004 
						0.546489 -0.012514 0.837373 0.204132 -0.124813 0.970954 0.246816 -0.236864 0.939669 0.683346 0.000001 0.730095 0.683347 0.000000 0.730094 0.670755 -0.012513 0.741574 0.208721 -0.168210 0.963401 0.253054 -0.322126 0.912249 0.789144 0.000001 0.614208 0.789146 -0.000000 0.614206 0.778505 -0.012514 0.627514 0.200462 -0.210122 0.956903 0.231490 -0.407530 0.883364 0.875512 0.000000 0.483196 0.875513 -0.000001 0.483194 0.867085 -0.012513 0.498004 0.183459 -0.247452 0.951373 0.206612 -0.476230 0.854702 0.940322 0.000000 0.340286 0.940322 0.000000 0.340286 0.934314 -0.012512 0.356232 0.176599 -0.275437 0.944959 0.196706 -0.523378 0.829085 0.981978 -0.000002 0.188993 0.981979 -0.000007 0.188988 0.978540 -0.012527 0.205677 0.169487 -0.296207 0.939966 0.184329 -0.557930 0.809158 0.997970 -0.001601 0.063663 0.998115 0.002497 0.061329 0.998213 0.002494 0.059707 0.174187 -0.305003 0.936286 0.171862 -0.576128 0.799087 0.999998 -0.000071 0.002206 0.999998 0.000030 0.002161 0.999998 0.000029 0.002142 0.176801 -0.304287 0.936029 0.165432 -0.579693 0.797865 1.000000 0.000000 0.000000 1.000000 0.000000 0.000000 1.000000 -0.000000 0.000000 0.173878 -0.304309 0.936569 0.165185 -0.579707 0.797906 1.000000 0.000000 0.000000 1.000000 0.000000 0.000000 1.000000 0.000000 0.000000 0.173845 -0.304311 0.936575 0.165163 -0.579710 0.797908 1.000000 0.000000 0.000000 1.000000 0.000000 0.000000 1.000000 0.000000 0.000000 0.173845 -0.304311 0.936575 0.165185 -0.579708 0.797905 1.000000 0.000000 0.000000 1.000000 0.000000 0.000000 1.000000 0.000000 0.000000 0.173856 -0.304311 0.936573 0.156819 -0.580510 0.799010 1.000000 0.000000 0.000000 1.000000 0.000000 0.000000 0.131752 -0.801966 0.582660 0.131736 -0.801967 0.582661 0.148450 -0.581269 0.800056 0.173830 -0.304314 0.936577 
						1.000000 -0.000002 -0.000001 1.000000 -0.000003 -0.000002 0.131766 -0.801965 0.582657 0.148467 -0.581271 0.800051 0.173853 -0.304313 0.936573 0.168934 0.054890 0.984098 0.143705 0.104407 0.984097 0.000000 0.000000 1.000000 0.000000 0.000000 1.000000 0.000000 0.000000 1.000000 1.000000 -0.000002 -0.000001 1.000000 -0.000004 -0.000001 0.131719 -0.801971 0.582660 0.142901 -0.581753 0.800714 0.170990 -0.304468 0.937049 
					</float_array>
					<technique_common>
						<accessor count="1423" offset="0" source="#meshId0-tangents-array" stride="3">
							<param name="X" type="float" />
							<param name="Y" type="float" />
							<param name="Z" type="float" />
						</accessor>
					</technique_common>
				</source>
				<source id="meshId0-bitangents" name="meshId0-bitangents">
					<float_array id="meshId0-bitangents-array" count="4269"> 
						0.000000 1.000000 0.000000 0.000000 1.000000 0.000000 0.000000 1.000000 0.000000 0.000000 1.000000 0.000000 0.000000 1.000000 0.000000 0.000000 1.000000 0.000000 0.000000 1.000000 0.000000 0.000000 1.000000 0.000000 0.000000 1.000000 0.000000 0.000000 1.000000 0.000000 0.000000 1.000000 0.000000 0.000000 1.000000 0.000000 0.000000 1.000000 0.000000 0.000000 1.000000 0.000000 0.000000 1.000000 0.000000 0.000000 1.000000 0.000000 0.000000 1.000000 0.000000 0.000000 1.000000 0.000000 0.000000 1.000000 0.000000 0.000000 1.000000 0.000000 0.000000 1.000000 0.000000 0.000000 1.000000 0.000000 0.000000 1.000000 0.000000 0.000000 1.000000 0.000000 0.000000 1.000000 0.000000 0.000000 1.000000 0.000000 0.000000 1.000000 0.000000 0.000000 1.000000 0.000000 0.000000 1.000000 0.000000 0.000000 1.000000 0.000000 0.000000 1.000000 0.000000 0.000000 1.000000 0.000000 0.000000 1.000000 0.000000 0.000000 1.000000 0.000000 0.000000 1.000000 0.000000 0.000000 1.000000 0.000000 0.000000 1.000000 0.000000 0.000000 1.000000 0.000000 0.000000 1.000000 0.000000 0.000000 1.000000 0.000000 0.000000 1.000000 0.000000 0.000000 1.000000 0.000000 0.000000 1.000000 0.000000 0.000000 1.000000 0.000000 0.000000 1.000000 0.000000 0.000000 1.000000 0.000000 0.000000 1.000000 0.000000 0.000000 1.000000 0.000000 0.000000 1.000000 0.000000 0.000000 1.000000 0.000000 0.000000 1.000000 0.000000 0.000000 1.000000 0.000000 0.000000 1.000000 0.000000 0.000000 1.000000 0.000000 0.000000 1.000000 0.000000 0.000000 1.000000 0.000000 0.000000 1.000000 0.000000 0.000000 1.000000 0.000000 0.000000 1.000000 0.000000 0.000000 1.000000 0.000000 0.000000 1.000000 0.000000 0.000000 1.000000 0.000000 0.000000 1.000000 0.000000 0.000000 1.000000 0.000000 
						0.000000 1.000000 0.000000 0.000000 1.000000 0.000000 0.000000 1.000000 0.000000 0.000000 1.000000 0.000000 0.000000 1.000000 0.000000 0.000000 1.000000 0.000000 0.000000 1.000000 0.000000 0.000000 1.000000 0.000000 0.000000 1.000000 0.000000 0.000000 1.000000 0.000000 0.000000 1.000000 0.000000 0.000000 1.000000 0.000000 0.000000 1.000000 0.000000 0.000000 1.000000 0.000000 0.000000 1.000000 0.000000 0.000000 1.000000 0.000000 0.000000 1.000000 0.000000 0.000000 1.000000 0.000000 0.000000 1.000000 0.000000 0.000000 1.000000 0.000000 0.000000 -0.001150 0.999999 0.000000 -0.001149 0.999999 0.000000 -0.001150 0.999999 0.000000 -0.001150 0.999999 0.000000 -0.001150 0.999999 0.000000 -0.001151 0.999999 0.000000 -0.001151 0.999999 0.000000 -0.001149 0.999999 -0.000000 -0.001148 0.999999 -0.000000 -0.001148 0.999999 0.018880 -0.001149 0.999821 0.018880 -0.001149 0.999821 0.118132 -0.001153 0.992997 0.118133 -0.001162 0.992997 0.277419 -0.001191 0.960748 0.277418 -0.001210 0.960748 0.424290 -0.001256 0.905525 0.424290 -0.001285 0.905525 0.560721 -0.001366 0.828004 0.560721 -0.001416 0.828004 0.683345 -0.001543 0.730094 0.683346 -0.001365 0.730094 0.789145 -0.001256 0.614205 0.789146 -0.000386 0.614206 0.875513 0.000107 0.483195 0.875512 0.000881 0.483195 0.940322 0.000951 0.340286 0.940321 0.001139 0.340286 0.982124 0.001105 0.188233 0.982124 0.001094 0.188234 0.998873 0.001083 0.047451 0.998873 0.001081 0.047451 0.999999 0.001079 0.001246 0.999999 0.001078 0.001246 0.999999 0.001078 -0.000000 0.999999 0.001079 -0.000000 0.999999 0.001081 -0.000000 0.999999 0.001083 -0.000000 0.999999 0.001085 -0.000000 0.999999 0.001085 -0.000000 0.999999 0.001084 -0.000000 0.999999 0.001081 -0.000000 0.000000 0.000000 1.000000 0.000000 0.000000 1.000000 
						0.000000 0.000000 1.000000 0.000000 0.000000 1.000000 0.000000 0.000000 1.000000 0.000000 0.000000 1.000000 -0.000000 -0.000000 1.000000 0.000000 0.000000 1.000000 -0.000000 -0.000001 1.000000 0.000000 0.000000 1.000000 0.019528 -0.000000 0.999809 0.019528 0.000000 0.999809 0.120158 -0.000001 0.992755 0.120158 0.000000 0.992755 0.277411 0.000000 0.960751 0.277411 0.000000 0.960751 0.424290 0.000000 0.905526 0.424290 0.000000 0.905526 0.560722 0.000000 0.828004 0.560722 0.000000 0.828004 0.683347 0.000002 0.730094 0.683347 0.000000 0.730094 0.789146 0.000003 0.614206 0.789146 0.000000 0.614206 0.789146 0.000014 0.614206 0.875513 0.000016 0.483195 0.875513 0.000013 0.483195 0.789146 0.000007 0.614206 0.940322 0.000019 0.340285 0.940322 0.000017 0.340286 0.981978 0.000019 0.188997 0.981978 0.000017 0.188997 0.998782 0.000020 0.049345 0.998782 0.000017 0.049345 0.999999 0.000021 0.001266 0.999999 0.000015 0.001266 1.000000 0.000019 0.000000 1.000000 0.000015 0.000000 1.000000 0.000021 0.000000 1.000000 0.000016 0.000000 1.000000 0.000020 0.000000 1.000000 0.000016 0.000000 1.000000 0.000018 0.000000 1.000000 0.000017 0.000000 0.000000 0.000000 1.000000 0.000000 0.000000 1.000000 0.000000 0.000000 1.000000 0.000000 0.000000 1.000000 0.000000 0.000000 1.000000 0.000000 0.000000 1.000000 0.000000 0.000000 1.000000 0.000000 0.000000 1.000000 0.000000 0.000000 1.000000 0.000000 0.000000 1.000000 0.021861 -0.000000 0.999761 0.021861 -0.000000 0.999761 0.125864 -0.000001 0.992047 0.125865 -0.000000 0.992047 0.277392 -0.000001 0.960757 0.277392 0.000000 0.960757 0.424290 -0.000000 0.905526 0.424290 -0.000001 0.905526 0.560721 -0.000007 0.828004 0.560722 -0.000000 0.828004 0.683347 -0.000004 0.730094 0.683347 0.000001 0.730094 
						0.789145 -0.000000 0.614206 0.789146 0.000000 0.614206 0.789145 0.000000 0.614206 0.875513 0.000000 0.483195 0.875513 -0.000000 0.483195 0.789146 0.000000 0.614206 -0.875513 0.000000 -0.483195 -0.940322 0.000000 -0.340286 -0.940322 -0.000000 -0.340286 -0.875513 0.000000 -0.483195 -0.981587 0.000000 -0.191015 -0.981587 -0.000000 -0.191015 -0.998461 0.000000 -0.055459 -0.998461 0.000000 -0.055459 -0.999999 0.000000 -0.001346 -0.999999 0.000000 -0.001346 -1.000000 0.000000 0.000000 -1.000000 0.000000 0.000000 -1.000000 0.000000 0.000000 -1.000000 0.000000 0.000000 -1.000000 0.000000 0.000000 -1.000000 0.000000 0.000000 -1.000000 0.000000 0.000000 -1.000000 0.000000 0.000000 0.000000 -0.000007 1.000000 0.000000 0.000000 1.000000 0.000000 -0.000010 1.000000 0.000000 0.000000 1.000000 0.000000 0.000000 1.000000 0.021861 0.000000 0.999761 0.125864 0.000001 0.992047 0.277392 0.000000 0.960757 0.424290 0.000002 0.905526 0.560722 0.000003 0.828004 0.683347 0.000000 0.730094 0.789146 0.000000 0.614206 0.875513 -0.000000 0.483195 0.789146 -0.000000 0.614206 -0.940322 -0.000000 -0.340286 -0.875513 -0.000000 -0.483195 -0.981587 0.000000 -0.191014 -0.998461 0.000000 -0.055459 -0.999999 0.000000 -0.001346 -1.000000 0.000000 0.000000 -1.000000 -0.000011 0.000000 -1.000000 -0.000013 -0.000000 -1.000000 0.000000 0.000000 0.000000 0.000010 1.000000 0.000000 0.000000 1.000000 0.000000 0.855095 0.518471 0.000000 0.855088 0.518483 0.000000 0.855085 0.518488 0.000000 0.855088 0.518482 0.000000 0.855087 0.518485 0.000000 0.855087 0.518485 0.000000 0.855085 0.518487 0.000000 0.855084 0.518490 0.010127 0.855107 0.518352 0.010125 0.855175 0.518241 0.062103 0.856118 0.513035 0.061813 0.857572 0.510637 0.140416 0.862437 0.486298 0.138834 0.865758 0.480821 0.206081 0.874121 0.439821 
						0.202223 0.879112 0.431587 0.255033 0.890578 0.376601 0.247893 0.896967 0.366059 0.282081 0.910825 0.301378 0.270725 0.918175 0.289245 0.283261 0.933358 0.220468 0.266951 0.941046 0.207773 0.327919 0.927209 0.180978 0.376863 0.902615 0.207990 0.462339 0.870775 0.167312 0.469012 0.866730 0.169727 0.500481 0.860372 0.096328 0.504228 0.858100 0.097049 0.516901 0.855664 0.025544 0.517584 0.855250 0.025578 0.518486 0.855086 0.000657 0.518488 0.855085 0.000657 0.518485 0.855087 -0.000000 0.518483 0.855088 -0.000000 0.518484 0.855088 0.000000 0.518485 0.855087 0.000000 0.518485 0.855087 0.000000 0.518488 0.855085 0.000000 -1.000000 0.000000 0.000000 -1.000000 0.000010 -0.000000 0.000000 0.000000 1.000000 0.000000 0.000000 1.000000 0.000000 0.000008 1.000000 0.000000 0.000000 1.000000 0.000000 0.000000 1.000000 0.000000 0.000000 1.000000 0.000000 0.000000 1.000000 0.000000 0.000000 1.000000 0.021861 0.000000 0.999761 0.021861 -0.000001 0.999761 0.125864 -0.000001 0.992047 0.125865 -0.000001 0.992047 0.277392 -0.000000 0.960757 0.277392 -0.000000 0.960757 0.424290 -0.000000 0.905526 0.424290 -0.000001 0.905526 0.560722 -0.000000 0.828004 0.560722 -0.000000 0.828004 0.683347 0.000076 0.730094 0.683347 -0.000010 0.730094 0.789145 0.000565 0.614206 0.789145 -0.000030 0.614206 0.875512 0.001200 0.483195 0.875512 0.001197 0.483195 0.789145 0.001216 0.614206 -0.875513 -0.000000 -0.483195 -0.940322 0.000000 -0.340286 -0.940322 0.000000 -0.340285 -0.875513 0.000000 -0.483195 -0.981587 0.000000 -0.191014 -0.981587 -0.000000 -0.191014 -0.998461 0.000000 -0.055459 -0.998461 0.000000 -0.055459 -0.999999 0.000000 -0.001346 -0.999999 0.000000 -0.001346 -1.000000 0.000000 0.000000 -1.000000 0.000000 0.000000 -1.000000 0.000013 0.000000 -1.000000 0.000000 0.000000 
						-1.000000 0.000000 0.000000 -1.000000 0.000000 0.000000 0.180023 0.000000 0.983662 0.180023 0.000000 0.983662 0.180023 0.000000 0.983662 0.180023 0.000000 0.983662 0.180023 0.000000 0.983662 0.180023 0.000000 0.983662 0.180023 0.000000 0.983662 0.180023 0.000000 0.983662 0.180023 0.000000 0.983662 0.180023 0.000000 0.983662 0.180023 0.000000 0.983662 0.180023 0.000000 0.983662 0.180023 0.000000 0.983662 0.180023 0.000000 0.983662 0.180023 0.000000 0.983662 0.180023 0.000000 0.983662 0.180023 0.000000 0.983662 0.180023 0.000000 0.983662 0.180023 0.000000 0.983662 0.180023 0.000000 0.983662 0.180023 0.000000 0.983662 0.180023 0.000000 0.983662 0.180023 0.000000 0.983662 0.180023 0.000000 0.983662 -0.111743 0.000000 0.993737 -0.111747 0.000000 0.993737 -0.111748 0.000000 0.993737 -0.111745 0.000000 0.993737 -0.111747 0.000000 0.993737 -0.111746 0.000000 0.993737 -0.111746 0.000000 0.993737 -0.111747 0.000000 0.993737 -0.111746 0.000000 0.993737 -0.111746 0.000000 0.993737 -0.111747 0.000000 0.993737 -0.111747 0.000000 0.993737 -0.111747 0.000000 0.993737 -0.111747 0.000000 0.993737 -0.111747 0.000000 0.993737 -0.111747 0.000000 0.993737 -0.111747 0.000000 0.993737 -0.111747 0.000000 0.993737 -0.111747 0.000000 0.993737 -0.111748 0.000000 0.993737 0.000000 0.000000 1.000000 0.000000 0.000000 1.000000 0.000000 0.000000 1.000000 0.000000 0.000000 1.000000 0.000000 0.000000 1.000000 0.000000 0.000000 1.000000 -0.000000 -0.000000 1.000000 0.000000 0.000000 1.000000 0.000000 0.000000 1.000000 0.000000 0.000000 1.000000 -0.000000 -0.000001 1.000000 0.000000 1.000000 0.000000 -0.000000 1.000000 0.000000 -0.000000 1.000000 0.000000 -0.000000 1.000000 0.000000 -0.000000 1.000000 0.000000 -0.000000 1.000000 0.000000 0.000000 1.000000 0.000000 
						-0.000000 1.000000 0.000000 -0.000000 1.000000 0.000000 -0.000000 1.000000 0.000000 0.000000 1.000000 0.000000 -0.000000 1.000000 0.000000 -0.000000 1.000000 -0.000000 -0.000000 1.000000 -0.000000 0.000000 1.000000 0.000000 0.000000 1.000000 0.000000 0.000000 1.000000 0.000000 0.000000 1.000000 0.000000 0.000000 1.000000 0.000000 0.000000 1.000000 0.000000 0.000000 1.000000 0.000000 0.000000 1.000000 0.000000 0.000000 1.000000 0.000000 0.000000 1.000000 0.000000 0.000000 1.000000 0.000000 0.000000 1.000000 0.000000 0.000000 1.000000 0.000000 0.000000 1.000000 0.000000 0.000000 1.000000 0.000000 0.000000 1.000000 0.000000 0.000000 1.000000 0.000000 0.000000 1.000000 0.000000 0.000000 1.000000 0.000000 0.000000 1.000000 0.000000 -0.000000 1.000000 -0.000000 -0.000000 1.000000 -0.000000 -0.000000 1.000000 -0.000000 0.000000 1.000000 0.000000 -0.000000 1.000000 -0.000000 0.000000 1.000000 0.000000 0.000000 1.000000 0.000000 0.000000 1.000000 0.000000 0.000000 1.000000 0.000000 0.000000 1.000000 0.000000 0.000000 1.000000 0.000000 0.000000 1.000000 0.000000 0.000000 1.000000 0.000000 0.000000 1.000000 0.000000 0.000000 1.000000 0.000000 0.000000 1.000000 0.000000 0.000000 1.000000 0.000000 0.000000 1.000000 0.000000 0.000000 1.000000 0.000000 0.000000 1.000000 0.000000 0.000000 1.000000 0.000000 0.000000 1.000000 0.000000 -0.000000 -0.000000 1.000000 -0.000000 0.000000 1.000000 -0.000000 0.000001 1.000000 -0.000000 -0.000000 1.000000 1.000000 0.000027 0.000000 1.000000 0.000019 0.000000 1.000000 0.000025 0.000000 1.000000 0.000024 0.000000 0.999999 0.000025 0.001266 0.998782 0.000021 0.049345 0.981978 0.000023 0.188997 0.940322 0.000023 0.340285 0.875513 0.000019 0.483195 0.789146 0.000013 0.614206 0.683346 -0.000000 0.730094 
						0.789146 0.000005 0.614206 0.560722 0.000000 0.828004 0.424290 0.000000 0.905526 0.277411 -0.000001 0.960751 0.120158 -0.000001 0.992755 0.019528 -0.000001 0.999809 -0.000000 -0.000001 1.000000 0.000000 0.000000 1.000000 0.000000 0.000000 1.000000 0.000000 0.000000 1.000000 0.000000 -0.000000 1.000000 0.000000 1.000000 0.000000 -0.000000 1.000000 -0.000000 0.983708 0.000000 -0.179772 0.983707 0.000000 -0.179777 0.983708 0.000000 -0.179776 0.983712 0.000000 -0.179752 0.983524 0.000000 -0.180777 0.983524 0.000000 -0.180778 0.983524 0.000000 -0.180778 0.983524 0.000000 -0.180777 -1.000000 0.000000 0.000000 -1.000000 0.000000 0.000000 -1.000000 0.000000 0.000000 -1.000000 0.000000 0.000000 0.983696 0.000000 -0.179841 0.983692 0.000000 -0.179863 0.983524 0.000000 -0.180779 0.983524 0.000000 -0.180778 0.983676 0.000000 -0.179946 0.983671 0.000000 -0.179977 0.983524 0.000000 -0.180777 0.983524 0.000000 -0.180779 0.983645 0.000000 -0.180119 0.983644 0.000000 -0.180125 0.983524 0.000000 -0.180778 0.983524 0.000000 -0.180777 0.983612 -0.000000 -0.180299 0.983618 0.000000 -0.180265 0.983524 0.000000 -0.180777 0.983524 0.000000 -0.180778 0.983526 -0.000000 -0.180768 0.983535 -0.000001 -0.180718 0.983524 -0.000001 -0.180777 0.983524 -0.000001 -0.180778 0.983406 -0.000000 -0.181417 0.983394 -0.000001 -0.181483 0.983524 -0.000001 -0.180777 0.983524 -0.000001 -0.180775 0.983297 -0.000000 -0.182007 0.983287 -0.000001 -0.182060 0.983523 -0.000001 -0.180781 0.983524 -0.000001 -0.180779 0.983203 -0.000000 -0.182517 0.983190 -0.000000 -0.182587 0.983524 -0.000000 -0.180777 0.983523 -0.000000 -0.180781 0.983112 -0.000000 -0.183007 0.983064 -0.000000 -0.183261 0.983525 -0.000000 -0.180773 0.983525 -0.000000 -0.180774 0.983082 -0.000000 -0.183166 0.983067 -0.000000 -0.183246 0.983524 -0.000000 -0.180777 
						0.983525 -0.000000 -0.180773 0.983153 -0.000000 -0.182783 0.983167 -0.000000 -0.182707 0.993345 -0.000000 0.115178 0.993345 -0.000000 0.115176 0.993345 -0.000000 0.115172 0.993345 -0.000000 0.115177 0.983202 -0.000000 -0.182521 0.983202 -0.000000 -0.182521 0.993345 -0.000000 0.115174 0.993345 -0.000000 0.115177 0.983202 -0.000000 -0.182520 0.983202 -0.000000 -0.182519 0.993346 -0.000000 0.115170 0.993345 -0.000000 0.115172 0.983202 -0.000000 -0.182519 0.983202 -0.000000 -0.182519 0.993345 0.000000 0.115172 0.993345 0.000000 0.115173 0.983202 -0.000000 -0.182520 0.983202 -0.000000 -0.182521 0.993345 0.000000 0.115173 0.993345 0.000000 0.115173 0.983202 -0.000000 -0.182521 0.983202 -0.000000 -0.182522 0.993345 0.000000 0.115172 0.993345 0.000000 0.115174 0.983202 -0.000000 -0.182521 0.983202 -0.000000 -0.182519 0.993345 0.000000 0.115172 0.993346 0.000000 0.115172 0.983202 -0.000000 -0.182519 0.983203 -0.000000 -0.182514 0.993345 0.000000 0.115176 0.993345 0.000000 0.115174 0.983203 0.000000 -0.182517 0.983203 0.000000 -0.182514 0.000000 0.000001 1.000000 0.000000 0.000001 1.000000 0.000000 0.000001 1.000000 0.000000 0.000001 1.000000 0.993345 0.000000 0.115178 0.993345 0.000000 0.115176 0.999410 0.034344 0.000000 0.999410 0.034344 0.000000 0.999410 0.034344 0.000000 0.999410 0.034344 0.000000 -0.999410 0.000000 0.034344 -0.999410 0.000000 0.034344 -0.999410 0.000000 0.034344 -0.999410 0.000000 0.034344 0.999410 0.034344 0.000000 0.999410 0.034344 0.000000 0.999410 0.034344 0.000000 0.999410 0.034344 0.000000 0.999410 0.034344 0.000000 0.999410 0.034344 0.000000 0.999298 0.034335 -0.014989 0.998961 0.034334 -0.029978 0.994670 0.034226 -0.097259 0.988179 0.034226 -0.149436 0.967129 0.034226 -0.251972 0.952587 0.034226 -0.302334 0.915805 0.034226 -0.400162 
						0.893564 0.034226 -0.447629 0.841931 0.034226 -0.538499 0.812539 0.034226 -0.581902 0.747326 0.034226 -0.663576 0.711505 0.034226 -0.701847 0.673836 0.034133 -0.738092 0.673836 0.034133 -0.738092 0.550076 0.034133 -0.834417 0.505692 0.034227 -0.862035 0.459799 0.034227 -0.887363 0.550077 0.034133 -0.834416 0.364614 0.034227 -0.930529 0.315324 0.034227 -0.948367 0.188887 0.034238 -0.981402 0.188887 0.034238 -0.981402 0.038896 0.034290 -0.998655 0.075174 0.034285 -0.996581 0.999999 0.000000 0.001300 0.770171 0.021940 -0.637460 -0.999999 -0.000000 -0.001300 0.955701 0.010109 -0.294164 -0.955581 -0.010122 0.294553 -0.770171 -0.021940 0.637460 -0.955701 -0.010109 0.294164 -0.955581 -0.010122 0.294553 0.955581 0.010122 -0.294554 0.955581 0.010122 -0.294553 -0.945811 -0.011152 0.324527 0.707107 0.024285 -0.706690 -0.999411 0.001179 -0.034304 0.555087 0.028567 -0.831301 0.034344 0.000032 -0.999410 0.034344 0.000029 -0.999410 0.034344 0.000032 -0.999410 0.034344 0.000029 -0.999410 -0.999410 0.000000 0.034344 -0.999410 0.000000 0.034344 0.034344 0.000034 -0.999410 0.034344 0.000034 -0.999410 -0.999410 0.000000 0.034344 -0.999410 0.000000 0.034344 0.034344 0.000035 -0.999410 0.034344 0.000034 -0.999410 0.008577 -0.000295 0.999963 0.034304 -0.001179 0.999411 0.017154 -0.000589 0.999853 0.000000 0.000000 1.000000 -0.999410 0.000000 0.034344 -0.999410 0.000000 0.034344 0.000000 -0.000000 1.000000 0.000000 -0.000000 1.000000 0.000000 -0.000000 1.000000 0.000000 -0.000000 1.000000 0.000000 0.000000 1.000000 0.005618 -0.000193 0.999984 0.015006 0.000198 0.999887 0.056175 -0.001217 0.998420 0.137279 -0.000477 0.990532 0.123463 0.000001 0.992349 0.327208 -0.001790 0.944951 0.226777 0.001791 0.973945 0.471003 -0.001789 0.882130 0.376418 0.001789 0.926448 0.603199 -0.001789 0.797589 
						0.516712 0.001789 0.856158 0.720543 -0.001789 0.693408 0.644282 0.001789 0.764786 0.789146 -0.000000 0.614206 0.738582 0.002685 0.674158 0.899552 -0.001789 0.436810 0.834849 -0.002685 0.550472 0.789146 0.000000 0.614206 0.849081 0.001789 0.528260 0.956809 -0.001789 0.290711 0.921265 0.001789 0.388930 0.989377 -0.001558 0.145363 0.970765 0.001748 0.240026 0.999258 -0.000489 0.038518 0.994865 0.001667 0.101193 1.000000 -0.000015 0.000873 0.999802 0.000638 0.019883 1.000000 0.000000 -0.000000 1.000000 0.000015 0.000436 1.000000 0.000000 0.000000 1.000000 0.000000 0.000000 0.999935 0.000393 0.011436 1.000000 0.000000 0.000000 0.034344 0.000038 -0.999410 0.034344 0.000038 -0.999410 0.999411 0.001179 0.034304 0.999853 0.000589 0.017154 0.000000 0.000000 1.000000 0.000000 0.000000 1.000000 0.000000 0.000000 1.000000 0.000000 0.000000 1.000000 0.000000 1.000000 0.000000 0.000000 1.000000 0.000000 0.000000 1.000000 0.000000 0.000000 1.000000 0.000000 0.000000 0.000000 1.000000 0.000000 0.000000 1.000000 0.000000 1.000000 0.000000 0.000000 0.000000 1.000000 0.000000 0.000000 1.000000 0.000000 1.000000 0.000000 0.000000 0.000000 1.000000 0.000000 0.000000 1.000000 0.000000 1.000000 0.000000 0.019528 0.000000 0.999809 0.019528 0.000000 0.999809 0.000000 1.000000 0.000000 0.120158 0.000000 0.992755 0.120158 0.000000 0.992755 0.000000 1.000000 0.000000 0.277411 0.000000 0.960751 0.277411 0.000000 0.960751 0.000000 1.000000 0.000000 0.424290 0.000000 0.905526 0.424290 0.000000 0.905526 0.000000 1.000000 0.000000 0.560722 0.000000 0.828004 0.560722 0.000000 0.828004 0.000000 1.000000 0.000000 0.683347 0.000000 0.730094 0.683347 0.000000 0.730094 0.000000 1.000000 0.000000 0.789146 0.000000 0.614206 0.789146 0.000000 0.614206 
						0.000000 1.000000 0.000000 0.789146 0.000000 0.614206 0.875513 0.000000 0.483195 0.875513 0.000000 0.483195 0.789146 0.000000 0.614206 0.000000 1.000000 0.000000 0.875513 0.000017 0.483195 0.940322 0.000017 0.340285 0.940322 0.000017 0.340285 0.875513 0.000017 0.483195 0.000000 1.000000 0.000000 0.981978 0.000016 0.188997 0.981978 0.000016 0.188997 0.000000 1.000000 0.000000 0.998782 0.000016 0.049345 0.998782 0.000016 0.049345 0.000000 1.000000 0.000000 0.999999 0.000016 0.001266 0.999999 0.000016 0.001266 0.000000 1.000000 0.000000 1.000000 0.000016 0.000000 1.000000 0.000015 0.000000 0.000000 1.000000 0.000000 1.000000 0.000013 0.000000 1.000000 0.000013 0.000000 -0.000000 1.000000 0.000000 1.000000 0.000015 0.000000 1.000000 0.000017 0.000000 0.000000 1.000000 0.000000 1.000000 0.000017 0.000000 1.000000 0.000020 0.000000 0.000000 0.000000 1.000000 0.000000 0.000000 1.000000 0.000000 1.000000 0.000000 1.000000 0.000016 0.000000 1.000000 0.000016 0.000000 1.000000 0.000016 0.000000 1.000000 0.000016 0.000000 0.000000 1.000000 0.000000 0.000000 1.000000 0.000000 0.000000 1.000000 0.000000 0.000000 1.000000 0.000000 1.000000 0.000015 0.000000 1.000000 0.000015 -0.000000 0.000000 1.000000 0.000000 -0.000000 1.000000 0.000000 1.000000 0.000015 0.000000 1.000000 0.000015 -0.000000 0.000000 1.000000 0.000000 -0.000005 1.000000 0.000000 1.000000 0.000016 0.000000 1.000000 0.000016 0.000000 1.000000 0.000018 0.000000 1.000000 0.000018 0.000000 1.000000 0.000018 -0.000000 1.000000 0.000019 -0.000000 1.000000 0.000014 -0.000000 1.000000 0.000018 0.000000 0.000000 1.000000 0.000000 0.000000 1.000000 0.000000 0.000001 1.000000 -0.000000 0.000000 1.000000 -0.000000 0.000000 1.000000 0.000000 0.000000 1.000000 0.000000 
						-0.111742 0.000000 0.993737 -0.111739 0.000000 0.993738 -0.111742 0.000000 0.993737 -0.111738 0.000000 0.993738 1.000000 0.000017 0.000000 1.000000 0.000016 0.000000 0.000000 1.000000 0.000000 0.000000 1.000000 0.000000 0.000000 0.000000 1.000000 0.000000 0.000000 1.000000 0.000000 0.000000 1.000000 0.000000 1.000000 0.000000 0.000000 0.000000 1.000000 0.000000 0.000000 1.000000 0.000000 1.000000 0.000012 0.000000 0.000000 1.000000 0.000000 0.000000 1.000000 0.000000 0.000000 1.000000 0.000000 0.000000 1.000000 0.000000 0.000000 1.000000 0.000000 -0.000000 1.000000 0.000000 -0.000000 1.000000 0.000000 1.000000 0.000000 0.000000 1.000000 0.000000 0.000000 0.000000 1.000000 0.180023 0.000000 0.983662 0.180023 0.000000 0.983662 0.000000 1.000000 0.000000 0.000000 0.000001 1.000000 0.000000 1.000000 0.000000 0.000000 1.000000 0.000000 0.000000 1.000000 0.000000 0.000000 1.000000 0.000009 0.000000 1.000000 0.000000 0.000000 1.000000 0.000000 0.000000 1.000000 0.000000 0.000000 1.000000 0.000000 0.000000 1.000000 0.000000 0.000000 1.000000 0.000000 0.000000 1.000000 0.000000 0.000000 1.000000 0.000000 0.000000 1.000000 0.000000 0.000000 1.000000 0.000000 0.000000 1.000000 0.000000 0.000000 1.000000 0.000000 0.000000 1.000000 0.000000 0.000000 1.000000 0.000000 0.000000 1.000000 0.000000 0.000000 1.000000 0.000000 0.000000 1.000000 0.000000 0.000000 1.000000 0.000000 0.000000 1.000000 0.000000 0.000000 1.000000 0.000000 0.000000 1.000000 0.000000 -0.000000 1.000000 -0.000000 0.000000 1.000000 0.000000 -0.000000 1.000000 -0.000000 0.000000 1.000000 0.000000 0.000000 1.000000 0.000000 0.000000 1.000000 0.000000 0.000000 1.000000 0.000000 0.000000 1.000000 0.000000 0.000000 1.000000 0.000000 0.000000 1.000000 0.000000 
						0.000000 1.000000 0.000000 0.000000 1.000000 0.000000 0.000000 1.000000 0.000000 0.000000 1.000000 0.000000 0.000000 1.000000 0.000000 0.000000 1.000000 0.000000 0.000000 1.000000 0.000000 0.000000 1.000000 0.000000 0.000000 1.000000 0.000000 0.000000 1.000000 0.000000 0.000002 1.000000 -0.000000 -0.000011 1.000000 0.000000 0.000002 1.000000 -0.000000 0.000002 1.000000 -0.000000 0.000000 1.000000 0.000000 0.000000 1.000000 0.000000 0.000000 1.000000 0.000000 0.000000 1.000000 0.000000 0.000000 1.000000 0.000000 0.000000 1.000000 0.000000 0.000000 1.000000 0.000000 0.000000 1.000000 0.000000 0.000000 1.000000 0.000000 0.000000 1.000000 0.000000 0.000000 1.000000 0.000000 0.000000 1.000000 0.000000 0.000000 1.000000 0.000000 0.000000 1.000000 0.000000 0.000000 1.000000 0.000000 0.000000 1.000000 0.000000 0.000000 1.000000 0.000000 0.000000 1.000000 0.000000 0.000000 1.000000 0.000000 0.000000 1.000000 0.000000 0.000000 1.000000 0.000000 0.000000 1.000000 0.000000 0.000000 1.000000 0.000000 0.000000 1.000000 0.000000 0.000000 1.000000 0.000000 0.000000 1.000000 0.000000 0.000000 1.000000 0.000000 0.000000 1.000000 0.000000 0.000000 1.000000 0.000000 0.000000 1.000000 0.000000 0.000000 1.000000 0.000000 0.000000 1.000000 0.000000 0.000000 1.000000 0.000000 0.000000 1.000000 0.000000 0.000000 1.000000 0.000000 0.000000 1.000000 0.000000 0.000000 1.000000 0.000000 0.000000 1.000000 0.000000 0.000000 1.000000 0.000000 0.000000 1.000000 0.000000 0.000000 1.000000 0.000000 0.000000 1.000000 0.000000 0.000000 1.000000 0.000000 0.000000 1.000000 0.000000 0.000000 1.000000 0.000000 0.000000 1.000000 0.000000 0.000000 1.000000 0.000000 0.000000 1.000000 0.000000 0.000000 0.000000 1.000000 0.000000 1.000000 0.000000 
						0.000002 1.000000 0.000000 0.000000 1.000000 0.000000 0.000000 1.000000 0.000000 0.000000 1.000000 0.000000 0.000000 1.000000 0.000000 0.000000 1.000000 0.000000 0.000000 1.000000 0.000000 0.000000 1.000000 0.000000 0.000000 1.000000 0.000000 0.000000 1.000000 0.000000 0.000000 1.000000 0.000000 0.000000 1.000000 0.000000 0.000000 1.000000 0.000000 0.000000 1.000000 0.000000 0.000000 1.000000 0.000000 0.000000 1.000000 0.000000 0.000000 1.000000 0.000000 0.000000 1.000000 0.000000 0.000000 1.000000 0.000000 0.000000 1.000000 0.000000 0.000000 1.000000 0.000000 0.000000 1.000000 0.000000 0.000000 1.000000 0.000000 0.000000 1.000000 0.000000 0.000000 1.000000 0.000000 0.000000 1.000000 0.000000 0.000000 1.000000 0.000000 0.000000 1.000000 0.000000 0.000000 1.000000 0.000000 0.000000 1.000000 0.000000 0.000000 1.000000 0.000000 0.000000 1.000000 0.000000 0.000000 1.000000 0.000000 0.000000 1.000000 0.000000 0.000000 1.000000 0.000000 0.000000 1.000000 0.000000 0.000000 1.000000 0.000000 0.000000 1.000000 0.000000 0.000000 1.000000 0.000000 0.000000 1.000000 0.000000 0.000000 1.000000 0.000000 -0.000021 1.000000 0.000000 0.000000 1.000000 0.000000 -0.000017 1.000000 0.000000 0.000000 1.000000 0.000000 0.000000 1.000000 0.000020 0.000003 1.000000 0.000005 -0.999875 0.000000 0.015794 -0.999875 0.000000 0.015790 -0.999875 0.000000 0.015791 -0.999875 0.000000 0.015790 0.999980 0.000000 -0.006376 0.999980 0.000000 -0.006378 0.999980 0.000000 -0.006378 0.999980 0.000000 -0.006377 -0.999875 0.000000 0.015790 -0.999875 0.000000 0.015788 0.999980 0.000000 -0.006378 0.999980 0.000000 -0.006378 -0.999875 0.000000 0.015789 -0.999875 0.000000 0.015790 0.999980 0.000000 -0.006377 0.999980 0.000000 -0.006378 -0.999875 0.000000 0.015791 
						-0.999875 0.000000 0.015791 0.999980 0.000000 -0.006378 0.999980 0.000000 -0.006377 -0.999875 0.000000 0.015788 -0.999875 0.000000 0.015790 0.999980 0.000000 -0.006378 0.999980 0.000000 -0.006379 -0.999875 0.000000 0.015786 -0.999875 0.000000 0.015787 0.999980 -0.000000 -0.006379 0.999980 -0.000000 -0.006376 -0.999875 0.000000 0.015786 -0.999875 0.000000 0.015787 0.999980 0.000000 -0.006380 0.999980 -0.000000 -0.006383 -0.999875 0.000000 0.015787 -0.999875 0.000000 0.015788 0.999980 0.000000 -0.006375 0.999980 0.000000 -0.006376 -0.999875 0.000000 0.015788 -0.999875 0.000000 0.015786 0.999980 0.000000 -0.006386 0.999980 0.000000 -0.006379 -0.999876 -0.000000 0.015728 -0.999892 -0.000000 0.014678 0.999981 0.000000 -0.006216 0.999979 0.000000 -0.006399 -0.999927 0.000000 0.012050 -0.999965 0.000000 0.008323 0.999986 -0.000000 -0.005209 0.999983 -0.000000 -0.005819 -0.999985 -0.000000 0.005549 -0.999991 -0.000000 0.004338 0.999989 0.000000 -0.004611 0.999988 0.000000 -0.004801 -0.999991 -0.000000 0.004283 -0.999991 -0.000000 0.004286 0.999989 -0.000000 -0.004625 0.999989 -0.000000 -0.004623 -0.999991 -0.000000 0.004305 -0.999991 -0.000000 0.004317 0.999989 -0.000000 -0.004616 0.999989 -0.000000 -0.004613 -0.999991 0.000000 0.004311 -0.999991 0.000000 0.004297 0.999989 -0.000000 -0.004600 0.999989 -0.000000 -0.004593 -0.999991 0.000000 0.004290 -0.999991 0.000000 0.004292 0.999989 0.000000 -0.004592 0.999989 0.000000 -0.004594 -0.999991 0.000000 0.004300 -0.999991 0.000000 0.004296 0.999989 0.000000 -0.004602 0.999989 0.000000 -0.004591 -0.999991 0.000000 0.004283 -0.999991 0.000000 0.004281 0.999989 0.000000 -0.004614 0.999989 0.000000 -0.004614 -0.999991 0.000000 0.004291 -0.999991 0.000000 0.004291 0.999989 0.000000 -0.004597 0.999989 0.000000 -0.004602 -0.999991 0.000000 0.004281 
						-0.999991 0.000000 0.004281 0.999989 0.000000 -0.004612 0.999989 0.000000 -0.004606 -0.999991 0.000000 0.004280 -0.999993 0.000000 0.003800 -0.999994 0.000000 0.003330 -0.999992 0.000000 0.003967 0.000000 -0.999995 0.003303 0.000000 -0.999999 0.001089 0.000000 -0.999999 -0.001124 0.000000 -0.999999 0.001089 0.999999 0.000000 -0.001096 0.999993 0.000000 -0.003762 0.999989 0.000000 -0.004670 0.999996 0.000000 -0.002912 0.999980 0.000000 -0.006379 0.999980 0.000000 -0.006375 0.000000 1.000000 0.000000 0.000000 1.000000 0.000000 0.000000 1.000000 0.000000 0.000000 1.000000 0.000000 -0.999875 0.000000 0.015799 -0.999875 0.000000 0.015797 0.000000 0.000000 1.000000 0.000000 -0.000020 1.000000 0.000000 0.000015 1.000000 0.000000 0.000000 1.000000 0.000000 0.000000 1.000000 0.000000 0.000000 1.000000 0.000000 0.000000 1.000000 0.000000 0.000000 1.000000 0.021861 0.000000 0.999761 0.021860 0.000000 0.999761 0.125864 0.000000 0.992047 0.125864 0.000000 0.992047 0.277391 0.000000 0.960757 0.277391 0.000000 0.960757 0.424290 0.000000 0.905526 0.424290 0.000000 0.905526 0.560721 0.000000 0.828005 0.560722 0.000000 0.828004 0.683346 0.000000 0.730094 0.683347 0.000000 0.730094 0.789146 0.000000 0.614206 0.789145 0.000340 0.614206 0.875513 0.000000 0.483195 0.789146 0.000000 0.614206 0.875512 0.000864 0.483195 -0.940322 0.000000 -0.340286 -0.875513 0.000000 -0.483195 -0.875513 0.000000 -0.483195 -0.940322 0.000000 -0.340286 -0.981587 0.000000 -0.191014 -0.981587 0.000000 -0.191014 -0.998461 0.000000 -0.055459 -0.998461 0.000000 -0.055459 -0.999999 0.000000 -0.001346 -0.999999 0.000000 -0.001346 -1.000000 0.000000 0.000000 -1.000000 0.000000 0.000000 -1.000000 0.000000 0.000000 -1.000000 0.000000 0.000000 -1.000000 -0.000019 -0.000000 -1.000000 0.000026 -0.000000 
						-0.975615 0.000000 0.219488 -0.975615 0.000000 0.219488 -0.975615 0.000000 0.219487 -0.975615 0.000000 0.219487 0.978791 0.000000 -0.204860 0.978791 0.000000 -0.204860 0.978791 0.000000 -0.204860 0.978791 0.000000 -0.204860 0.978791 0.204860 0.000000 0.978791 0.204862 0.000000 0.978790 0.204865 0.000000 0.978791 0.204862 0.000000 -0.975615 0.000000 0.219487 -0.975615 0.000000 0.219488 0.978791 0.000000 -0.204859 0.978791 0.000000 -0.204859 -0.975615 0.000000 0.219487 -0.975615 0.000000 0.219489 0.978791 -0.000000 -0.204860 0.978791 -0.000000 -0.204860 -0.975615 0.000000 0.219487 -0.975615 0.000000 0.219487 0.978791 -0.000000 -0.204860 0.978791 -0.000000 -0.204860 -0.975615 0.000000 0.219490 -0.975615 0.000000 0.219489 0.978792 -0.000000 -0.204859 0.978791 -0.000000 -0.204860 -0.975615 0.000001 0.219489 -0.975616 0.000001 0.219486 0.978791 -0.000001 -0.204861 0.978791 -0.000001 -0.204860 -0.975616 0.000000 0.219485 -0.975616 0.000000 0.219485 0.978791 -0.000000 -0.204860 0.978791 -0.000000 -0.204861 -0.975616 0.000000 0.219486 -0.975615 0.000000 0.219487 0.978791 -0.000000 -0.204860 0.978791 -0.000000 -0.204860 -0.975615 -0.000000 0.219489 -0.975615 -0.000000 0.219490 0.978791 0.000000 -0.204860 0.978791 0.000000 -0.204859 -0.975615 0.000000 0.219490 -0.975615 0.000000 0.219489 0.978791 -0.000000 -0.204863 0.978791 -0.000000 -0.204860 -0.871478 0.000000 0.490434 -0.871262 0.000000 0.490818 -0.871210 0.000000 0.490911 -0.871657 0.000000 0.490116 0.836522 -0.000000 0.547933 0.836105 -0.000000 0.548569 0.835943 -0.000000 0.548816 0.836196 -0.000000 0.548431 -0.870269 0.000000 0.492577 -0.870146 0.000000 0.492794 0.837464 0.000000 0.546493 0.836970 0.000000 0.547249 -0.868788 -0.000000 0.495185 -0.868560 -0.000000 0.495583 0.837832 0.000000 0.545928 0.838797 0.000000 0.544444 
						-0.866957 -0.000000 0.498384 -0.866520 -0.000000 0.499142 0.839754 0.000000 0.542967 0.842385 0.000000 0.538876 -0.864618 -0.000000 0.502430 -0.863940 -0.000000 0.503595 0.844219 -0.000000 0.535998 0.845943 -0.000000 0.533273 -0.861808 -0.000000 0.507234 -0.861022 -0.000000 0.508568 0.847758 -0.000000 0.530383 0.846994 -0.000000 0.531602 -0.858701 0.000000 0.512477 -0.857932 0.000000 0.513764 0.850925 0.000000 0.525287 0.850170 0.000000 0.526508 -0.856760 0.000000 0.515715 -0.857229 0.000000 0.514935 0.000000 0.853076 0.521786 0.000000 0.854446 0.519540 0.000000 0.855810 0.517291 0.000000 0.854446 0.519540 0.851630 0.000000 0.524143 0.852132 0.000000 0.523327 1.000000 0.000016 0.000000 1.000000 0.000015 0.000000 1.000000 0.000015 0.000000 1.000000 0.000016 -0.000000 1.000000 0.000016 0.000000 1.000000 0.000016 0.000000 0.000000 1.000000 0.000000 0.000000 1.000000 0.000000 1.000000 0.000015 -0.000000 0.000000 1.000000 0.000000 1.000000 0.000016 -0.000000 -0.000000 1.000000 0.000000 1.000000 0.000016 0.000000 0.000003 1.000000 0.000000 1.000000 0.000012 -0.000000 1.000000 0.000016 0.000000 1.000000 0.000018 0.000000 0.000001 1.000000 -0.000000 0.000001 1.000000 -0.000000 0.000000 1.000000 0.000000 -0.111750 0.000000 0.993736 -0.111746 0.000000 0.993737 1.000000 0.000016 0.000000 -0.000003 1.000000 0.000000 0.000001 1.000000 0.000000 0.000000 1.000000 0.000000 0.000000 1.000000 0.000000 0.000000 0.000000 1.000000 0.000000 0.000000 1.000000 0.000000 1.000000 0.000000 0.000000 0.000000 1.000000 0.000000 1.000000 0.000000 0.000000 0.000000 1.000000 0.000000 1.000000 0.000000 0.000000 0.000000 1.000000 0.000000 1.000000 0.000000 0.000000 1.000000 0.000000 0.000000 0.000000 1.000000 0.000000 0.000000 1.000000 0.000000 0.000000 1.000000 
						0.000000 1.000000 0.000000 0.000000 0.000000 1.000000 0.180023 0.000000 0.983662 0.180023 0.000000 0.983662 0.000000 1.000000 0.000000 0.983938 0.001264 -0.178509 0.935931 0.304102 -0.177635 0.935930 0.304102 -0.177641 0.983897 0.001264 -0.178734 0.796153 0.578436 -0.177632 0.796152 0.578435 -0.177638 0.809019 0.587783 0.000000 0.587786 0.809016 0.000000 0.587786 0.809016 0.000000 0.809019 0.587783 0.000000 0.309019 0.951056 0.000000 0.309018 0.951056 0.000000 0.027041 0.999634 0.000000 0.027041 0.999634 0.000000 0.027041 0.999634 0.000000 0.027041 0.999634 0.000000 0.027041 0.999634 0.000000 0.026974 0.999636 -0.000925 0.026639 0.999637 -0.004086 0.025689 0.999637 -0.008153 0.024097 0.999637 -0.012071 0.021912 0.999637 -0.015692 0.019187 0.999637 -0.018927 0.015990 0.999637 -0.021695 0.012399 0.999637 -0.023930 0.008503 0.999637 -0.025575 0.004398 0.999637 -0.026591 0.001078 0.999636 -0.026942 0.000038 0.999634 -0.027036 0.000000 0.999634 -0.027042 0.000000 0.999634 -0.027042 0.000000 0.999634 -0.027042 0.000000 0.999634 -0.027042 0.983892 0.001264 -0.178760 0.983875 0.001264 -0.178851 0.983855 0.001263 -0.178964 0.983760 0.001461 -0.179485 0.983618 0.001774 -0.180258 0.983344 0.001818 -0.181745 0.983061 0.001768 -0.183270 0.982814 0.001675 -0.184591 0.982616 0.001542 -0.185644 0.982706 0.001369 -0.185167 0.983071 0.001161 -0.183221 0.983215 0.000924 -0.182450 0.983208 0.000667 -0.182485 0.983202 0.000394 -0.182518 0.983209 0.000245 -0.182485 0.983206 0.000234 -0.182499 0.983204 0.000234 -0.182510 0.983208 0.000234 -0.182488 0.983205 0.000234 -0.182502 0.983202 0.000000 -0.182522 0.983206 0.000234 -0.182501 0.983207 0.000228 -0.182494 0.983204 -0.000006 -0.182512 0.000000 0.999634 -0.027042 0.000001 0.999634 -0.027042 0.027041 0.999634 0.000000 
						0.983709 0.000000 -0.179768 0.983900 0.001264 -0.178715 0.983197 0.000228 -0.182550 0.983202 -0.000006 -0.182518 0.000001 0.999634 -0.027042 0.027041 0.999634 0.000000 0.983710 0.000000 -0.179762 0.983836 0.001264 -0.179067 -0.000000 0.000019 1.000000 -0.000000 0.000001 1.000000 -0.000000 -0.000000 1.000000 -0.000000 0.000017 1.000000 -0.000000 -0.000015 1.000000 -0.000000 -0.000034 1.000000 -0.000000 0.000018 1.000000 -0.000000 1.000000 0.000000 0.000000 1.000000 0.000000 -0.000001 1.000000 0.000000 -0.000000 1.000000 0.000000 0.000001 1.000000 -0.000000 -0.000002 1.000000 0.000000 -0.000002 1.000000 0.000000 0.935933 0.304104 -0.177625 0.796154 0.578435 -0.177627 0.809019 0.587783 0.000000 0.587786 0.809016 0.000000 0.309017 0.951056 0.000000 0.309018 0.951056 0.000000 0.587786 0.809016 0.000000 0.809019 0.587783 0.000000 0.935924 0.304100 -0.177679 0.796143 0.578428 -0.177697 0.309018 0.951056 0.000000 0.587786 0.809016 0.000000 0.809019 0.587783 0.000000 0.935908 0.304095 -0.177770 0.796131 0.578419 -0.177785 0.309008 0.951059 0.000000 0.587772 0.809027 0.000000 0.809005 0.587802 0.000000 0.935880 0.304116 -0.177883 0.796103 0.578428 -0.177881 0.308214 0.951284 -0.007925 0.586435 0.809856 -0.015079 0.807723 0.589399 -0.013843 0.934791 0.307808 -0.177259 0.794180 0.582795 -0.172126 0.305034 0.951545 -0.038942 0.580449 0.810918 -0.074105 0.802031 0.591641 -0.081891 0.933109 0.314803 -0.173800 0.792303 0.591094 -0.151207 0.295404 0.951557 -0.085296 0.562119 0.810973 -0.162308 0.780056 0.591784 -0.203233 0.934348 0.313987 -0.168543 0.798606 0.588834 -0.124509 0.278424 0.951557 -0.130457 0.529808 0.810973 -0.248245 0.738658 0.591786 -0.322758 0.937931 0.305523 -0.164139 0.813665 0.572520 -0.100846 0.254588 0.951557 -0.172406 0.484451 0.810974 -0.328068 
						0.679074 0.591787 -0.434336 0.943447 0.289747 -0.161103 0.835986 0.542461 -0.082843 0.224483 0.951557 -0.210109 0.427165 0.810974 -0.399814 0.602768 0.591786 -0.535219 0.950464 0.266901 -0.159317 0.865566 0.496590 -0.064752 0.188851 0.951557 -0.242640 0.359361 0.810974 -0.461715 0.511620 0.591787 -0.622923 0.960347 0.235330 -0.149508 0.902351 0.429287 -0.038419 0.148568 0.951557 -0.269195 0.282708 0.810975 -0.512246 0.407875 0.591786 -0.695290 0.971136 0.195701 -0.136368 0.935686 0.351528 -0.030322 0.104628 0.951557 -0.289122 0.199095 0.810974 -0.550166 0.294086 0.591785 -0.750535 0.978411 0.153835 -0.138010 0.959550 0.276481 -0.053125 0.058112 0.951556 -0.301935 0.110581 0.810967 -0.574548 0.173059 0.591770 -0.787311 0.983728 0.108533 -0.143176 0.976479 0.197645 -0.086166 0.021114 0.951457 -0.307056 0.033899 0.810535 -0.584709 0.046699 0.590859 -0.805422 0.984514 0.073043 -0.159365 0.984415 0.131141 -0.117171 0.000749 0.951083 -0.308933 0.001246 0.809116 -0.587648 0.001715 0.587967 -0.808883 0.984246 0.055312 -0.167928 0.986220 0.098292 -0.133071 0.000000 0.951057 -0.309017 0.000000 0.809019 -0.587783 0.000000 0.587782 -0.809019 0.984767 0.053731 -0.165368 0.986263 0.097093 -0.133638 0.000000 0.951057 -0.309017 0.000000 0.809019 -0.587782 0.000000 0.587782 -0.809019 0.984773 0.053721 -0.165336 0.986266 0.097080 -0.133620 0.000000 0.951057 -0.309017 0.000000 0.809019 -0.587782 0.000000 0.587782 -0.809019 0.984773 0.053721 -0.165336 0.986263 0.097093 -0.133638 0.000000 0.951056 -0.309017 0.000000 0.809018 -0.587784 0.000000 0.587782 -0.809019 0.984771 0.053724 -0.165347 0.987627 0.092175 -0.126870 0.000000 0.951056 -0.309017 0.000000 0.809018 -0.587784 0.991283 0.106590 -0.077442 0.991285 0.106577 -0.077432 0.988920 0.087256 -0.120099 0.984776 0.053717 -0.165322 
						0.000001 0.951056 -0.309019 0.000002 0.809019 -0.587783 0.991281 0.106599 -0.077452 0.988917 0.087262 -0.120115 0.984772 0.053718 -0.165346 0.935932 0.304104 -0.177628 0.796153 0.578436 -0.177629 0.809019 0.587783 0.000000 0.587786 0.809016 0.000000 0.309018 0.951056 0.000000 0.000001 0.951056 -0.309018 0.000003 0.809019 -0.587782 0.991287 0.106561 -0.077425 0.989737 0.083991 -0.115613 0.985273 0.052833 -0.162623 
					</float_array>
					<technique_common>
						<accessor count="1423" offset="0" source="#meshId0-bitangents-array" stride="3">
							<param name="X" type="float" />
							<param name="Y" type="float" />
							<param name="Z" type="float" />
						</accessor>
					</technique_common>
				</source>
				<source id="meshId0-tex0" name="meshId0-tex0">
					<float_array id="meshId0-tex0-array" count="2846"> 
						0.393455 0.047034 0.403586 0.047034 0.403586 0.105165 0.393455 0.105165 0.415245 0.047034 0.415245 0.105165 0.428536 0.047034 0.428536 0.105165 0.443431 0.047034 0.443431 0.105165 0.459707 0.047034 0.459707 0.105165 0.480897 0.047034 0.480897 0.105165 0.503858 0.047034 0.503858 0.105165 0.527407 0.047034 0.527407 0.105165 0.551359 0.047034 0.551359 0.105165 0.575483 0.047034 0.575483 0.105165 0.599525 0.047034 0.599525 0.105165 0.623244 0.047034 0.623244 0.105165 0.646436 0.047034 0.646436 0.105165 0.668951 0.047034 0.668951 0.105165 0.690704 0.047034 0.690704 0.105165 0.707796 0.047034 0.707796 0.105165 0.722669 0.047034 0.722669 0.105165 0.736073 0.047034 0.736073 0.105165 0.747931 0.047034 0.747931 0.105165 0.758305 0.047034 0.758305 0.105165 0.403586 0.163297 0.393455 0.163297 0.415245 0.163297 0.428536 0.163297 0.443431 0.163297 0.459707 0.163297 0.480897 0.163297 0.503858 0.163297 0.527407 0.163297 0.551359 0.163297 0.575483 0.163297 0.599525 0.163297 0.623244 0.163297 0.646436 0.163297 0.668951 0.163297 0.690704 0.163297 0.707796 0.163297 0.722669 0.163297 0.736073 0.163297 0.747931 0.163297 0.758305 0.163297 0.403586 0.221428 
						0.393455 0.221428 0.415245 0.221428 0.428536 0.221428 0.443431 0.221428 0.459707 0.221428 0.480897 0.221428 0.503858 0.221428 0.527407 0.221428 0.551359 0.221428 0.575483 0.221428 0.599525 0.221428 0.623244 0.221428 0.646436 0.221428 0.668951 0.221428 0.690704 0.221428 0.707796 0.221428 0.722669 0.221428 0.736073 0.221428 0.747931 0.221428 0.758305 0.221428 0.997756 0.001960 0.997790 0.032159 0.990492 0.032168 0.990457 0.001968 0.997825 0.062359 0.990526 0.062367 0.997860 0.092558 0.990561 0.092567 0.997895 0.122758 0.990596 0.122766 0.997929 0.152607 0.990630 0.152616 0.997954 0.174164 0.990655 0.174173 0.997975 0.192610 0.990676 0.192618 0.997995 0.210239 0.990696 0.210247 0.998014 0.226614 0.990715 0.226622 0.998031 0.241332 0.990732 0.241340 0.998046 0.254032 0.990747 0.254037 0.998047 0.264402 0.990748 0.264399 0.998028 0.281557 0.990729 0.281549 0.998009 0.299715 0.990710 0.299707 0.997988 0.318805 0.990689 0.318797 0.997958 0.346262 0.990659 0.346255 0.997925 0.376441 0.990627 0.376434 0.997893 0.406641 0.990594 0.406633 0.997860 0.436840 0.990561 0.436832 0.997827 0.467039 0.990529 0.467031 0.223416 0.069339 0.223416 0.099454 
						0.208252 0.099454 0.208252 0.069339 0.223416 0.129569 0.208252 0.129569 0.223416 0.159684 0.208252 0.159684 0.223416 0.189798 0.208252 0.189798 0.223416 0.219913 0.208252 0.219913 0.223416 0.242983 0.208252 0.242983 0.223416 0.263772 0.208252 0.263772 0.223416 0.283638 0.208252 0.283638 0.223416 0.302091 0.208252 0.302091 0.223416 0.318676 0.208252 0.318676 0.223416 0.332986 0.208252 0.332986 0.178689 0.124223 0.178689 0.135827 0.163626 0.135827 0.163626 0.124223 0.178689 0.155028 0.163625 0.155028 0.178688 0.175355 0.163625 0.175355 0.178688 0.196307 0.163625 0.196307 0.178688 0.224368 0.163624 0.224368 0.178687 0.254284 0.163624 0.254283 0.178687 0.284200 0.163623 0.284199 0.178686 0.314115 0.163623 0.314115 0.178686 0.344032 0.163622 0.344031 0.328689 0.017525 0.328689 0.056336 0.310739 0.056336 0.310739 0.017525 0.328689 0.098354 0.310739 0.098354 0.328689 0.140372 0.310739 0.140372 0.328689 0.182390 0.310739 0.182390 0.328689 0.226509 0.310739 0.226509 0.328689 0.268155 0.310739 0.268155 0.328689 0.311575 0.310739 0.311575 0.328689 0.353045 0.310739 0.353045 0.328689 0.391564 0.310739 0.391565 0.328689 0.426186 0.310739 0.426186 
						0.328689 0.456057 0.310739 0.456057 0.041119 0.001960 0.041119 0.024966 0.024184 0.024966 0.024184 0.001960 0.935233 0.769411 0.935233 0.740932 0.947902 0.740932 0.947902 0.769411 0.935233 0.710783 0.947902 0.710783 0.935233 0.681289 0.947902 0.681289 0.935233 0.649791 0.947902 0.649791 0.935233 0.620048 0.947902 0.620048 0.935233 0.590390 0.947902 0.590390 0.935233 0.560733 0.947902 0.560733 0.935233 0.533340 0.947902 0.533340 0.289582 0.056336 0.289582 0.017525 0.289582 0.098354 0.289582 0.140372 0.289582 0.182390 0.289582 0.226509 0.289582 0.268155 0.289582 0.311575 0.289582 0.353045 0.289582 0.391564 0.289582 0.426186 0.289582 0.456057 0.004223 0.024966 0.004223 0.001960 0.962835 0.740932 0.962835 0.769411 0.962835 0.710783 0.962835 0.681289 0.962835 0.649791 0.962835 0.620048 0.962835 0.590390 0.962835 0.560733 0.962835 0.533340 0.268425 0.056336 0.268425 0.017525 0.668765 0.438174 0.649967 0.449572 0.645264 0.441815 0.664062 0.430417 0.630028 0.461663 0.625324 0.453906 0.610088 0.473753 0.605384 0.465996 0.590146 0.485845 0.585443 0.478088 0.574864 0.495111 0.570161 0.487354 0.561087 0.503465 0.556384 0.495708 0.547922 0.511448 
						0.543219 0.503691 0.535694 0.518862 0.530990 0.511105 0.524703 0.525527 0.520000 0.517770 0.515220 0.531277 0.510517 0.523520 0.507479 0.535971 0.502776 0.528214 0.494670 0.543738 0.489967 0.535980 0.481110 0.551960 0.476407 0.544203 0.467135 0.560434 0.462431 0.552677 0.448427 0.571777 0.443724 0.564020 0.428487 0.583868 0.423784 0.576111 0.408547 0.595958 0.403844 0.588201 0.389749 0.607357 0.385046 0.599600 0.977768 0.533340 0.977768 0.560733 0.250476 0.056336 0.250476 0.017525 0.268425 0.098354 0.250476 0.098354 0.268425 0.140372 0.250476 0.140372 0.268425 0.182390 0.250476 0.182390 0.268425 0.226509 0.250476 0.226509 0.268425 0.268155 0.250476 0.268155 0.268425 0.311575 0.250476 0.311575 0.268425 0.353045 0.250476 0.353045 0.268425 0.391564 0.250476 0.391564 0.268425 0.426186 0.250476 0.426186 0.268425 0.456057 0.250476 0.456057 0.268409 0.480441 0.250460 0.480429 0.250476 0.456044 0.977768 0.769411 0.977768 0.740932 0.990438 0.740932 0.990438 0.769411 0.977768 0.710783 0.990438 0.710783 0.977768 0.681289 0.990438 0.681289 0.977768 0.649791 0.990438 0.649791 0.977768 0.620048 0.990438 0.620048 0.977768 0.590390 0.990438 0.590390 
						0.990438 0.560733 0.990438 0.533340 0.920248 0.042566 0.914954 0.071497 0.806466 0.051642 0.811761 0.022712 0.909659 0.100427 0.801172 0.080573 0.904364 0.129358 0.795877 0.109503 0.899070 0.158288 0.790582 0.138434 0.893775 0.187219 0.785288 0.167364 0.890717 0.209564 0.780607 0.203282 0.891164 0.230286 0.781426 0.241307 0.894847 0.250684 0.788184 0.278735 0.901675 0.270255 0.800714 0.314646 0.911481 0.288516 0.818707 0.348155 0.924023 0.305019 0.841721 0.378436 0.512378 0.741921 0.530849 0.751325 0.488682 0.853235 0.454787 0.835980 0.550565 0.757722 0.524859 0.864974 0.571039 0.760957 0.562427 0.870910 0.591766 0.760949 0.600461 0.870895 0.619189 0.757938 0.631513 0.867537 0.648415 0.754651 0.660740 0.864250 0.677642 0.751365 0.689967 0.860963 0.706869 0.748078 0.719194 0.857677 0.736096 0.744792 0.748420 0.854390 0.147421 0.486831 0.147421 0.376542 0.162230 0.376542 0.162230 0.486831 0.177039 0.376542 0.177039 0.486831 0.191848 0.376542 0.191848 0.486831 0.206657 0.376542 0.206657 0.479428 0.199253 0.486831 0.344340 0.047034 0.387038 0.047034 0.387038 0.105165 0.344340 0.105165 0.387038 0.163297 0.344340 0.163297 0.387038 0.221428 
						0.344340 0.221428 0.387038 0.250497 0.384797 0.279559 0.344340 0.279559 0.387038 0.308622 0.387038 0.337691 0.344340 0.337691 0.393455 0.337691 0.403586 0.337691 0.403586 0.367919 0.393455 0.367919 0.415245 0.337691 0.415245 0.367919 0.428536 0.337691 0.428536 0.367919 0.443431 0.337691 0.443431 0.367919 0.459707 0.337691 0.459707 0.367919 0.480897 0.337691 0.480897 0.367919 0.503858 0.337691 0.503858 0.367919 0.527407 0.337691 0.527407 0.367919 0.551359 0.337691 0.551359 0.367919 0.575483 0.337691 0.575483 0.367919 0.599525 0.337691 0.599525 0.367919 0.623244 0.337691 0.623244 0.367919 0.646436 0.337691 0.646436 0.367919 0.668951 0.337691 0.668951 0.367919 0.690704 0.337691 0.690704 0.367919 0.707796 0.337691 0.707796 0.367919 0.722669 0.337691 0.722669 0.367919 0.736073 0.337691 0.736073 0.367919 0.747931 0.337691 0.747931 0.367919 0.758305 0.337691 0.758305 0.367919 0.221466 0.486831 0.221466 0.376542 0.229167 0.376542 0.229167 0.486831 0.186519 0.314116 0.186519 0.344032 0.186520 0.284200 0.186520 0.254284 0.186520 0.224368 0.186521 0.196307 0.186521 0.175355 0.186522 0.155028 0.186522 0.135827 0.186522 0.124223 0.231301 0.318676 
						0.231301 0.332986 0.231301 0.302091 0.231301 0.283638 0.231301 0.263772 0.231301 0.242983 0.231301 0.219913 0.231301 0.189798 0.231301 0.159684 0.231301 0.129569 0.231301 0.099454 0.231301 0.069339 0.387038 0.367919 0.344340 0.367919 0.495211 0.690336 0.524154 0.685047 0.526878 0.699960 0.497935 0.705248 0.633092 0.899556 0.662019 0.904873 0.659279 0.919777 0.630353 0.914461 0.108464 0.017114 0.101356 0.017114 0.101356 0.001960 0.108464 0.001960 0.553100 0.679757 0.555824 0.694670 0.604166 0.894239 0.601426 0.909144 0.582047 0.674465 0.584772 0.689377 0.575239 0.888922 0.572500 0.903827 0.610996 0.669169 0.613723 0.684080 0.546313 0.883606 0.543573 0.898510 0.639947 0.663866 0.642343 0.678839 0.517386 0.878289 0.514982 0.893255 0.662309 0.660800 0.663190 0.675982 0.495044 0.875214 0.494163 0.890389 0.683051 0.661224 0.681552 0.676357 0.474321 0.875644 0.475828 0.890770 0.703473 0.664873 0.699636 0.679588 0.453920 0.879312 0.457776 0.894016 0.723077 0.671659 0.716994 0.685595 0.434345 0.886125 0.440452 0.900045 0.741380 0.681416 0.733196 0.694232 0.416076 0.895917 0.424286 0.908710 0.757942 0.693899 0.747853 0.705274 0.399564 0.908446 
						0.409674 0.919797 0.772334 0.708821 0.760588 0.718474 0.061148 0.130582 0.070487 0.112078 0.083479 0.119970 0.075214 0.136345 0.784199 0.725822 0.771087 0.733518 0.054819 0.150319 0.069613 0.153811 0.793258 0.744470 0.779103 0.750020 0.051654 0.170804 0.066813 0.171939 0.799289 0.764305 0.784546 0.767923 0.051734 0.191532 0.066885 0.190647 0.804396 0.791421 0.789497 0.794207 0.054839 0.218943 0.069895 0.217218 0.809765 0.820343 0.794862 0.823109 0.058227 0.248159 0.073280 0.246413 0.815134 0.849266 0.800231 0.852032 0.061614 0.277374 0.076668 0.275629 0.820503 0.878188 0.805601 0.880954 0.065002 0.306589 0.080055 0.304844 0.825872 0.907111 0.810970 0.909877 0.086375 0.017114 0.079266 0.017114 0.079266 0.001960 0.086375 0.001960 0.068389 0.335805 0.083443 0.334059 0.266037 0.683245 0.253405 0.683245 0.253405 0.526655 0.266037 0.526655 0.515795 0.404735 0.530608 0.404735 0.528362 0.470086 0.515795 0.470086 0.240272 0.683245 0.240272 0.526655 0.227138 0.683245 0.227138 0.526655 0.214005 0.683245 0.214005 0.526655 0.200543 0.683245 0.200543 0.526655 0.189004 0.683245 0.189004 0.526655 0.177685 0.683245 0.177685 0.526655 0.166872 0.683245 
						0.166872 0.526655 0.156828 0.683245 0.156828 0.526655 0.147801 0.683245 0.147801 0.526655 0.140012 0.683245 0.140012 0.526655 0.975316 0.407494 0.958850 0.407494 0.958850 0.001960 0.975316 0.001960 0.946494 0.407494 0.946494 0.001960 0.938552 0.407494 0.938552 0.001960 0.935322 0.407494 0.935322 0.001960 0.935233 0.407494 0.935233 0.001960 0.935233 0.407494 0.935233 0.407494 0.935233 0.001960 0.935233 0.001960 0.935233 0.407494 0.935233 0.407494 0.935233 0.001960 0.935233 0.001960 0.935233 0.407494 0.935233 0.001960 0.935233 0.407494 0.935233 0.001960 0.458800 0.470107 0.443991 0.470107 0.443993 0.404737 0.456557 0.404737 0.500981 0.404735 0.500981 0.470086 0.429182 0.470106 0.429184 0.404736 0.486168 0.404735 0.486168 0.470086 0.414373 0.470106 0.414375 0.404736 0.057177 0.404291 0.057177 0.376541 0.123805 0.376541 0.123805 0.404291 0.471354 0.404735 0.473600 0.470086 0.057177 0.433103 0.123805 0.433103 0.057177 0.461937 0.123805 0.461937 0.057177 0.490909 0.123805 0.490909 0.057177 0.520852 0.123805 0.520852 0.057177 0.546413 0.123805 0.546413 0.057177 0.571637 0.123805 0.571637 0.057177 0.596816 0.123805 0.596816 0.057177 0.622038 
						0.123805 0.622038 0.057177 0.647337 0.123805 0.647337 0.057177 0.672727 0.123805 0.672727 0.001953 0.767789 0.001953 0.742853 0.067150 0.742853 0.067150 0.767789 0.001953 0.792827 0.067150 0.792827 0.001953 0.818005 0.067150 0.818005 0.001953 0.842713 0.067150 0.842713 0.001953 0.872374 0.067150 0.872374 0.001953 0.902538 0.067150 0.902538 0.001953 0.932782 0.067150 0.932782 0.001953 0.963063 0.067150 0.963063 0.399564 0.470105 0.401811 0.404735 0.001953 0.992177 0.067150 0.992177 0.147598 0.069339 0.147598 0.099454 0.140012 0.099454 0.140012 0.069339 0.393455 0.017952 0.403586 0.017952 0.344340 0.017952 0.387038 0.017952 0.147598 0.129569 0.140012 0.129569 0.415245 0.017952 0.147598 0.159684 0.140012 0.159684 0.428536 0.017952 0.147598 0.189798 0.140012 0.189798 0.443431 0.017952 0.147598 0.219913 0.140012 0.219913 0.459707 0.017952 0.147598 0.242983 0.140012 0.242983 0.480897 0.017952 0.147598 0.263772 0.140012 0.263772 0.503858 0.017952 0.147598 0.283638 0.140012 0.283638 0.527407 0.017952 0.147598 0.302091 0.140012 0.302091 0.551359 0.017952 0.147598 0.318676 0.140012 0.318676 0.575483 0.017952 0.147598 0.332986 0.140012 0.332986 
						0.599525 0.017952 0.067163 0.001960 0.067163 0.017337 0.057177 0.017337 0.057177 0.001960 0.623244 0.017952 0.103373 0.135826 0.103372 0.155027 0.095837 0.155027 0.095837 0.135825 0.646436 0.017952 0.103372 0.175354 0.095836 0.175354 0.668951 0.017952 0.103372 0.196306 0.095836 0.196306 0.690704 0.017952 0.103371 0.224367 0.095836 0.224366 0.707796 0.017952 0.103371 0.254282 0.095835 0.254282 0.722669 0.017952 0.103370 0.284198 0.095835 0.284198 0.736073 0.017952 0.103370 0.314114 0.095834 0.314114 0.747931 0.017952 0.103369 0.344030 0.095834 0.344030 0.140012 0.486831 0.140012 0.376542 0.758305 0.017952 0.103369 0.357209 0.118433 0.357210 0.118433 0.357504 0.103369 0.357503 0.762438 0.105165 0.762438 0.047034 0.762527 0.047034 0.762527 0.105165 0.133496 0.357210 0.133496 0.357504 0.762438 0.163297 0.762527 0.163297 0.148559 0.357210 0.148559 0.357504 0.762438 0.221428 0.762527 0.221428 0.163622 0.357210 0.163622 0.357504 0.178686 0.357211 0.178686 0.357505 0.186518 0.357211 0.193749 0.357211 0.193749 0.357505 0.186518 0.357505 0.762438 0.367919 0.762438 0.337691 0.762527 0.337691 0.762527 0.367919 0.762438 0.017952 0.762527 0.017952 
						0.761296 0.852942 0.748971 0.743344 0.749259 0.743312 0.761583 0.852910 0.095833 0.357209 0.095833 0.357503 0.389350 0.105165 0.389350 0.047034 0.162762 0.069339 0.147598 0.055776 0.162762 0.055776 0.389350 0.163297 0.177925 0.069339 0.177925 0.055776 0.389350 0.221428 0.193089 0.069339 0.193089 0.055776 0.208252 0.055776 0.223416 0.055776 0.238579 0.069339 0.231301 0.055776 0.238579 0.055776 0.389350 0.367919 0.389350 0.337691 0.140012 0.055776 0.814146 0.009682 0.922633 0.029537 0.389350 0.017952 0.214061 0.486831 0.393455 0.250497 0.393455 0.308622 0.389350 0.308622 0.389350 0.250497 0.403586 0.250497 0.403586 0.308622 0.415245 0.250497 0.415245 0.308622 0.428536 0.250497 0.428536 0.308622 0.443431 0.250497 0.443431 0.308622 0.459707 0.250497 0.459707 0.308622 0.480897 0.250497 0.480897 0.308622 0.503858 0.250497 0.503858 0.308622 0.527407 0.250497 0.527407 0.308622 0.551359 0.250497 0.551359 0.308622 0.575483 0.250497 0.575483 0.308622 0.599525 0.250497 0.599525 0.308622 0.623244 0.250497 0.623244 0.308622 0.646436 0.250497 0.646436 0.308622 0.668951 0.250497 0.668951 0.308622 0.690704 0.250497 0.690704 0.308622 0.707796 0.250497 
						0.707796 0.308622 0.722669 0.250497 0.722669 0.308622 0.736073 0.250497 0.736073 0.308622 0.747931 0.250497 0.747931 0.308622 0.758305 0.250497 0.758305 0.308622 0.762438 0.308622 0.762438 0.250497 0.762527 0.250497 0.762527 0.279559 0.762527 0.308622 0.392278 0.223191 0.402438 0.223191 0.402438 0.248734 0.392278 0.248734 0.414172 0.223191 0.414172 0.248734 0.427598 0.223191 0.427598 0.248734 0.442699 0.223191 0.442699 0.248734 0.459193 0.223191 0.459193 0.248734 0.480544 0.223191 0.480544 0.248734 0.503586 0.223191 0.503586 0.248734 0.527227 0.223191 0.527227 0.248734 0.551284 0.223191 0.551284 0.248734 0.575518 0.223191 0.575518 0.248734 0.599669 0.223191 0.599669 0.248734 0.623485 0.223191 0.623485 0.248734 0.646758 0.223191 0.646758 0.248734 0.669335 0.223191 0.669335 0.248734 0.691184 0.223191 0.691184 0.248734 0.708443 0.223191 0.708443 0.248734 0.723526 0.223191 0.723526 0.248734 0.737077 0.223191 0.737077 0.248734 0.749025 0.223191 0.749025 0.248734 0.759441 0.223191 0.759441 0.248734 0.763445 0.248734 0.763445 0.223191 0.763531 0.223191 0.763531 0.248734 0.388304 0.248734 0.388304 0.223191 0.206657 0.486831 0.403586 0.223191 
						0.393455 0.223191 0.393455 0.248734 0.403586 0.248734 0.415245 0.223191 0.415245 0.248734 0.428536 0.223191 0.428536 0.248734 0.443431 0.223191 0.443431 0.248734 0.459707 0.223191 0.459707 0.248734 0.480897 0.223191 0.480897 0.248734 0.503858 0.223191 0.503858 0.248734 0.527407 0.223191 0.527407 0.248734 0.551359 0.223191 0.551359 0.248734 0.575483 0.223191 0.575483 0.248734 0.599525 0.223191 0.599525 0.248734 0.623244 0.223191 0.623244 0.248734 0.646436 0.223191 0.646436 0.248734 0.668951 0.223191 0.668951 0.248734 0.690704 0.223191 0.690704 0.248734 0.707796 0.223191 0.707796 0.248734 0.722669 0.223191 0.722669 0.248734 0.736073 0.223191 0.736073 0.248734 0.747931 0.223191 0.747931 0.248734 0.758305 0.223191 0.758305 0.248734 0.762388 0.223191 0.762302 0.223191 0.762388 0.248734 0.762302 0.248734 0.389484 0.248734 0.389484 0.223191 0.400347 0.793420 0.370939 0.793884 0.370877 0.789956 0.400285 0.789492 0.370156 0.002710 0.399566 0.002897 0.399541 0.006826 0.370130 0.006639 0.341531 0.794349 0.341469 0.790420 0.340745 0.002522 0.340720 0.006451 0.312123 0.794813 0.312061 0.790885 0.311334 0.002335 0.311309 0.006263 0.282715 0.795277 
						0.282653 0.791349 0.281923 0.002147 0.281898 0.006076 0.253307 0.795742 0.253346 0.791812 0.252513 0.001959 0.252589 0.005889 0.217109 0.794452 0.217546 0.790536 0.216328 0.003590 0.216802 0.007502 0.179736 0.787389 0.180769 0.783586 0.179024 0.011004 0.180093 0.014797 0.143927 0.774567 0.145543 0.770973 0.143338 0.024162 0.144987 0.027742 0.110566 0.756302 0.112724 0.753004 0.110150 0.042741 0.112339 0.046018 0.080472 0.733042 0.083119 0.730122 0.080277 0.066283 0.082952 0.069178 0.054380 0.705352 0.057466 0.702900 0.054453 0.094210 0.057550 0.096647 0.033304 0.673679 0.036746 0.671759 0.033372 0.125869 0.036814 0.127789 0.017447 0.639108 0.021147 0.637751 0.017505 0.160435 0.021204 0.161793 0.007193 0.602482 0.011060 0.601721 0.007239 0.197058 0.011106 0.197821 0.002795 0.564704 0.006722 0.564459 0.002830 0.234836 0.006756 0.235082 0.002528 0.533472 0.006457 0.533447 0.002553 0.266068 0.006482 0.266094 0.002402 0.504061 0.006331 0.504044 0.002418 0.295479 0.006347 0.295497 0.002276 0.474651 0.006205 0.474634 0.002283 0.324890 0.006212 0.324908 0.002150 0.445240 0.006079 0.445223 0.002147 0.354301 0.006076 0.354319 0.002024 0.415829 
						0.005952 0.415813 0.002012 0.383712 0.005941 0.383730 0.001970 0.403312 0.001969 0.403031 0.005898 0.403018 0.005899 0.403295 0.001969 0.403031 0.001953 0.396515 0.005882 0.396520 0.005898 0.403018 0.001953 0.396515 0.001954 0.396229 0.005883 0.396247 0.005882 0.396520 0.412363 0.002979 0.412338 0.006908 0.389484 0.248734 0.389484 0.223191 0.388304 0.223191 0.388304 0.248734 0.413143 0.793218 0.413081 0.789289 0.287177 0.098354 0.287177 0.058742 0.270831 0.058742 0.270831 0.098354 0.287177 0.140372 0.270831 0.140372 0.287177 0.182390 0.270831 0.182390 0.287177 0.226509 0.270831 0.226509 0.287177 0.268155 0.270831 0.268155 0.287177 0.311575 0.270831 0.311575 0.287177 0.353045 0.270831 0.353045 0.287177 0.391564 0.270831 0.391564 0.287177 0.426186 0.270831 0.426186 0.287177 0.456057 0.270831 0.456057 0.001953 0.024966 0.001953 0.001960 0.270815 0.480442 0.964533 0.740932 0.964533 0.769411 0.976070 0.769411 0.976070 0.740932 0.964533 0.710783 0.976070 0.710783 0.964533 0.681289 0.976070 0.681289 0.964533 0.649791 0.976070 0.649791 0.964533 0.620048 0.976070 0.620048 0.964533 0.590390 0.976070 0.590390 0.964533 0.562431 0.976070 0.562431 
						0.439071 0.867921 0.412020 0.874007 0.397705 0.810379 0.424756 0.804293 0.897671 0.458000 0.924810 0.463680 0.911449 0.527516 0.884310 0.521836 0.924810 0.463680 0.936009 0.466024 0.922648 0.529860 0.911449 0.527516 0.383326 0.880463 0.369011 0.816834 0.868884 0.451975 0.855523 0.515811 0.354632 0.886918 0.340317 0.823289 0.840096 0.445950 0.826736 0.509786 0.324504 0.893696 0.311621 0.829745 0.809870 0.439624 0.797946 0.503760 0.295776 0.898814 0.289406 0.833703 0.781069 0.434937 0.775675 0.500136 0.264754 0.899395 0.268665 0.834091 0.750042 0.434820 0.754930 0.500058 0.234040 0.895118 0.248118 0.831230 0.719395 0.439556 0.734428 0.503226 0.204372 0.886089 0.228271 0.825190 0.689866 0.449028 0.714674 0.509562 0.176483 0.872531 0.209614 0.816120 0.662182 0.463002 0.696154 0.518911 0.151057 0.854776 0.192605 0.804243 0.637025 0.481135 0.679325 0.531041 0.464745 0.774750 0.443070 0.763571 0.470124 0.719732 0.484637 0.727227 0.270815 0.480442 0.270831 0.456057 0.322154 0.460197 0.322154 0.476534 0.423418 0.749186 0.456935 0.710059 0.274570 0.504499 0.324704 0.492695 0.406242 0.731967 0.445377 0.698456 0.281960 0.527662 0.329730 0.508290 
						0.392657 0.713343 0.435714 0.685207 0.292277 0.548271 0.337042 0.522973 0.380401 0.692200 0.424742 0.666325 0.305447 0.568848 0.348737 0.541426 0.368766 0.672288 0.412979 0.646220 0.317744 0.588352 0.361207 0.561105 0.357043 0.652518 0.401086 0.626181 0.329890 0.607864 0.373539 0.580878 0.345876 0.633955 0.389749 0.607357 0.345876 0.633955 0.341224 0.626326 0.385046 0.599600 0.389749 0.607357 0.341224 0.626326 0.385046 0.599600 0.118433 0.344031 0.133496 0.344031 0.148559 0.344031 0.193749 0.344032 0.118432 0.365496 0.103369 0.365496 0.764908 0.047034 0.764908 0.105165 0.133496 0.365497 0.764908 0.163297 0.148559 0.365497 0.764908 0.221428 0.163622 0.365497 0.764908 0.250497 0.193749 0.365497 0.186518 0.365497 0.178685 0.365497 0.764908 0.337691 0.764908 0.367919 0.764908 0.017952 0.757067 0.742433 0.769392 0.852032 0.095833 0.365496 0.764908 0.308622 0.764908 0.279559 0.387038 0.105165 0.387038 0.047034 0.147598 0.047730 0.162762 0.047730 0.387038 0.163297 0.177925 0.047730 0.387038 0.221428 0.193089 0.047730 0.387038 0.250497 0.208252 0.047730 0.387038 0.337691 0.387038 0.308622 0.223416 0.047730 0.231301 0.047730 0.238579 0.047730 
						0.387038 0.367919 0.140012 0.047730 0.815560 0.001953 0.924048 0.021808 0.387038 0.017952 0.475873 0.584609 0.475713 0.583733 0.504652 0.578444 0.504812 0.579319 0.475553 0.582858 0.504492 0.577569 0.393107 0.393691 0.393294 0.391222 0.403429 0.391222 0.403246 0.393691 0.393414 0.388111 0.403545 0.388111 0.393455 0.384662 0.403586 0.384662 0.415245 0.384662 0.428536 0.384662 0.443431 0.384662 0.459707 0.384662 0.480897 0.384662 0.503858 0.384662 0.527407 0.384662 0.551359 0.384662 0.575483 0.384662 0.599525 0.384662 0.623244 0.384662 0.646436 0.384662 0.668951 0.384662 0.690704 0.384662 0.707796 0.384662 0.722669 0.384662 0.736073 0.384662 0.747931 0.384662 0.758305 0.384662 0.533748 0.574030 0.562680 0.568738 0.591608 0.563443 0.620460 0.558157 0.656075 0.553489 0.693645 0.554259 0.730627 0.560874 0.766129 0.573175 0.799285 0.590867 0.829286 0.613518 0.855358 0.640599 0.876873 0.671427 0.893300 0.705242 0.904256 0.741278 0.910057 0.771806 0.915426 0.800728 0.920796 0.829651 0.926165 0.858573 0.931534 0.887496 0.828237 0.919852 0.933899 0.900237 0.933952 0.900522 0.828290 0.920136 0.762438 0.384662 0.762527 0.384662 0.389350 0.384662 
						0.482176 0.692718 0.462839 0.586991 0.935386 0.908249 0.829725 0.927864 0.764908 0.384662 0.387038 0.384662 0.474444 0.694131 0.455107 0.588404 0.233432 0.486831 0.236275 0.376542 0.236275 0.483988 0.236136 0.484867 0.235732 0.485660 0.235103 0.486289 0.234311 0.486692 0.386187 0.395822 0.344340 0.395822 0.387038 0.384662 0.386997 0.388111 0.386876 0.391222 0.386689 0.393691 0.386451 0.395276 0.462680 0.586115 0.462520 0.585240 0.389000 0.393691 0.389188 0.391222 0.389308 0.388111 0.415208 0.388111 0.415098 0.391222 0.414928 0.393691 0.533588 0.573155 0.533428 0.572279 0.428503 0.388111 0.428408 0.391222 0.428259 0.393691 0.562520 0.567863 0.562360 0.566987 0.443406 0.388111 0.443331 0.391222 0.443215 0.393691 0.591449 0.562568 0.591289 0.561692 0.459689 0.388111 0.459637 0.391222 0.459556 0.393691 0.620323 0.557278 0.620185 0.556398 0.480885 0.388111 0.480849 0.391222 0.480793 0.393691 0.656026 0.552598 0.655978 0.551708 0.503849 0.388111 0.503821 0.391222 0.503778 0.393691 0.693733 0.553371 0.693821 0.552483 0.527401 0.388111 0.527383 0.391222 0.527354 0.393691 0.730852 0.560010 0.731077 0.559147 0.551357 0.388111 0.551349 0.391222 
						0.551337 0.393691 0.766486 0.572357 0.766842 0.571539 0.575484 0.388111 0.575488 0.391222 0.575493 0.393691 0.799765 0.590114 0.800244 0.589362 0.599530 0.388111 0.599545 0.391222 0.599568 0.393691 0.829873 0.612854 0.830430 0.612220 0.623253 0.388111 0.623277 0.391222 0.623315 0.393690 0.856039 0.640039 0.856653 0.639534 0.646447 0.388111 0.646479 0.391222 0.646530 0.393690 0.877633 0.670981 0.878319 0.670579 0.668965 0.388111 0.669003 0.391222 0.669064 0.393690 0.894121 0.704920 0.894861 0.704630 0.690721 0.388111 0.690769 0.391222 0.690845 0.393690 0.905110 0.741067 0.905881 0.740878 0.707818 0.388111 0.707883 0.391222 0.707985 0.393690 0.910921 0.771645 0.911701 0.771501 0.722699 0.388111 0.722786 0.391222 0.722922 0.393690 0.916290 0.800568 0.917070 0.800423 0.736108 0.388111 0.736210 0.391222 0.736369 0.393690 0.921659 0.829490 0.922439 0.829346 0.747970 0.388111 0.748081 0.391222 0.748255 0.393690 0.927029 0.858413 0.927808 0.858268 0.758345 0.388111 0.758461 0.391222 0.758641 0.393690 0.932398 0.887335 0.933177 0.887191 0.762478 0.388111 0.762594 0.391222 0.933796 0.887076 0.936161 0.899817 0.935542 0.899932 0.934763 0.900077 
						0.762567 0.388111 0.762684 0.391222 0.936214 0.900102 0.935595 0.900217 0.934816 0.900361 0.454947 0.587528 0.454787 0.586653 0.386689 0.393691 0.386876 0.391222 0.386997 0.388111 0.764948 0.388110 0.765065 0.391222 0.937648 0.907829 0.937030 0.907944 0.936250 0.908088 
					</float_array>
					<technique_common>
						<accessor count="1423" offset="0" source="#meshId0-tex0-array" stride="2">
							<param name="S" type="float" />
							<param name="T" type="float" />
						</accessor>
					</technique_common>
				</source>
				<vertices id="meshId0-vertices">
					<input semantic="POSITION" source="#meshId0-positions" />
				</vertices>
				<polylist count="1776" material="defaultMaterial">
					<input offset="0" semantic="VERTEX" source="#meshId0-vertices" />
					<input offset="0" semantic="NORMAL" source="#meshId0-normals" />
					<input offset="0" semantic="TANGENT" source="#meshId0-tangents" />
					<input offset="0" semantic="BINORMAL" source="#meshId0-bitangents" />
					<input offset="0" semantic="TEXCOORD" source="#meshId0-tex0" set="0" />
					<vcount>
						3 3 3 3 3 3 3 3 3 3 3 3 3 3 3 3 3 3 3 3 3 3 3 3 3 3 3 3 3 3 3 3 3 3 3 3 3 3 3 3 3 3 3 3 3 3 3 3 3 3 3 3 3 3 3 3 3 3 3 3 3 3 3 3 
						3 3 3 3 3 3 3 3 3 3 3 3 3 3 3 3 3 3 3 3 3 3 3 3 3 3 3 3 3 3 3 3 3 3 3 3 3 3 3 3 3 3 3 3 3 3 3 3 3 3 3 3 3 3 3 3 3 3 3 3 3 3 3 3 
						3 3 3 3 3 3 3 3 3 3 3 3 3 3 3 3 3 3 3 3 3 3 3 3 3 3 3 3 3 3 3 3 3 3 3 3 3 3 3 3 3 3 3 3 3 3 3 3 3 3 3 3 3 3 3 3 3 3 3 3 3 3 3 3 
						3 3 3 3 3 3 3 3 3 3 3 3 3 3 3 3 3 3 3 3 3 3 3 3 3 3 3 3 3 3 3 3 3 3 3 3 3 3 3 3 3 3 3 3 3 3 3 3 3 3 3 3 3 3 3 3 3 3 3 3 3 3 3 3 
						3 3 3 3 3 3 3 3 3 3 3 3 3 3 3 3 3 3 3 3 3 3 3 3 3 3 3 3 3 3 3 3 3 3 3 3 3 3 3 3 3 3 3 3 3 3 3 3 3 3 3 3 3 3 3 3 3 3 3 3 3 3 3 3 
						3 3 3 3 3 3 3 3 3 3 3 3 3 3 3 3 3 3 3 3 3 3 3 3 3 3 3 3 3 3 3 3 3 3 3 3 3 3 3 3 3 3 3 3 3 3 3 3 3 3 3 3 3 3 3 3 3 3 3 3 3 3 3 3 
						3 3 3 3 3 3 3 3 3 3 3 3 3 3 3 3 3 3 3 3 3 3 3 3 3 3 3 3 3 3 3 3 3 3 3 3 3 3 3 3 3 3 3 3 3 3 3 3 3 3 3 3 3 3 3 3 3 3 3 3 3 3 3 3 
						3 3 3 3 3 3 3 3 3 3 3 3 3 3 3 3 3 3 3 3 3 3 3 3 3 3 3 3 3 3 3 3 3 3 3 3 3 3 3 3 3 3 3 3 3 3 3 3 3 3 3 3 3 3 3 3 3 3 3 3 3 3 3 3 
						3 3 3 3 3 3 3 3 3 3 3 3 3 3 3 3 3 3 3 3 3 3 3 3 3 3 3 3 3 3 3 3 3 3 3 3 3 3 3 3 3 3 3 3 3 3 3 3 3 3 3 3 3 3 3 3 3 3 3 3 3 3 3 3 
						3 3 3 3 3 3 3 3 3 3 3 3 3 3 3 3 3 3 3 3 3 3 3 3 3 3 3 3 3 3 3 3 3 3 3 3 3 3 3 3 3 3 3 3 3 3 3 3 3 3 3 3 3 3 3 3 3 3 3 3 3 3 3 3 
						3 3 3 3 3 3 3 3 3 3 3 3 3 3 3 3 3 3 3 3 3 3 3 3 3 3 3 3 3 3 3 3 3 3 3 3 3 3 3 3 3 3 3 3 3 3 3 3 3 3 3 3 3 3 3 3 3 3 3 3 3 3 3 3 
						3 3 3 3 3 3 3 3 3 3 3 3 3 3 3 3 3 3 3 3 3 3 3 3 3 3 3 3 3 3 3 3 3 3 3 3 3 3 3 3 3 3 3 3 3 3 3 3 3 3 3 3 3 3 3 3 3 3 3 3 3 3 3 3 
						3 3 3 3 3 3 3 3 3 3 3 3 3 3 3 3 3 3 3 3 3 3 3 3 3 3 3 3 3 3 3 3 3 3 3 3 3 3 3 3 3 3 3 3 3 3 3 3 3 3 3 3 3 3 3 3 3 3 3 3 3 3 3 3 
						3 3 3 3 3 3 3 3 3 3 3 3 3 3 3 3 3 3 3 3 3 3 3 3 3 3 3 3 3 3 3 3 3 3 3 3 3 3 3 3 3 3 3 3 3 3 3 3 3 3 3 3 3 3 3 3 3 3 3 3 3 3 3 3 
						3 3 3 3 3 3 3 3 3 3 3 3 3 3 3 3 3 3 3 3 3 3 3 3 3 3 3 3 3 3 3 3 3 3 3 3 3 3 3 3 3 3 3 3 3 3 3 3 3 3 3 3 3 3 3 3 3 3 3 3 3 3 3 3 
						3 3 3 3 3 3 3 3 3 3 3 3 3 3 3 3 3 3 3 3 3 3 3 3 3 3 3 3 3 3 3 3 3 3 3 3 3 3 3 3 3 3 3 3 3 3 3 3 3 3 3 3 3 3 3 3 3 3 3 3 3 3 3 3 
						3 3 3 3 3 3 3 3 3 3 3 3 3 3 3 3 3 3 3 3 3 3 3 3 3 3 3 3 3 3 3 3 3 3 3 3 3 3 3 3 3 3 3 3 3 3 3 3 3 3 3 3 3 3 3 3 3 3 3 3 3 3 3 3 
						3 3 3 3 3 3 3 3 3 3 3 3 3 3 3 3 3 3 3 3 3 3 3 3 3 3 3 3 3 3 3 3 3 3 3 3 3 3 3 3 3 3 3 3 3 3 3 3 3 3 3 3 3 3 3 3 3 3 3 3 3 3 3 3 
						3 3 3 3 3 3 3 3 3 3 3 3 3 3 3 3 3 3 3 3 3 3 3 3 3 3 3 3 3 3 3 3 3 3 3 3 3 3 3 3 3 3 3 3 3 3 3 3 3 3 3 3 3 3 3 3 3 3 3 3 3 3 3 3 
						3 3 3 3 3 3 3 3 3 3 3 3 3 3 3 3 3 3 3 3 3 3 3 3 3 3 3 3 3 3 3 3 3 3 3 3 3 3 3 3 3 3 3 3 3 3 3 3 3 3 3 3 3 3 3 3 3 3 3 3 3 3 3 3 
						3 3 3 3 3 3 3 3 3 3 3 3 3 3 3 3 3 3 3 3 3 3 3 3 3 3 3 3 3 3 3 3 3 3 3 3 3 3 3 3 3 3 3 3 3 3 3 3 3 3 3 3 3 3 3 3 3 3 3 3 3 3 3 3 
						3 3 3 3 3 3 3 3 3 3 3 3 3 3 3 3 3 3 3 3 3 3 3 3 3 3 3 3 3 3 3 3 3 3 3 3 3 3 3 3 3 3 3 3 3 3 3 3 3 3 3 3 3 3 3 3 3 3 3 3 3 3 3 3 
						3 3 3 3 3 3 3 3 3 3 3 3 3 3 3 3 3 3 3 3 3 3 3 3 3 3 3 3 3 3 3 3 3 3 3 3 3 3 3 3 3 3 3 3 3 3 3 3 3 3 3 3 3 3 3 3 3 3 3 3 3 3 3 3 
						3 3 3 3 3 3 3 3 3 3 3 3 3 3 3 3 3 3 3 3 3 3 3 3 3 3 3 3 3 3 3 3 3 3 3 3 3 3 3 3 3 3 3 3 3 3 3 3 3 3 3 3 3 3 3 3 3 3 3 3 3 3 3 3 
						3 3 3 3 3 3 3 3 3 3 3 3 3 3 3 3 3 3 3 3 3 3 3 3 3 3 3 3 3 3 3 3 3 3 3 3 3 3 3 3 3 3 3 3 3 3 3 3 3 3 3 3 3 3 3 3 3 3 3 3 3 3 3 3 
						3 3 3 3 3 3 3 3 3 3 3 3 3 3 3 3 3 3 3 3 3 3 3 3 3 3 3 3 3 3 3 3 3 3 3 3 3 3 3 3 3 3 3 3 3 3 3 3 3 3 3 3 3 3 3 3 3 3 3 3 3 3 3 3 
						3 3 3 3 3 3 3 3 3 3 3 3 3 3 3 3 3 3 3 3 3 3 3 3 3 3 3 3 3 3 3 3 3 3 3 3 3 3 3 3 3 3 3 3 3 3 3 3 3 3 3 3 3 3 3 3 3 3 3 3 3 3 3 3 
						3 3 3 3 3 3 3 3 3 3 3 3 3 3 3 3 3 3 3 3 3 3 3 3 3 3 3 3 3 3 3 3 3 3 3 3 3 3 3 3 3 3 3 3 3 3 3 3 
					</vcount>
					<p>
						3 0 1 1 2 3 2 1 4 4 5 2 5 4 6 6 7 5 7 6 8 8 9 7 9 8 10 10 11 9 11 10 12 12 13 11 13 12 14 14 15 13 15 14 16 16 17 15 17 16 18 18 19 17 19 18 20 20 21 19 21 20 22 22 23 21 23 22 24 24 25 23 25 24 26 26 27 25 27 26 28 28 29 27 29 28 30 30 31 29 31 30 32 32 33 31 33 32 34 34 35 33 35 34 36 36 37 35 37 36 38 38 39 37 39 38 40 40 41 39 43 3 2 2 42 43 42 2 5 5 44 42 44 5 7 7 45 44 45 7 9 9 46 45 46 9 11 11 47 46 47 11 13 13 48 47 48 13 15 15 49 48 49 15 17 17 50 49 50 17 19 19 51 50 51 19 21 21 52 51 52 21 23 23 53 52 53 23 25 25 54 53 
						54 25 27 27 55 54 55 27 29 29 56 55 56 29 31 31 57 56 57 31 33 33 58 57 58 33 35 35 59 58 59 35 37 37 60 59 60 37 39 39 61 60 61 39 41 41 62 61 64 43 42 42 63 64 63 42 44 44 65 63 65 44 45 45 66 65 66 45 46 46 67 66 67 46 47 47 68 67 68 47 48 48 69 68 69 48 49 49 70 69 70 49 50 50 71 70 71 50 51 51 72 71 72 51 52 52 73 72 73 52 53 53 74 73 74 53 54 54 75 74 75 54 55 55 76 75 76 55 56 56 77 76 77 56 57 57 78 77 78 57 58 58 79 78 79 58 59 59 80 79 80 59 60 60 81 80 81 60 61 61 82 81 82 61 62 62 83 82 87 84 85 85 86 87 86 85 88 88 89 86 89 88 90 90 91 89 91 90 92 92 93 91 
						93 92 94 94 95 93 95 94 96 96 97 95 97 96 98 98 99 97 99 98 100 100 101 99 101 100 102 102 103 101 103 102 104 104 105 103 105 104 106 106 107 105 107 106 108 108 109 107 109 108 110 110 111 109 111 110 112 112 113 111 113 112 114 114 115 113 115 114 116 116 117 115 117 116 118 118 119 117 119 118 120 120 121 119 121 120 122 122 123 121 123 122 124 124 125 123 129 126 127 127 128 129 128 127 130 130 131 128 131 130 132 132 133 131 133 132 134 134 135 133 135 134 136 136 137 135 137 136 138 138 139 137 139 138 140 140 141 139 141 140 142 142 143 141 143 142 144 144 145 143 145 144 146 146 147 145 147 146 148 148 149 147 153 150 151 151 152 153 152 151 154 154 155 152 155 154 156 156 157 155 157 156 158 158 159 157 159 158 160 160 161 159 
						161 160 162 162 163 161 163 162 164 164 165 163 165 164 166 166 167 165 167 166 168 168 169 167 173 170 171 171 172 173 172 171 174 174 175 172 175 174 176 176 177 175 177 176 178 178 179 177 179 178 180 180 181 179 181 180 182 182 183 181 183 182 184 184 185 183 185 184 186 186 187 185 187 186 188 188 189 187 189 188 190 190 191 189 191 190 192 192 193 191 197 194 195 195 196 197 201 198 199 199 200 201 200 199 202 202 203 200 203 202 204 204 205 203 205 204 206 206 207 205 207 206 208 208 209 207 209 208 210 210 211 209 211 210 212 212 213 211 213 212 214 214 215 213 217 173 172 172 216 217 216 172 175 175 218 216 218 175 177 177 219 218 219 177 179 179 220 219 220 179 181 181 221 220 221 181 183 183 222 221 222 183 185 185 223 222 223 185 187 187 224 223 
						224 187 189 189 225 224 225 189 191 191 226 225 226 191 193 193 227 226 229 197 196 196 228 229 231 201 200 200 230 231 230 200 203 203 232 230 232 203 205 205 233 232 233 205 207 207 234 233 234 207 209 209 235 234 235 209 211 211 236 235 236 211 213 213 237 236 237 213 215 215 238 237 240 217 216 216 239 240 244 241 242 242 243 244 243 242 245 245 246 243 246 245 247 247 248 246 248 247 249 249 250 248 250 249 251 251 252 250 252 251 253 253 254 252 254 253 255 255 256 254 256 255 257 257 258 256 258 257 259 259 260 258 260 259 261 261 262 260 262 261 263 263 264 262 264 263 265 265 266 264 266 265 267 267 268 266 268 267 269 269 270 268 270 269 271 271 272 270 272 271 273 273 274 272 274 273 275 275 276 274 276 275 277 277 278 276 280 237 238 238 279 280 
						282 240 239 239 281 282 281 239 283 283 284 281 284 283 285 285 286 284 286 285 287 287 288 286 288 287 289 289 290 288 290 289 291 291 292 290 292 291 293 293 294 292 294 293 295 295 296 294 296 295 297 297 298 296 298 297 299 299 300 298 300 299 301 301 302 300 305 301 303 303 304 305 309 306 307 307 308 309 308 307 310 310 311 308 311 310 312 312 313 311 313 312 314 314 315 313 315 314 316 316 317 315 317 316 318 318 319 317 319 318 280 280 320 319 320 280 279 279 321 320 325 322 323 323 324 325 324 323 326 326 327 324 327 326 328 328 329 327 329 328 330 330 331 329 331 330 332 332 333 331 333 332 334 334 335 333 335 334 336 336 337 335 337 336 338 338 339 337 339 338 340 340 341 339 341 340 342 342 343 341 343 342 344 344 345 343 349 346 347 347 348 349 
						348 347 350 350 351 348 351 350 352 352 353 351 353 352 354 354 355 353 355 354 356 356 357 355 357 356 358 358 359 357 359 358 360 360 361 359 361 360 362 362 363 361 363 362 364 364 365 363 369 366 367 367 368 369 371 369 368 368 370 371 373 371 370 370 372 373 376 373 372 376 372 374 374 375 376 380 377 378 378 379 380 382 380 379 379 381 382 384 382 381 381 383 384 387 384 383 387 383 385 385 386 387 390 387 386 390 386 388 388 389 390 394 391 392 392 393 394 393 392 395 395 396 393 396 395 397 397 398 396 398 397 399 399 400 398 400 399 401 401 402 400 402 401 403 403 404 402 404 403 405 405 406 404 406 405 407 407 408 406 408 407 409 409 410 408 410 409 411 411 412 410 412 411 413 413 414 412 414 413 415 415 416 414 416 415 417 417 418 416 418 417 419 
						419 420 418 420 419 421 421 422 420 422 421 423 423 424 422 424 423 425 425 426 424 426 425 427 427 428 426 428 427 429 429 430 428 430 429 431 431 432 430 436 433 434 434 435 436 166 437 438 438 168 166 164 439 437 437 166 164 162 440 439 439 164 162 160 441 440 440 162 160 158 442 441 441 160 158 156 443 442 442 158 156 154 444 443 443 156 154 151 445 444 444 154 151 150 446 445 445 151 150 146 447 448 448 148 146 144 449 447 447 146 144 142 450 449 449 144 142 140 451 450 450 142 140 138 452 451 451 140 138 136 453 452 452 138 136 134 454 453 453 136 134 132 455 454 454 134 132 130 456 455 455 132 130 127 457 456 456 130 127 126 458 457 457 127 126 460 390 389 389 459 460 464 461 462 462 463 464 468 465 466 466 467 468 472 469 470 470 471 472 463 462 473 
						473 474 463 476 475 465 465 468 476 474 473 477 477 478 474 480 479 475 475 476 480 478 477 481 481 482 478 484 483 479 479 480 484 482 481 485 485 486 482 488 487 483 483 484 488 486 485 489 489 490 486 492 491 487 487 488 492 490 489 493 493 494 490 496 495 491 491 492 496 494 493 497 497 498 494 500 499 495 495 496 500 498 497 501 501 502 498 504 503 499 499 500 504 502 501 505 505 506 502 508 507 503 503 504 508 506 505 509 509 510 506 512 511 507 507 508 512 510 509 513 513 514 510 518 515 516 516 517 518 514 513 519 519 520 514 522 521 515 515 518 522 520 519 523 523 524 520 526 525 521 521 522 526 524 523 527 527 528 524 530 529 525 525 526 530 528 527 531 531 532 528 534 533 529 529 530 534 532 531 535 535 536 532 538 537 533 533 534 538 536 535 539 
						539 540 536 542 541 537 537 538 542 540 539 543 543 544 540 546 545 541 541 542 546 544 543 547 547 548 544 552 549 550 550 551 552 554 553 545 545 546 554 558 555 556 556 557 558 562 559 560 560 561 562 557 556 563 563 564 557 564 563 565 565 566 564 566 565 567 567 568 566 568 567 569 569 570 568 570 569 571 571 572 570 572 571 573 573 574 572 574 573 575 575 576 574 576 575 577 577 578 576 578 577 579 579 580 578 580 579 581 581 582 580 586 583 584 584 585 586 585 584 587 587 588 585 588 587 589 589 590 588 590 589 591 591 592 590 592 591 593 593 594 592 598 595 596 596 597 598 602 599 600 600 601 602 601 600 603 603 604 601 604 603 605 605 606 604 610 607 608 608 609 610 612 611 559 559 562 612 609 608 613 613 614 609 616 615 611 611 612 616 614 613 617 
						617 618 614 622 619 620 620 621 622 624 623 615 615 616 624 626 625 619 619 622 626 628 627 625 625 626 628 630 629 627 627 628 630 632 631 629 629 630 632 634 633 631 631 632 634 636 635 633 633 634 636 638 637 635 635 636 638 640 639 637 637 638 640 642 641 639 639 640 642 644 643 641 641 642 644 648 645 646 646 647 648 650 649 645 645 648 650 652 651 649 649 650 652 654 653 651 651 652 654 656 655 653 653 654 656 658 657 655 655 656 658 660 659 657 657 658 660 662 661 659 659 660 662 618 617 663 663 664 618 666 665 661 661 662 666 670 667 668 668 669 670 672 1 0 0 671 672 674 378 377 377 673 674 669 668 675 675 676 669 677 4 1 1 672 677 676 675 678 678 679 676 680 6 4 4 677 680 679 678 681 681 682 679 683 8 6 6 680 683 682 681 684 
						684 685 682 686 10 8 8 683 686 685 684 687 687 688 685 689 12 10 10 686 689 688 687 690 690 691 688 692 14 12 12 689 692 691 690 693 693 694 691 695 16 14 14 692 695 694 693 696 696 697 694 698 18 16 16 695 698 697 696 699 699 700 697 701 20 18 18 698 701 700 699 702 702 703 700 704 22 20 20 701 704 708 705 706 706 707 708 709 24 22 22 704 709 713 710 711 711 712 713 714 26 24 24 709 714 712 711 715 715 716 712 717 28 26 26 714 717 716 715 718 718 719 716 720 30 28 28 717 720 719 718 721 721 722 719 723 32 30 30 720 723 722 721 724 724 725 722 726 34 32 32 723 726 725 724 727 727 728 725 729 36 34 34 726 729 728 727 730 730 731 728 732 38 36 36 729 732 731 730 733 733 734 731 736 367 366 366 735 736 737 40 38 
						38 732 737 741 738 739 739 740 741 745 742 743 743 744 745 740 739 746 746 747 740 749 748 742 742 745 749 747 746 750 750 751 747 753 752 748 748 749 753 751 750 754 754 755 751 755 754 756 756 757 755 761 758 759 759 760 761 757 756 758 758 761 757 765 762 763 763 764 765 744 743 766 766 767 744 771 768 769 769 770 771 773 772 738 738 741 773 775 0 3 3 774 775 778 776 667 667 777 778 774 3 43 43 779 774 781 780 776 776 778 781 779 43 64 64 782 779 784 783 780 780 781 784 785 129 783 783 784 785 786 126 129 129 785 786 789 787 458 458 788 789 791 391 394 394 790 791 788 458 126 126 786 788 777 667 670 670 792 777 794 322 325 325 793 794 795 671 0 0 775 795 433 796 375 433 375 374 374 434 433 800 797 798 798 799 800 802 798 797 797 801 802 
						804 802 801 801 803 804 806 804 803 803 805 806 808 806 805 805 807 808 810 808 807 807 809 810 812 810 809 809 811 812 814 812 811 811 813 814 816 814 813 813 815 816 818 816 815 815 817 818 820 818 817 817 819 820 822 820 819 819 821 822 824 822 821 821 823 824 826 824 823 823 825 826 828 826 825 825 827 828 830 828 827 827 829 830 832 830 829 829 831 832 834 832 831 831 833 834 836 834 833 833 835 836 838 836 835 835 837 838 840 838 837 837 839 840 845 841 842 845 842 843 843 844 845 849 846 847 847 848 849 848 847 850 850 851 848 851 850 852 852 853 851 853 852 854 854 855 853 855 854 856 856 857 855 857 856 858 858 859 857 859 858 860 860 861 859 861 860 862 862 863 861 863 862 864 864 865 863 865 864 866 866 867 865 867 866 868 868 869 867 869 868 870 
						870 871 869 871 870 872 872 873 871 873 872 874 874 875 873 875 874 876 876 877 875 877 876 878 878 879 877 879 878 880 880 881 879 881 880 882 882 883 881 883 882 884 884 885 883 885 884 886 886 887 885 391 798 802 802 392 391 392 802 804 804 395 392 395 804 806 806 397 395 397 806 808 808 399 397 399 808 810 810 401 399 401 810 812 812 403 401 403 812 814 814 405 403 405 814 816 816 407 405 407 816 818 818 409 407 409 818 820 820 411 409 411 820 822 822 413 411 413 822 824 824 415 413 415 824 826 826 417 415 417 826 828 828 419 417 419 828 830 830 421 419 421 830 832 832 423 421 423 832 834 834 425 423 425 834 836 836 427 425 427 836 838 838 429 427 429 838 840 840 431 429 891 888 889 889 890 891 764 763 841 841 845 764 893 846 849 849 892 893 799 798 391 
						391 791 799 894 376 375 894 375 796 388 386 385 896 64 63 63 895 896 898 801 797 797 897 898 895 63 65 65 899 895 900 803 801 801 898 900 899 65 66 66 901 899 902 805 803 803 900 902 901 66 67 67 903 901 904 807 805 805 902 904 903 67 68 68 905 903 906 809 807 807 904 906 905 68 69 69 907 905 908 811 809 809 906 908 907 69 70 70 909 907 910 813 811 811 908 910 909 70 71 71 911 909 912 815 813 813 910 912 911 71 72 72 913 911 914 817 815 815 912 914 913 72 73 73 915 913 916 819 817 817 914 916 915 73 74 74 917 915 918 821 819 819 916 918 917 74 75 75 919 917 920 823 821 821 918 920 919 75 76 76 921 919 922 825 823 823 920 922 921 76 77 77 923 921 924 827 825 825 922 924 923 77 78 78 925 923 926 829 827 827 924 926 
						925 78 79 79 927 925 928 831 829 829 926 928 927 79 80 80 929 927 930 833 831 831 928 930 929 80 81 81 931 929 932 835 833 833 930 932 931 81 82 82 933 931 934 837 835 835 932 934 933 82 83 83 935 933 936 839 837 837 934 936 938 752 753 753 937 938 937 753 843 843 939 937 939 843 842 842 940 939 897 797 800 800 941 897 941 800 782 782 942 941 942 782 64 64 896 942 946 943 944 944 945 946 950 947 948 948 949 950 945 944 951 951 952 945 954 953 947 947 950 954 952 951 955 955 956 952 958 957 953 953 954 958 956 955 959 959 960 956 962 961 957 957 958 962 960 959 963 963 964 960 966 965 961 961 962 966 964 963 967 967 968 964 970 969 965 965 966 970 968 967 971 971 972 968 974 973 969 969 970 974 972 971 975 975 976 972 978 977 973 973 974 978 
						976 975 979 979 980 976 982 981 977 977 978 982 980 979 983 983 984 980 986 985 981 981 982 986 984 983 987 987 988 984 990 989 985 985 986 990 988 987 991 991 992 988 994 993 989 989 990 994 992 991 995 995 996 992 998 997 993 993 994 998 996 995 999 999 1000 996 1002 1001 997 997 998 1002 1000 999 1003 1003 1004 1000 1006 1005 1001 1001 1002 1006 1004 1003 1007 1007 1008 1004 1010 1009 1005 1005 1006 1010 1008 1007 1011 1011 1012 1008 1014 1013 1009 1009 1010 1014 1012 1011 1015 1015 1016 1012 1018 1017 1013 1013 1014 1018 1016 1015 1019 1019 1020 1016 1022 1021 1017 1017 1018 1022 1020 1019 1023 1023 1024 1020 1026 1025 1021 1021 1022 1026 1030 1027 1028 1028 1029 1030 1034 1031 1032 1032 1033 1034 1038 1035 1036 1036 1037 1038 949 948 1039 1039 1040 949 1044 1041 1042 1042 1043 1044 1046 1045 943 943 946 1046 1048 216 218 218 1047 1048 1050 283 239 239 1049 1050 
						1049 239 216 216 1048 1049 1047 218 219 219 1051 1047 1052 285 283 283 1050 1052 1051 219 220 220 1053 1051 1054 287 285 285 1052 1054 1053 220 221 221 1055 1053 1056 289 287 287 1054 1056 1055 221 222 222 1057 1055 1058 291 289 289 1056 1058 1057 222 223 223 1059 1057 1060 293 291 291 1058 1060 1059 223 224 224 1061 1059 1062 295 293 293 1060 1062 1061 224 225 225 1063 1061 1064 297 295 295 1062 1064 1063 225 226 226 1065 1063 1066 299 297 297 1064 1066 1065 226 227 227 1067 1065 1068 301 299 299 1066 1068 1070 229 228 228 1069 1070 1071 303 301 301 1068 1071 1073 231 230 230 1072 1073 1075 307 306 306 1074 1075 1072 230 232 232 1076 1072 1077 310 307 307 1075 1077 1076 232 233 233 1078 1076 1079 312 310 310 1077 1079 1078 233 234 234 1080 1078 1081 314 312 312 1079 1081 1080 234 235 235 1082 1080 1083 316 314 314 1081 1083 1082 235 236 236 1084 1082 
						1085 318 316 316 1083 1085 1084 236 237 237 1086 1084 1086 237 280 280 1087 1086 1087 280 318 318 1085 1087 1091 1088 1089 1089 1090 1091 1095 1092 1093 1093 1094 1095 1099 1096 1097 1097 1098 1099 1090 1089 1100 1100 1101 1090 1103 1102 1092 1092 1095 1103 1101 1100 1104 1104 1105 1101 1107 1106 1102 1102 1103 1107 1105 1104 1108 1108 1109 1105 1111 1110 1106 1106 1107 1111 1109 1108 1112 1112 1113 1109 1115 1114 1110 1110 1111 1115 1113 1112 1116 1116 1117 1113 1119 1118 1114 1114 1115 1119 1117 1116 1120 1120 1121 1117 1123 1122 1118 1118 1119 1123 1121 1120 1124 1124 1125 1121 1127 1126 1122 1122 1123 1127 1125 1124 1128 1128 1129 1125 1131 1130 1126 1126 1127 1131 1129 1128 1132 1132 1133 1129 1135 1134 1130 1130 1131 1135 1139 1136 1137 1137 1138 1139 1143 1140 1141 1141 1142 1143 1138 1137 1144 1144 1145 1138 1147 1146 1140 1140 1143 1147 1145 1144 1148 1148 1149 1145 1151 1150 1146 1146 1147 1151 1149 1148 1152 1152 1153 1149 
						1155 1154 1150 1150 1151 1155 1153 1152 1156 1156 1157 1153 1159 1158 1154 1154 1155 1159 1157 1156 1160 1160 1161 1157 1163 1162 1158 1158 1159 1163 1161 1160 1164 1164 1165 1161 1167 1166 1162 1162 1163 1167 1165 1164 1168 1168 1169 1165 1173 1170 1171 1171 1172 1173 1175 1174 1166 1166 1167 1175 841 840 839 839 842 841 936 940 842 842 839 936 1026 1037 1036 1036 1025 1026 888 887 886 886 889 888 1024 1023 1027 1027 1030 1024 935 83 752 752 938 935 752 83 62 62 748 752 748 62 41 41 742 748 742 41 40 40 743 742 743 40 737 737 766 743 768 365 364 364 769 768 772 734 733 733 738 772 738 733 1176 1176 739 738 739 1176 1177 1177 746 739 746 1177 1178 1178 750 746 750 1178 169 169 754 750 754 169 168 168 756 754 756 168 438 438 758 756 758 438 1179 1179 759 758 762 432 431 431 763 762 763 431 840 840 841 763 1181 741 740 740 1180 1181 
						1183 745 744 744 1182 1183 1180 740 747 747 1184 1180 1185 749 745 745 1183 1185 1184 747 751 751 1186 1184 1187 753 749 749 1185 1187 1186 751 755 755 1188 1186 1189 843 753 753 1187 1189 1191 761 760 760 1190 1191 1192 757 761 761 1191 1192 1194 765 764 764 1193 1194 1182 744 767 767 1195 1182 1197 771 770 770 1196 1197 1198 773 741 741 1181 1198 1188 755 757 757 1192 1188 1193 764 845 845 1199 1193 1200 844 843 843 1189 1200 1199 845 844 844 1200 1199 1202 775 774 774 1201 1202 1204 778 777 777 1203 1204 1201 774 779 779 1205 1201 1206 781 778 778 1204 1206 1205 779 782 782 1207 1205 1208 784 781 781 1206 1208 1207 782 800 800 1209 1207 1210 785 784 784 1208 1210 1212 799 791 791 1211 1212 1213 786 785 785 1210 1213 1215 789 788 788 1214 1215 1211 791 790 790 1216 1211 1214 788 786 786 1213 1214 1203 777 792 792 1217 1203 1219 794 793 793 1218 1219 
						1220 795 775 775 1202 1220 1209 800 799 799 1212 1209 1224 1221 1222 1222 1223 1224 1223 1222 1225 1225 1226 1223 1230 1227 1228 1228 1229 1230 1229 1228 1231 1231 1232 1229 1232 1231 1233 1233 1234 1232 1233 394 393 393 1234 1233 1234 393 396 396 1235 1234 1235 396 398 398 1236 1235 1236 398 400 400 1237 1236 1237 400 402 402 1238 1237 1238 402 404 404 1239 1238 1239 404 406 406 1240 1239 1240 406 408 408 1241 1240 1241 408 410 410 1242 1241 1242 410 412 412 1243 1242 1243 412 414 414 1244 1243 1244 414 416 416 1245 1244 1245 416 418 418 1246 1245 1246 418 420 420 1247 1246 1247 420 422 422 1248 1247 1248 422 424 424 1249 1248 1249 424 426 426 1250 1249 1250 426 428 428 1251 1250 1251 428 430 430 1252 1251 1252 430 432 432 1253 1252 461 1221 1224 1224 462 461 462 1224 1254 1254 473 462 473 1254 1255 1255 477 473 477 1255 1256 1256 481 477 481 1256 1257 1257 485 481 
						485 1257 1258 1258 489 485 489 1258 1259 1259 493 489 493 1259 1260 1260 497 493 497 1260 1261 1261 501 497 501 1261 1262 1262 505 501 505 1262 1263 1263 509 505 509 1263 1264 1264 513 509 513 1264 1265 1265 519 513 519 1265 1266 1266 523 519 523 1266 1267 1267 527 523 527 1267 1268 1268 531 527 531 1268 1269 1269 535 531 535 1269 1270 1270 539 535 539 1270 1271 1271 543 539 543 1271 1272 1272 547 543 1276 1273 1274 1274 1275 1276 1278 1277 762 762 765 1278 790 394 1233 1233 1279 790 1281 1221 461 461 1280 1281 1273 547 1272 1272 1274 1273 1277 1253 432 432 762 1277 1283 1276 1275 1275 1282 1283 1284 1278 765 765 1194 1284 1216 790 1279 1279 1285 1216 1287 1281 1280 1280 1286 1287 1294 1288 436 1294 436 435 1294 435 1289 1294 1289 1290 1294 1290 1291 1294 1291 1292 1292 1293 1294 1301 1295 1296 1301 1296 460 1301 460 459 1301 459 1297 1301 1297 1298 1301 1298 1299 1299 1300 1301 
						1302 1222 1221 1221 1281 1302 1303 1225 1222 1222 1302 1303 1305 1228 1227 1227 1304 1305 1279 1233 1231 1231 1306 1279 1306 1231 1228 1228 1305 1306 1307 1232 1234 1234 1235 1307 1308 1229 1232 1232 1307 1308 1309 1230 1229 1229 1308 1309 1254 1224 1223 1223 1310 1254 1310 1223 1226 1226 1311 1310 1312 1307 1235 1235 1236 1312 1313 1308 1307 1307 1312 1313 1314 1309 1308 1308 1313 1314 1255 1254 1310 1310 1315 1255 1315 1310 1311 1311 1316 1315 1317 1312 1236 1236 1237 1317 1318 1313 1312 1312 1317 1318 1319 1314 1313 1313 1318 1319 1256 1255 1315 1315 1320 1256 1320 1315 1316 1316 1321 1320 1322 1317 1237 1237 1238 1322 1323 1318 1317 1317 1322 1323 1324 1319 1318 1318 1323 1324 1257 1256 1320 1320 1325 1257 1325 1320 1321 1321 1326 1325 1327 1322 1238 1238 1239 1327 1328 1323 1322 1322 1327 1328 1329 1324 1323 1323 1328 1329 1258 1257 1325 1325 1330 1258 1330 1325 1326 1326 1331 1330 1332 1327 1239 1239 1240 1332 1333 1328 1327 1327 1332 1333 
						1334 1329 1328 1328 1333 1334 1259 1258 1330 1330 1335 1259 1335 1330 1331 1331 1336 1335 1337 1332 1240 1240 1241 1337 1338 1333 1332 1332 1337 1338 1339 1334 1333 1333 1338 1339 1260 1259 1335 1335 1340 1260 1340 1335 1336 1336 1341 1340 1342 1337 1241 1241 1242 1342 1343 1338 1337 1337 1342 1343 1344 1339 1338 1338 1343 1344 1261 1260 1340 1340 1345 1261 1345 1340 1341 1341 1346 1345 1347 1342 1242 1242 1243 1347 1348 1343 1342 1342 1347 1348 1349 1344 1343 1343 1348 1349 1262 1261 1345 1345 1350 1262 1350 1345 1346 1346 1351 1350 1352 1347 1243 1243 1244 1352 1353 1348 1347 1347 1352 1353 1354 1349 1348 1348 1353 1354 1263 1262 1350 1350 1355 1263 1355 1350 1351 1351 1356 1355 1357 1352 1244 1244 1245 1357 1358 1353 1352 1352 1357 1358 1359 1354 1353 1353 1358 1359 1264 1263 1355 1355 1360 1264 1360 1355 1356 1356 1361 1360 1362 1357 1245 1245 1246 1362 1363 1358 1357 1357 1362 1363 1364 1359 1358 1358 1363 1364 1265 1264 1360 1360 1365 1265 
						1365 1360 1361 1361 1366 1365 1367 1362 1246 1246 1247 1367 1368 1363 1362 1362 1367 1368 1369 1364 1363 1363 1368 1369 1266 1265 1365 1365 1370 1266 1370 1365 1366 1366 1371 1370 1372 1367 1247 1247 1248 1372 1373 1368 1367 1367 1372 1373 1374 1369 1368 1368 1373 1374 1267 1266 1370 1370 1375 1267 1375 1370 1371 1371 1376 1375 1377 1372 1248 1248 1249 1377 1378 1373 1372 1372 1377 1378 1379 1374 1373 1373 1378 1379 1268 1267 1375 1375 1380 1268 1380 1375 1376 1376 1381 1380 1382 1377 1249 1249 1250 1382 1383 1378 1377 1377 1382 1383 1384 1379 1378 1378 1383 1384 1269 1268 1380 1380 1385 1269 1385 1380 1381 1381 1386 1385 1387 1382 1250 1250 1251 1387 1388 1383 1382 1382 1387 1388 1389 1384 1383 1383 1388 1389 1270 1269 1385 1385 1390 1270 1390 1385 1386 1386 1391 1390 1392 1387 1251 1251 1252 1392 1393 1388 1387 1387 1392 1393 1394 1389 1388 1388 1393 1394 1271 1270 1390 1390 1395 1271 1395 1390 1391 1391 1396 1395 1397 1392 1252 1252 1253 1397 
						1398 1393 1392 1392 1397 1398 1399 1394 1393 1393 1398 1399 1272 1271 1395 1395 1400 1272 1400 1395 1396 1396 1401 1400 1402 1397 1253 1253 1277 1402 1403 1398 1397 1397 1402 1403 1406 1401 1404 1404 1405 1406 1274 1272 1400 1400 1407 1274 1407 1400 1401 1401 1406 1407 1408 1402 1277 1277 1278 1408 1409 1403 1402 1402 1408 1409 1411 1406 1405 1405 1410 1411 1275 1274 1407 1407 1412 1275 1412 1407 1406 1406 1411 1412 1413 1302 1281 1281 1287 1413 1414 1303 1302 1302 1413 1414 1416 1305 1304 1304 1415 1416 1285 1279 1306 1306 1417 1285 1417 1306 1305 1305 1416 1417 1418 1408 1278 1278 1284 1418 1419 1409 1408 1408 1418 1419 1421 1411 1410 1410 1420 1421 1282 1275 1412 1412 1422 1282 1422 1412 1411 1411 1421 1422 
					</p>
				</polylist>
			</mesh>
		</geometry>
	</library_geometries>
	<library_visual_scenes>
		<visual_scene id="RootNode" name="RootNode">
			<node id="Counter_Top" name="Counter_Top">
				<matrix>1.000000 0.000000 0.000000 0.000000 0.000000 1.000000 0.000000 0.000000 0.000000 0.000000 1.000000 0.000000 0.000000 0.000000 0.000000 1.000000</matrix>
				<instance_geometry url="#meshId0">
					<bind_material>
						<technique_common>
							<instance_material symbol="defaultMaterial" target="#lambert1" />
						</technique_common>
					</bind_material>
				</instance_geometry>
			</node>
		</visual_scene>
	</library_visual_scenes>
	<scene>
		<instance_visual_scene url="#RootNode" />
	</scene>
</COLLADA>
